dataset,block,window_id,start_month,end_month,phase,treatment,max_partition_mib,listed_file_bytes,elapsed_ms,decoded_bytes,decoded_rows,max_batch_bytes,max_batch_rows,output_batches,planned_scan_tasks,gpu_scan_in_plan,result_sha256,plan_sha256,enabled_reason,history_count,predicted_decoded_bytes,predicted_decoded_rows,estimated_decoded_bytes_per_listed_byte,estimated_decoded_rows_per_listed_byte
yellow,0,yellow-2009-01,2009-01,2009-12,warmup,enabled,128,5717475607,4277.8368,4165592808,170896055,4165592808,170896055,12,46,True,35c3e33533d4e78a714f0c396444cccf6e7860f3cda8b40765e922465262d55c,ff93d978c7920db493ddf47556aeada4855e36696552e356d37ae048cc3525ec,cold-start-fallback,0,,,,
yellow,0,yellow-2009-01,2009-01,2009-12,warmup,fixed-128,128,5717475607,2399.638961,4165592808,170896055,4165592808,170896055,12,46,True,35c3e33533d4e78a714f0c396444cccf6e7860f3cda8b40765e922465262d55c,daf2d5fc4d7fbefed2c61c2d5ebc5d27742a711accbc1eb2c2a5e08ba6a15e10,,,,,,
yellow,0,yellow-2009-01,2009-01,2009-12,warmup,fixed-1024,1024,5717475607,1252.073628,4165591848,170896055,4165591848,170896055,6,6,True,35c3e33533d4e78a714f0c396444cccf6e7860f3cda8b40765e922465262d55c,1309e0d7dd95a96ef0b18bddacc73b741424531a25202a7ea32108214c86243c,,,,,,
yellow,0,yellow-2009-01,2009-01,2009-12,measured,enabled,128,5717475607,2448.420373,4165592808,170896055,4165592808,170896055,12,46,True,35c3e33533d4e78a714f0c396444cccf6e7860f3cda8b40765e922465262d55c,2e6c4c7eba93d096e50a1dfc1832b90debd3fd6cfe6309dfc6b8e3d4f0b83175,cold-start-fallback,0,,,,
yellow,0,yellow-2009-01,2009-01,2009-12,measured,fixed-128,128,5717475607,2216.926165,4165592808,170896055,4165592808,170896055,12,46,True,35c3e33533d4e78a714f0c396444cccf6e7860f3cda8b40765e922465262d55c,9f8455018cb763e36fd44a9e2bd34d984100a7d87b9d0f34273ba60b635a827e,,,,,,
yellow,0,yellow-2009-01,2009-01,2009-12,measured,fixed-1024,1024,5717475607,1082.148334,4165591848,170896055,4165591848,170896055,6,6,True,35c3e33533d4e78a714f0c396444cccf6e7860f3cda8b40765e922465262d55c,eb9e487f06e76693f0ea6d4d6b98744258efdb071d074fa230a737dde1b5176c,,,,,,
yellow,1,yellow-2009-02,2009-02,2010-01,measured,fixed-128,128,5763118565,2426.535728,4184394720,171667420,4184394720,171667420,12,46,True,f05b37757ae8587e8b6a9c086b173d9f85de080da6d7709bf0a32325ea16db04,6735b93353bea7437050194bdb76461a2fc0c768cc3470793abee07119e69952,,,,,,
yellow,1,yellow-2009-02,2009-02,2010-01,measured,fixed-1024,1024,5763118565,1385.471572,4184393952,171667420,3822089328,156803642,7,6,True,f05b37757ae8587e8b6a9c086b173d9f85de080da6d7709bf0a32325ea16db04,7a9d82093ed8518b59b96ce46b95b3d6c1a55a0119ab5029dd841497477e14d1,,,,,,
yellow,1,yellow-2009-02,2009-02,2010-01,measured,enabled,1024,5763118565,1385.774228,4184393952,171667420,3822089328,156803642,7,6,True,f05b37757ae8587e8b6a9c086b173d9f85de080da6d7709bf0a32325ea16db04,927c52f46482b19869bdfb2e7b619ba355f92aa1b7478e1d34b7d7ed2d2865b7,prior-enabled-data-shape,1,4198846991,172260329,0.7285720297433357,0.02989012402445043
yellow,2,yellow-2009-03,2009-03,2010-02,measured,enabled,1024,5678404137,1339.138047,4129922952,169432707,3495948864,143423520,8,6,True,4400903f4a3cff730fd8b5231d874dadbd3d9879a0645204c6bcb360382a9205,494589a29401e024c21c2bcfff3ebbc4a2439d38c431c73b0b066d2b6d9be16f,prior-enabled-data-shape,2,4122885840,169144011,0.7260641794552426,0.02978724419146147
yellow,2,yellow-2009-03,2009-03,2010-02,measured,fixed-1024,1024,5678404137,1264.168717,4129922952,169432707,3495948864,143423520,8,6,True,4400903f4a3cff730fd8b5231d874dadbd3d9879a0645204c6bcb360382a9205,531edb0e387d2be44c3b4e6ba8f70feafcbcb51b2a17db9792563fa8061bd230,,,,,,
yellow,2,yellow-2009-03,2009-03,2010-02,measured,fixed-128,128,5678404137,2413.039788,4129923528,169432707,4129923528,169432707,12,46,True,4400903f4a3cff730fd8b5231d874dadbd3d9879a0645204c6bcb360382a9205,592dbfcc4d94574861dd63f936cc7e89dc7f312d5a97be9ea304dcae76d812c3,,,,,,
yellow,3,yellow-2009-04,2009-04,2010-03,measured,enabled,1024,5604528002,1408.822328,4093287024,167929698,3730982400,153065920,7,6,True,3873bd785b13883a18af030bb65aefe44d4282d5bc1e089a3e8fc353241b4d70,31872884d27a1254050e30016a6c236adfec14fbe3c688abe5397fa05509fe59,prior-enabled-data-shape,3,4076192584,167228385,0.727303455752607,0.029838085298647704
yellow,3,yellow-2009-04,2009-04,2010-03,measured,fixed-128,128,5604528002,2361.588161,4093287600,167929698,4093287600,167929698,12,45,True,3873bd785b13883a18af030bb65aefe44d4282d5bc1e089a3e8fc353241b4d70,8f8daef4706e864a600d0188d9ecdc6247fb85f81767af80a016122694234dee,,,,,,
yellow,3,yellow-2009-04,2009-04,2010-03,measured,fixed-1024,1024,5604528002,1383.276056,4093287024,167929698,3730982400,153065920,7,6,True,3873bd785b13883a18af030bb65aefe44d4282d5bc1e089a3e8fc353241b4d70,b4235dcebb818429c81ef3f1c89ef7fc43e48518e73a5d74df0823b9532814c7,,,,,,
yellow,4,yellow-2009-05,2009-05,2010-04,measured,enabled,1024,5654697509,1491.13872,4114010904,168779905,3384191280,138838602,8,6,True,8227385972d309698f1d229fb7d2c6ebc3381f93443910281b0dee006c735ef4,2547722ffae63170b8e97aedb2751acf56d0cba7c1faf7c8a2f3d1baee87c049,prior-enabled-data-shape,4,4119854442,169019610,0.7285720297433357,0.02989012402445043
yellow,4,yellow-2009-05,2009-05,2010-04,measured,fixed-1024,1024,5654697509,1567.587205,4114010904,168779905,3384191280,138838602,8,6,True,8227385972d309698f1d229fb7d2c6ebc3381f93443910281b0dee006c735ef4,1bc1279e8ecbef6a7788fc10f90db3e01160904b82574c355d2595daac4fb4c7,,,,,,
yellow,4,yellow-2009-05,2009-05,2010-04,measured,fixed-128,128,5654697509,2538.791422,4114011480,168779905,4114011480,168779905,12,45,True,8227385972d309698f1d229fb7d2c6ebc3381f93443910281b0dee006c735ef4,cf67332b24733ee9cffebcb126e906fc789f48788773806aa0ac03caadde466d,,,,,,
yellow,5,yellow-2009-06,2009-06,2010-05,measured,fixed-128,128,5701164466,2407.255765,4130709288,169464943,4130709288,169464943,12,45,True,a659903ea7ad829da6f77a6488e6ab3c54efb107862cb32ee8e12379a91c231e,33a45234ec3cfd7ce74a530588788e2a78e4418d6ae86a193caad303b0afdcc5,,,,,,
yellow,5,yellow-2009-06,2009-06,2010-05,measured,fixed-1024,1024,5701164466,1726.252854,4130709096,169464943,3092022792,126852187,10,7,True,a659903ea7ad829da6f77a6488e6ab3c54efb107862cb32ee8e12379a91c231e,4739cd865ee4c045eca4e9e39c02089a02b8ab029e7304bde64c5416a5c08f81,,,,,,
yellow,5,yellow-2009-06,2009-06,2010-05,measured,enabled,1024,5701164466,1710.585421,4130709096,169464943,3092022792,126852187,10,7,True,a659903ea7ad829da6f77a6488e6ab3c54efb107862cb32ee8e12379a91c231e,1f4c3b7508057e750e905eb6c45975dd0426067558fac0ed2734fc943a92e33c,prior-enabled-data-shape,5,4147817410,170166838,0.7275386344631437,0.029847733628787464
yellow,6,yellow-2009-07,2009-07,2010-06,measured,fixed-128,128,5745096248,2398.360663,4146330768,170105822,4146330768,170105822,12,45,True,d52a88e97825313619c474c36727d3bd49bc9164412c3e9a34f2fa96f273d526,203b4e69ad67c6ab3ec8130e9d6bae97b8a008682323086c51ae8f7968d99af3,,,,,,
yellow,6,yellow-2009-07,2009-07,2010-06,measured,enabled,1024,5745096248,1707.663687,4146330384,170105822,3463114704,142076470,9,7,True,d52a88e97825313619c474c36727d3bd49bc9164412c3e9a34f2fa96f273d526,0759a853ed95f6572264925189220b5604767f56910f38bfa1d1e9503bf2aae3,prior-enabled-data-shape,6,4178428355,171422672,0.727303455752607,0.029838085298647704
yellow,6,yellow-2009-07,2009-07,2010-06,measured,fixed-1024,1024,5745096248,1651.878482,4146330384,170105822,3463114704,142076470,9,7,True,d52a88e97825313619c474c36727d3bd49bc9164412c3e9a34f2fa96f273d526,798b4920ca79ebe102e8422a49ce872f33c6dcbf2f7fea6156416a3db799f816,,,,,,
yellow,7,yellow-2009-08,2009-08,2010-07,measured,fixed-128,128,5801478698,2329.052551,4171447248,171136238,4171447248,171136238,12,46,True,24cf5bc47739dd765e8fda29d03c1ff8277f20aec38848f15adbdd7b6b960f16,19e8a5c6a1e4058e67500aba6ca5bd1220e34288f4d7b0d4b2951c3411c15b3f,,,,,,
yellow,7,yellow-2009-08,2009-08,2010-07,measured,enabled,1024,5801478698,1830.000193,4171447056,171136238,3132760752,128523482,10,7,True,24cf5bc47739dd765e8fda29d03c1ff8277f20aec38848f15adbdd7b6b960f16,4ca8083f844802d082c55f9392d41ca1fc3882080ea19f602c25f96ad6107c87,prior-enabled-data-shape,7,4212245870,172810063,0.7260641794552426,0.02978724419146147
yellow,7,yellow-2009-08,2009-08,2010-07,measured,fixed-1024,1024,5801478698,1640.460123,4171447056,171136238,3132760752,128523482,10,7,True,24cf5bc47739dd765e8fda29d03c1ff8277f20aec38848f15adbdd7b6b960f16,ba96579daea4d7e2ae75367b96dbcc438a66f101d8513b96e18ea865973d6ebe,,,,,,
yellow,8,yellow-2009-09,2009-09,2010-08,measured,enabled,1024,5740349264,1675.335955,4143212328,169977895,3418582392,140249501,9,7,True,bd45acb6616231e5c461e4ccdcca99f9f4106a9f26a0690a89bf4c2a22e67421,ee5586fffe49daaf63d63dd384b9156c4f5fd861397c157889fdebf008d37320,prior-enabled-data-shape,8,4159099963,170629696,0.7245377888384531,0.02972461924412759
yellow,8,yellow-2009-09,2009-09,2010-08,measured,fixed-128,128,5740349264,2383.523491,4143212712,169977895,4143212712,169977895,12,45,True,bd45acb6616231e5c461e4ccdcca99f9f4106a9f26a0690a89bf4c2a22e67421,f6b29efd4edad92cad92caee8ee23ae76aec2d3719fc4a47b57cc31dc9fa6118,,,,,,
yellow,8,yellow-2009-09,2009-09,2010-08,measured,fixed-1024,1024,5740349264,1623.742586,4143212328,169977895,3418582392,140249501,9,7,True,bd45acb6616231e5c461e4ccdcca99f9f4106a9f26a0690a89bf4c2a22e67421,871675b66099e8d5fb829007124e0adbee06cc4d840250c80899d3b371fcf3a3,,,,,,
yellow,9,yellow-2009-10,2009-10,2010-09,measured,enabled,1024,5780200475,1535.442901,4181122968,171533217,3811963656,156388227,8,7,True,3054d98d20f4b303ffb7a8080a7d02f87b8b6f725877d68430b2ae0560174bfa,5110fb3bfc592304c0e359e9358d63b114d1530291be6f136e53d6736484fe1a,prior-enabled-data-shape,9,4171975740,171157932,0.7217700766020846,0.029611071937033273
yellow,9,yellow-2009-10,2009-10,2010-09,measured,fixed-128,128,5780200475,2286.971788,4181123544,171533217,4181123544,171533217,12,45,True,3054d98d20f4b303ffb7a8080a7d02f87b8b6f725877d68430b2ae0560174bfa,cb85b32db12ef987ae6526dcb89fe0d860756383251238bdfe4987b0c9a14bf4,,,,,,
yellow,9,yellow-2009-10,2009-10,2010-09,measured,fixed-1024,1024,5780200475,1525.274135,4181122968,171533217,3811963656,156388227,8,7,True,3054d98d20f4b303ffb7a8080a7d02f87b8b6f725877d68430b2ae0560174bfa,b6c18326fc30045e88b2fbfd209e369ac3e79da677b6d497415d55a9c255766e,,,,,,
yellow,10,yellow-2009-11,2009-11,2010-10,measured,enabled,1024,5727302611,1740.8134,4146877464,170128273,3445291344,141345262,9,7,True,72a8dd5be4f9d54473b778382aff426bde45ef3fdeee34221f2e17485bbce5de,7f345c525a9193b34df42c3c6d27fc48fdc062efa4bd3d1575b18260efe137db,prior-enabled-data-shape,10,4142859161,169963420,0.7233525871782155,0.029675997872720843
yellow,10,yellow-2009-11,2009-11,2010-10,measured,fixed-1024,1024,5727302611,1723.34337,4146877464,170128273,3445291344,141345262,9,7,True,72a8dd5be4f9d54473b778382aff426bde45ef3fdeee34221f2e17485bbce5de,78db9ac5a5ff5c2b5955322b15886775b93823f320fbb2c54df796ee4b8fd842,,,,,,
yellow,10,yellow-2009-11,2009-11,2010-10,measured,fixed-128,128,5727302611,2415.989982,4146878040,170128273,4146878040,170128273,12,45,True,72a8dd5be4f9d54473b778382aff426bde45ef3fdeee34221f2e17485bbce5de,078783b5ba7059e18c494730a4579a9b974f15a3bc86474475f256080b15ebe4,,,,,,
yellow,11,yellow-2009-12,2009-12,2010-11,measured,fixed-1024,1024,5697399091,1529.312176,4138028640,169765244,3782558016,155181840,8,7,True,aae68fc0e9201b84446884022570845e1816a1b581528566049b22c43e3318b6,9e209f5e93c2ddd5ec446412f59cca649159f8ff5525177a570d9e8428b42b65,,,,,,
yellow,11,yellow-2009-12,2009-12,2010-11,measured,enabled,1024,5697399091,1440.739432,4138028640,169765244,3782558016,155181840,8,7,True,aae68fc0e9201b84446884022570845e1816a1b581528566049b22c43e3318b6,47f5fd55db165df1a92fc473d7bd1021539a1fe609a42294d43463f1c6c477a9,prior-enabled-data-shape,11,4121228373,169076003,0.7233525871782155,0.029675997872720843
yellow,11,yellow-2009-12,2009-12,2010-11,measured,fixed-128,128,5697399091,2389.11403,4138029216,169765244,4138029216,169765244,12,45,True,aae68fc0e9201b84446884022570845e1816a1b581528566049b22c43e3318b6,da8e0c8a4705ab65b841cba8e7c6674c1d5db67aa05852302b3c52cac730ae42,,,,,,
yellow,12,yellow-2010-01,2010-01,2010-12,measured,fixed-128,128,5654518933,2212.283104,4119404592,169001162,4119404592,169001162,12,44,True,c2443bf902f5a4f86b1bc62129448bafb865dd10c134f7a9ac8e32621ee1f9f3,d489cd317e87ed0ab433525b9accc4e1a93dface60c1e9272efd94057f06e1ee,,,,,,
yellow,12,yellow-2010-01,2010-01,2010-12,measured,enabled,1024,5654518933,1500.118712,4119404016,169001162,4119404016,169001162,7,7,True,c2443bf902f5a4f86b1bc62129448bafb865dd10c134f7a9ac8e32621ee1f9f3,c7756371f24ccd97017d3f9c024b4b6d9aa4e5f73e9222f4e857a17d8b5a6d8a,prior-enabled-data-shape,12,4094178137,167966250,0.7240541919393964,0.02970478156213492
yellow,12,yellow-2010-01,2010-01,2010-12,measured,fixed-1024,1024,5654518933,1464.022858,4119404016,169001162,4119404016,169001162,7,7,True,c2443bf902f5a4f86b1bc62129448bafb865dd10c134f7a9ac8e32621ee1f9f3,6ecf170aaadf1bc759aadb67e4cd4747b69bd3caa0f701c4799ed96d6cd4841b,,,,,,
yellow,13,yellow-2010-02,2010-02,2011-01,measured,enabled,1024,5306295810,1342.124466,4085308728,167602381,4085308728,167602381,6,6,True,0deb119b0d67fb4f6091647a6b71cd5f78bfa55ddb28a3096fdb25eee80f3de8,110904259775706718148da65746836ea2e900763441e577d0df51d09d8cfbd1,prior-enabled-data-shape,13,3844611833,157727623,0.7245377888384531,0.02972461924412759
yellow,13,yellow-2010-02,2010-02,2011-01,measured,fixed-1024,1024,5306295810,1301.379606,4085308728,167602381,4085308728,167602381,6,6,True,0deb119b0d67fb4f6091647a6b71cd5f78bfa55ddb28a3096fdb25eee80f3de8,e9cc4292e1efbc8b2db1a71c15296174a4feee5b28ea6891be36615f9714dfad,,,,,,
yellow,13,yellow-2010-02,2010-02,2011-01,measured,fixed-128,128,5306295810,2342.081189,4085309304,167602381,4085309304,167602381,12,41,True,0deb119b0d67fb4f6091647a6b71cd5f78bfa55ddb28a3096fdb25eee80f3de8,cd7e5af4ec247fcc0cb992120797ad4af97e0274b350fd5f66ad706dbdd527fd,,,,,,
yellow,14,yellow-2010-03,2010-03,2011-02,measured,fixed-1024,1024,5123556984,1113.138201,4159832760,170659781,4159832760,170659781,6,6,True,1588f9ceb5ee0c21b4fbb00efb00df0bb1fb6019889d260232b957e2955001ef,30c0897ab5fde55d86c2ceb329fb8c9e981e28335f36c4eb294397525ee91cfd,,,,,,
yellow,14,yellow-2010-03,2010-03,2011-02,measured,enabled,1024,5123556984,1336.395948,4159832760,170659781,4159832760,170659781,6,6,True,1588f9ceb5ee0c21b4fbb00efb00df0bb1fb6019889d260232b957e2955001ef,a56fc15b79325627a499355886307e11aeefe7784a4a6b4a00b04b604fc0f748,prior-enabled-data-shape,14,3721246344,152666487,0.7263013480197854,0.029796972493672202
yellow,14,yellow-2010-03,2010-03,2011-02,measured,fixed-128,128,5123556984,2278.282702,4159833336,170659781,4159833336,170659781,12,40,True,1588f9ceb5ee0c21b4fbb00efb00df0bb1fb6019889d260232b957e2955001ef,d085231d992162141002e4743c058ac4c0eda41b62e77c9068386b89cd0d5ac9,,,,,,
yellow,15,yellow-2010-04,2010-04,2011-03,measured,enabled,1024,4914773762,1231.253883,4237393776,173841770,4237393776,173841770,6,6,True,94e2fc5a07fe215f3d9659ec2a4b0005d5a4b8391af556ce1f47c2c4d140583b,891a6bf4c039f2f9f84f3c5d9416ad71bcabfb2ce4e5dc7e2c8e4e31a1dd8e79,prior-enabled-data-shape,15,3580488281,146891802,0.7285153812040477,0.029887805488403692
yellow,15,yellow-2010-04,2010-04,2011-03,measured,fixed-128,128,4914773762,2190.23453,4237394352,173841770,4237394352,173841770,12,39,True,94e2fc5a07fe215f3d9659ec2a4b0005d5a4b8391af556ce1f47c2c4d140583b,43522a0375f13204a9cc82e23054202ae69eddb321bac49113b05a8372001bff,,,,,,
yellow,15,yellow-2010-04,2010-04,2011-03,measured,fixed-1024,1024,4914773762,1216.649276,4237393776,173841770,4237393776,173841770,6,6,True,94e2fc5a07fe215f3d9659ec2a4b0005d5a4b8391af556ce1f47c2c4d140583b,3f4a1e8412707d8acfd513bad27ccd5592c1b1cc23a6fcbb2c9ed02a650b56f7,,,,,,
yellow,16,yellow-2010-05,2010-05,2011-04,measured,enabled,1024,4570665026,1241.04793,4227009432,173415753,4227009432,173415753,5,5,True,5f74d9d2a9e7fa96774181cab55243b86f8624ce6da3eedba4e3fb1f8ab32c13,69c6bb3678dede0aa6aa3d3574b57ac952379812f8c18a37eb25bb2573aab3ab,prior-enabled-data-shape,16,3518947754,144367063,0.769898413937085,0.031585570612958344
yellow,16,yellow-2010-05,2010-05,2011-04,measured,fixed-1024,1024,4570665026,1259.73595,4227009432,173415753,4227009432,173415753,5,5,True,5f74d9d2a9e7fa96774181cab55243b86f8624ce6da3eedba4e3fb1f8ab32c13,1c03e44f2834c6f8896ba5bd9bc801e92f63d292ef2bd3c33642d2b4ff77987a,,,,,,
yellow,16,yellow-2010-05,2010-05,2011-04,measured,fixed-128,128,4570665026,2204.396568,4227010008,173415753,4227010008,173415753,12,36,True,5f74d9d2a9e7fa96774181cab55243b86f8624ce6da3eedba4e3fb1f8ab32c13,ea0b9cd2ed01b8ab5999468b760fef39f47b6cf5275babf2939344472ee9ed53,,,,,,
yellow,17,yellow-2010-06,2010-06,2011-05,measured,enabled,1024,4222309094,1218.990878,4228801488,173489270,3862655736,158467909,6,5,True,9e09073f6ac1324d698b380672eca3f0599137da66ffb4db6a26da20a1ef7d66,a5b4a9bd40ffd9f0b982bf0e6374efd6fcc0fbda003076caf36761fbc72e3860,prior-enabled-data-shape,17,3428106635,140640252,0.8119032876945553,0.03330884803915357
yellow,17,yellow-2010-06,2010-06,2011-05,measured,fixed-1024,1024,4222309094,1274.178371,4228801488,173489270,3862655736,158467909,6,5,True,9e09073f6ac1324d698b380672eca3f0599137da66ffb4db6a26da20a1ef7d66,a536f541b18c434a2947daae374dcb5b1bec50b04ff777ae7672a0da0acb12d7,,,,,,
yellow,17,yellow-2010-06,2010-06,2011-05,measured,fixed-128,128,4222309094,2178.758466,4228801872,173489270,4228801872,173489270,12,33,True,9e09073f6ac1324d698b380672eca3f0599137da66ffb4db6a26da20a1ef7d66,92157c1f1f8a2e568cb3f33736b18f52800d053d48edcd23656073e433166093,,,,,,
yellow,18,yellow-2010-07,2010-07,2011-06,measured,fixed-1024,1024,3893909387,1133.628458,4235449224,173762003,3520761024,144441464,5,4,True,04ba7c0d7c5017927fce2c8587713aad13cd4d6cb3ed41270851bd33bfd94341,ddf19dfa9b3b524998f1c579462f84257567dccccb33b0678bbd9e9f71b0a4d5,,,,,,
yellow,18,yellow-2010-07,2010-07,2011-06,measured,fixed-128,128,3893909387,2104.010362,4235449800,173762003,4235449800,173762003,12,31,True,04ba7c0d7c5017927fce2c8587713aad13cd4d6cb3ed41270851bd33bfd94341,88aa16b43a7b4942ddefe60194606bc97a407fb150e7295edc73d5e12ae95720,,,,,,
yellow,18,yellow-2010-07,2010-07,2011-06,measured,enabled,1024,3893909387,1035.52999,4235449224,173762003,3520761024,144441464,5,4,True,04ba7c0d7c5017927fce2c8587713aad13cd4d6cb3ed41270851bd33bfd94341,d2e61afa047e2fc4a459fe9fd18c646927bc9410f24afeb26d267a80ff4e8720,prior-enabled-data-shape,18,3357230302,137732505,0.8621747370677852,0.03537126598666822
yellow,19,yellow-2010-08,2010-08,2011-07,measured,fixed-128,128,3566945819,2030.187532,4237547064,173848045,4237547064,173848045,12,28,True,d38ed94013bc4b03776c2b8a1b89034cbd105bdab164b15183f9d47eeb0803b5,e252fa2860bc50a0e31ed387fe7ceaede713507b3b86af1fae219180ed160d0d,,,,,,
yellow,19,yellow-2010-08,2010-08,2011-07,measured,fixed-1024,1024,3566945819,991.606754,4237546488,173848045,3533956008,144982799,6,4,True,d38ed94013bc4b03776c2b8a1b89034cbd105bdab164b15183f9d47eeb0803b5,047254a61b363e4b66ecf95f1142fd5fe9aa9652de6bd646dbabcb0ec82f2cb9,,,,,,
yellow,19,yellow-2010-08,2010-08,2011-07,measured,enabled,1024,3566945819,976.685648,4237546488,173848045,3533956008,144982799,6,4,True,d38ed94013bc4b03776c2b8a1b89034cbd105bdab164b15183f9d47eeb0803b5,de164cb1537febfa59981c83c4387d2cb44a1fa0e1c556014416ae06b2ab0a17,prior-enabled-data-shape,19,3298757081,135333609,0.924812780624891,0.037941033091143876
yellow,20,yellow-2010-09,2010-09,2011-08,measured,enabled,1024,3336018379,1089.281939,4255444344,174582309,3465309552,142166530,5,4,True,2d924959175d9f84581a108e9e360506f73fcf35adc7fea2720a5180556a6834,a7e81621019e5a9e53373ad4e90e93def989794bc92fc5df59697618aac2efcb,prior-enabled-data-shape,20,3341147976,137072720,1.0015376406263639,0.041088718551309356
yellow,20,yellow-2010-09,2010-09,2011-08,measured,fixed-1024,1024,3336018379,1043.889477,4255444344,174582309,3465309552,142166530,5,4,True,2d924959175d9f84581a108e9e360506f73fcf35adc7fea2720a5180556a6834,312497108d248575ff42a0c683594419bf21c28faa123fc5c7f46aa29b713568,,,,,,
yellow,20,yellow-2010-09,2010-09,2011-08,measured,fixed-128,128,3336018379,2109.954211,4255444728,174582309,4255444728,174582309,12,27,True,2d924959175d9f84581a108e9e360506f73fcf35adc7fea2720a5180556a6834,2b8ea7d6265ac355def4bf2ef4a987fca67364274b53e6bf24e32e65009b1481,,,,,,
yellow,21,yellow-2010-10,2010-10,2011-09,measured,fixed-128,128,3011313641,2035.32532,4233179136,173668848,4233179136,173668848,12,24,True,be9fcc469605ddd74406b263f40362349ae202acd30ce8182e36c590a28c9329,38c63bcefb0c6936c2493733a2d55d04a61f6fcf5f61f30caaf1f51cecc14c11,,,,,,
yellow,21,yellow-2010-10,2010-10,2011-09,measured,fixed-1024,1024,3011313641,1055.994982,4233178944,173668848,3143260920,128954269,6,4,True,be9fcc469605ddd74406b263f40362349ae202acd30ce8182e36c590a28c9329,9c74477c9f583ccd28e981151628af2899a3df8f1a917d05964c7e3968fbb1eb,,,,,,
yellow,21,yellow-2010-10,2010-10,2011-09,measured,enabled,944,3011313641,1120.720812,4233178944,173668848,3477110544,142650662,6,4,True,be9fcc469605ddd74406b263f40362349ae202acd30ce8182e36c590a28c9329,68f856f96a63b886c539ba846fedd005d12cf1866cd619d8e79bf5af3ba03bd2,prior-enabled-data-shape,21,3275439862,134377007,1.087711295527381,0.044624048926282835
yellow,22,yellow-2010-11,2010-11,2011-10,measured,fixed-128,128,2732955406,1907.037283,4269697656,175167045,4269697656,175167045,12,22,True,c8207358607e8dfaf01d87033555688ceb4b15e320ebed88d470b0751c3e906b,074c4700e5a461dc1622df799fb9774aa6a04573a6576b71ba41e4824a75530b,,,,,,
yellow,22,yellow-2010-11,2010-11,2011-10,measured,fixed-1024,1024,2732955406,1064.542397,4269697272,175167045,2808281112,115211521,5,3,True,c8207358607e8dfaf01d87033555688ceb4b15e320ebed88d470b0751c3e906b,931d4f61177d6b1b974b582b10fb266abdb946d9f134ce4b1a294c3578655e11,,,,,,
yellow,22,yellow-2010-11,2010-11,2011-10,measured,enabled,864,2732955406,1243.224506,4269697464,175167045,3461413416,142006679,6,4,True,c8207358607e8dfaf01d87033555688ceb4b15e320ebed88d470b0751c3e906b,dbb53a58c94b7f43649224a266daae005f37a9b55dffed25ea8fa01f33a1e6e4,prior-enabled-data-shape,22,3246762404,133200497,1.188004164635168,0.04873862789671939
yellow,23,yellow-2010-12,2010-12,2011-11,measured,fixed-128,128,2466417220,1874.411803,4284652944,175780598,4284652944,175780598,12,20,True,b8010f02fc309bca41251f00ef9b223772850f81250fe6da14bbd8c941100e9a,5b9a7d6967854e962f390496d84536dc9ca7a77767c57fdfda69c7b8fd507b4f,,,,,,
yellow,23,yellow-2010-12,2010-12,2011-11,measured,fixed-1024,1024,2466417220,960.869106,4284652560,175780598,3136952496,128695474,5,3,True,b8010f02fc309bca41251f00ef9b223772850f81250fe6da14bbd8c941100e9a,ca8052c275016d4ac02b80439e4b12365510f4b293d93e9edd8ae17f509e0535,,,,,,
yellow,23,yellow-2010-12,2010-12,2011-11,measured,enabled,800,2466417220,995.55878,4284652752,175780598,3514563336,144187195,6,4,True,b8010f02fc309bca41251f00ef9b223772850f81250fe6da14bbd8c941100e9a,a857af8cd09ec0d602026e61715ca93f87f84bfcd59f1f74f197848d611775d8,prior-enabled-data-shape,23,3146176075,129073873,1.2756057852641705,0.05233253812358568
yellow,24,yellow-2011-01,2011-01,2011-12,measured,fixed-128,128,2208221223,1959.66079,4311627912,176887259,4311627912,176887259,12,18,True,05c1312f3dfc759fc144d1c8ae7104541583b82206c91dfcb3d351cf4e5233ea,31cd6540d593b646c88ac83b8390019c4e168d36ac24f15be22e2d1d3fdd74da,,,,,,
yellow,24,yellow-2011-01,2011-01,2011-12,measured,fixed-1024,1024,2208221223,970.247342,4311627528,176887259,2785454760,114275047,5,3,True,05c1312f3dfc759fc144d1c8ae7104541583b82206c91dfcb3d351cf4e5233ea,a665bb53a01aae1f14b27cdd1d655fe651100416c9b4e6b4d57c3686397dec3c,,,,,,
yellow,24,yellow-2011-01,2011-01,2011-12,measured,enabled,736,2208221223,1111.640303,4311627720,176887259,3530935008,144858852,7,4,True,05c1312f3dfc759fc144d1c8ae7104541583b82206c91dfcb3d351cf4e5233ea,99e5a31751cecdc2524f4d8b5f3cb9e1770aae833cf1bb30d9f2392e5448fd30,prior-enabled-data-shape,24,3104225165,127352804,1.405758233338405,0.05767212210493221
yellow,25,yellow-2011-02,2011-02,2012-01,measured,fixed-128,128,2207820095,1832.148324,4301715888,176480610,4301715888,176480610,12,18,True,005bfb7bec1ca53a74fafd8596f9d3078061eddea01c151b7cdda9ca80fc376b,2430a86db324aad73629b3eb841cc5b85e943967491c1af3fade2c7f83e14a46,,,,,,
yellow,25,yellow-2011-02,2011-02,2012-01,measured,fixed-1024,1024,2207820095,1036.743943,4301715312,176480610,2775542544,113868398,5,3,True,005bfb7bec1ca53a74fafd8596f9d3078061eddea01c151b7cdda9ca80fc376b,0cda9c5f14b6f9d0b93f9e714a1d73d070fd8e405c4dd641cc00cdc00bee4bc4,,,,,,
yellow,25,yellow-2011-02,2011-02,2012-01,measured,enabled,656,2207820095,1119.987588,4301715312,176480610,4192857240,172014641,6,4,True,005bfb7bec1ca53a74fafd8596f9d3078061eddea01c151b7cdda9ca80fc376b,856acac6193de393bcc22a34cd52fdddbed8373b0e7f317aac95fb4c95edb6f8,prior-enabled-data-shape,25,3449278331,141508830,1.5623004512353906,0.06409436634620301
yellow,26,yellow-2011-03,2011-03,2012-02,measured,fixed-1024,1024,2202839076,974.94532,4281204720,175639146,2775542544,113868398,5,3,True,39e46c022efb1dab3555d39bdb8e8bae6f6333488b2b4a017d639869b11f4fbc,4b9443acb1adb5e9c07a28db228a3a6f9ef3ac15f9191d370d924667a2856e0f,,,,,,
yellow,26,yellow-2011-03,2011-03,2012-02,measured,fixed-128,128,2202839076,2014.569729,4281205296,175639146,4281205296,175639146,12,18,True,39e46c022efb1dab3555d39bdb8e8bae6f6333488b2b4a017d639869b11f4fbc,b5b1e75cbff1d59df6e5ed15bcceadcf439ebc63bcffd75de7a11cd459f7c420,,,,,,
yellow,26,yellow-2011-03,2011-03,2012-02,measured,enabled,592,2202839076,987.87028,4281204720,175639146,4172346648,171173177,6,4,True,39e46c022efb1dab3555d39bdb8e8bae6f6333488b2b4a017d639869b11f4fbc,c225571d4a832fc55b3186b6d8b3d79d7a487eee61b8797ded0bda054c0c5ec8,prior-enabled-data-shape,26,3826765574,156995486,1.7371970635203398,0.07126961187856125
yellow,27,yellow-2011-04,2011-04,2012-03,measured,enabled,528,2207884763,1199.491204,4283168592,175719718,4283168592,175719718,6,6,True,b8867602c0b54bf5d28fcf40bcd08c2f63dc8ebb2c299a5b1beb85f3a8981592,1a61cc4a13e0b3bcaab02f62d3bde7e5a242b04836567e95ea4b98d520692792,prior-enabled-data-shape,27,4291010983,176041454,1.9434940875363336,0.07973308078360963
yellow,27,yellow-2011-04,2011-04,2012-03,measured,fixed-128,128,2207884763,1726.997931,4283169168,175719718,4283169168,175719718,12,18,True,b8867602c0b54bf5d28fcf40bcd08c2f63dc8ebb2c299a5b1beb85f3a8981592,6e2f81a41df858c416d0113fdc4ea7fc1ea9c89f4937f1117a9669e7e2193ece,,,,,,
yellow,27,yellow-2011-04,2011-04,2012-03,measured,fixed-1024,1024,2207884763,957.964393,4283168592,175719718,2770767216,113672490,5,3,True,b8867602c0b54bf5d28fcf40bcd08c2f63dc8ebb2c299a5b1beb85f3a8981592,0170dd5ab63e68f3d004412d44e10002736b5175158d7dae377c73093d753ccc,,,,,,
yellow,28,yellow-2011-05,2011-05,2012-04,measured,enabled,528,2197887270,1138.782701,4251696264,174428547,4251696264,174428547,5,5,True,30613c80c9ebe116cffcf7c1fd061660cfa18303c0210015b59dcfd7b6ed456a,367adfecc586e39edab74594cfd69328c50e13a0d3d44588d80c246ae7b36023,prior-enabled-data-shape,28,4263774034,174924044,1.939942094704333,0.07958735933357225
yellow,28,yellow-2011-05,2011-05,2012-04,measured,fixed-1024,1024,2197887270,998.042353,4251696072,174428547,2776990848,113927824,5,3,True,30613c80c9ebe116cffcf7c1fd061660cfa18303c0210015b59dcfd7b6ed456a,172630efcf810b3924a5dd96c3233a06a50997fe833ba811a6b2577943f19119,,,,,,
yellow,28,yellow-2011-05,2011-05,2012-04,measured,fixed-128,128,2197887270,1897.557889,4251697032,174428547,4251697032,174428547,12,18,True,30613c80c9ebe116cffcf7c1fd061660cfa18303c0210015b59dcfd7b6ed456a,27ef13c3331d523f66a2de6605b603e5e98243dd146a82b4b213955e9501820f,,,,,,
yellow,29,yellow-2011-06,2011-06,2012-05,measured,fixed-128,128,2185485255,2233.45736,4212950112,172838932,4212950112,172838932,12,18,True,2940877815235b6dd10ef26c3d6371a3258a4def0e85ee3c8f5a4332485b0e28,3622eae51a271dbd7745c2964ff628e57fe0f1af66fd6dd35bee2cb42d23edeb,,,,,,
yellow,29,yellow-2011-06,2011-06,2012-05,measured,fixed-1024,1024,2185485255,956.828737,4212949344,172838932,2773768800,113795636,5,3,True,2940877815235b6dd10ef26c3d6371a3258a4def0e85ee3c8f5a4332485b0e28,97be6e8247eace81c1cefe62c4a143ac25db193be2e8464a1fe2da0bb20e26b9,,,,,,
yellow,29,yellow-2011-06,2011-06,2012-05,measured,enabled,528,2185485255,1223.948947,4212949344,172838932,4212949344,172838932,5,5,True,2940877815235b6dd10ef26c3d6371a3258a4def0e85ee3c8f5a4332485b0e28,dd24ccd24d0e948e88f1daadf06db2d918acec37329727a831961551627fe669,prior-enabled-data-shape,29,4239714844,173937000,1.939942094704333,0.07958735933357225
yellow,30,yellow-2011-07,2011-07,2012-06,measured,fixed-1024,1024,2189874840,1051.779375,4212915336,172837539,2778785760,114001460,5,3,True,4e4aff3a45b4bf13f994585164246b61943686208c2c0a57cba338410e592619,99e4ae4c26bd251209c8f2121252fe927165259b66d4dfbda2244290c6fef680,,,,,,
yellow,30,yellow-2011-07,2011-07,2012-06,measured,enabled,528,2189874840,1224.699867,4212915336,172837539,4212915336,172837539,5,5,True,4e4aff3a45b4bf13f994585164246b61943686208c2c0a57cba338410e592619,43b9bbe085f5e9f0bfa1cd100cee82f6f3678b531ac6efc0dbfc477855eddfcd,prior-enabled-data-shape,30,4236196643,173792665,1.9344469218387166,0.07936191695582276
yellow,30,yellow-2011-07,2011-07,2012-06,measured,fixed-128,128,2189874840,1913.13543,4212916104,172837539,4212916104,172837539,12,18,True,4e4aff3a45b4bf13f994585164246b61943686208c2c0a57cba338410e592619,a743424beb8eaf775c67fed4ed299c270c3a63ffc8b803af1670f17f5d1c1a65,,,,,,
yellow,31,yellow-2011-08,2011-08,2012-07,measured,enabled,528,2189782743,1171.813276,4204061112,172474285,4204061112,172474285,5,5,True,414796e98a5dce7947b07f8cc835ba4097015329b29a6841a996de4da486854b,2072771814ded45f62588e16760d74a7b9bb9886ec01af6c08e02d0760958d3a,prior-enabled-data-shape,31,4221233591,173178799,1.9276951580256716,0.07908492249241919
yellow,31,yellow-2011-08,2011-08,2012-07,measured,fixed-128,128,2189782743,1913.90773,4204061688,172474285,4204061688,172474285,12,18,True,414796e98a5dce7947b07f8cc835ba4097015329b29a6841a996de4da486854b,43b0864a746e39a43132f4dfcffadb6c3b6000bcce3880890bc3c6c5a2a1820f,,,,,,
yellow,31,yellow-2011-08,2011-08,2012-07,measured,fixed-1024,1024,2189782743,1070.8598,4204061112,172474285,2778785760,114001460,5,3,True,414796e98a5dce7947b07f8cc835ba4097015329b29a6841a996de4da486854b,7266a5ab40fb8cc2388bf63d0844ec4effa73172d63c4ff10e62ab5c893be1bf,,,,,,
yellow,32,yellow-2011-09,2011-09,2012-08,measured,enabled,528,2208074956,1215.597851,4231344288,173593596,4231344288,173593596,6,6,True,2d5228a34bb6ddb2cecd280f09c281067a1f8305c89589a44090a0bf3bc085eb,b30a1d88bd60d96edc70df05f4a890cbc540fa106019aa7757adb96611c2db88,prior-enabled-data-shape,32,4256495401,174625437,1.9276951580256716,0.07908492249241919
yellow,32,yellow-2011-09,2011-09,2012-08,measured,fixed-128,128,2208074956,2152.138479,4231344864,173593596,4231344864,173593596,12,18,True,2d5228a34bb6ddb2cecd280f09c281067a1f8305c89589a44090a0bf3bc085eb,8354ec7b406e756b1f7808fb3e61adb79dfa6d53577918f37053fcfb736ef8d3,,,,,,
yellow,32,yellow-2011-09,2011-09,2012-08,measured,fixed-1024,1024,2208074956,1068.009274,4231344288,173593596,2775564336,113869298,5,3,True,2d5228a34bb6ddb2cecd280f09c281067a1f8305c89589a44090a0bf3bc085eb,e3fef2033dd732eba3a2bb51ae8f24752685db52f3ad758bcfd9ef7ca478b5de,,,,,,
yellow,33,yellow-2011-10,2011-10,2012-09,measured,enabled,528,2211827047,1274.363758,4229397072,173513702,4229397072,173513702,6,6,True,702d0c71ed2f98e0007ae7ec9088c8c3c68b71de2515e5bad973fc340a721c71,d009a81a5a16252fb2d93b323fc2436000d0c255dfe68b100e4df85beb6dd74a,prior-enabled-data-shape,33,4255147334,174570134,1.9238155802548058,0.07892576134625119
yellow,33,yellow-2011-10,2011-10,2012-09,measured,fixed-128,128,2211827047,1826.484003,4229397456,173513702,4229397456,173513702,12,18,True,702d0c71ed2f98e0007ae7ec9088c8c3c68b71de2515e5bad973fc340a721c71,18c4c9990932b0592e321d53f20ab9bcabd1f3171809d3c7077df19b912b9b5b,,,,,,
yellow,33,yellow-2011-10,2011-10,2012-09,measured,fixed-1024,1024,2211827047,968.479381,4229396880,173513702,2785317264,114269422,5,3,True,702d0c71ed2f98e0007ae7ec9088c8c3c68b71de2515e5bad973fc340a721c71,a44f8f958ebcdf6b1f4fc827cb548a092fc433f94dc68addc1566c2d2316bc7d,,,,,,
yellow,34,yellow-2011-11,2011-11,2012-10,measured,fixed-128,128,2197060487,2175.859503,4200744888,172338213,4200744888,172338213,12,18,True,a1d4020a919731deca6cd21d47681893e9e411b8d1848f04d9c42d5535f360fd,4105013397a4dd92e81aa2c15121f615e150f1b6a737cc03d148459dceff9318,,,,,,
yellow,34,yellow-2011-11,2011-11,2012-10,measured,enabled,528,2197060487,1045.037546,4200744504,172338213,4200744504,172338213,5,5,True,a1d4020a919731deca6cd21d47681893e9e411b8d1848f04d9c42d5535f360fd,af2092d25e61626bbd200f4ef66777e407bb5d6dfceea7b9353ccc0458db1479,prior-enabled-data-shape,34,4218033311,173047503,1.919853065533086,0.07876319491115837
yellow,34,yellow-2011-11,2011-11,2012-10,measured,fixed-1024,1024,2197060487,948.966369,4200744504,172338213,2768919384,113596681,5,3,True,a1d4020a919731deca6cd21d47681893e9e411b8d1848f04d9c42d5535f360fd,0892affa4a9ae02c72ac0a748c17212126b8eea6d8d5f8663d6e7ea4bc37b2bd,,,,,,
yellow,35,yellow-2011-12,2011-12,2012-11,measured,fixed-1024,1024,2187687903,1058.18123,4182467232,171588380,2773849704,113798951,5,3,True,9a8b370e99b3a17ba3c9d7dbec1a1e1809b864440f8bbaef7d83111d2e2ea911,21978452d44ee6e619efd8ca89bf27305f512473c7e7644b93efa55b730a76fe,,,,,,
yellow,35,yellow-2011-12,2011-12,2012-11,measured,fixed-128,128,2187687903,2003.058219,4182467808,171588380,4182467808,171588380,12,18,True,9a8b370e99b3a17ba3c9d7dbec1a1e1809b864440f8bbaef7d83111d2e2ea911,f4a47b7c87e8b4afec315c2fce394e6d8e516f8bbb1bc91aa739c31747c2f053,,,,,,
yellow,35,yellow-2011-12,2011-12,2012-11,measured,enabled,528,2187687903,1209.699949,4182467232,171588380,4182467232,171588380,5,5,True,9a8b370e99b3a17ba3c9d7dbec1a1e1809b864440f8bbaef7d83111d2e2ea911,cace7623b16d1cdbe0fb98afd08566a19b172c5f982beac459382bf257b990b9,prior-enabled-data-shape,35,4192276484,171990814,1.916304641969772,0.0786176191746998
yellow,36,yellow-2012-01,2012-01,2012-12,measured,fixed-128,128,2183780038,2039.328378,4176876840,171359007,4176876840,171359007,12,18,True,2423b39ba343c97ed484de6185be13b9738e20021425895d9fdfc42d67d34025,936fba4ff75ba7e3968f9a4d1b016e0c4099d4502960efc9ce48ec3954c31c81,,,,,,
yellow,36,yellow-2012-01,2012-01,2012-12,measured,enabled,528,2183780038,1149.599225,4176876264,171359007,4176876264,171359007,5,5,True,2423b39ba343c97ed484de6185be13b9738e20021425895d9fdfc42d67d34025,a352164879fa42b63ac476e4966ef94202bf63eae316e245b8676b4d3b4d0a73,prior-enabled-data-shape,36,4175766325,171313467,1.9121735027774982,0.07844813283902301
yellow,36,yellow-2012-01,2012-01,2012-12,measured,fixed-1024,1024,2183780038,1048.848046,4176876264,171359007,2778713616,113998494,5,3,True,2423b39ba343c97ed484de6185be13b9738e20021425895d9fdfc42d67d34025,dbee5ecc262bd02fa2994560a1e1a7fa62bf61185c2ac8f5f8c11450f067eb87,,,,,,
yellow,37,yellow-2012-02,2012-02,2013-01,measured,fixed-1024,1024,2201737986,1054.981987,4218759072,173077276,2790574800,114485110,5,3,True,1f4f6013b9c49f794f1b72773dbd65175168dc3bb1a1e2f97b4b22fb58798031,6f2fb97c1be5b8436a09657534f67532bfdea0d39e15b485d3ad77a8a222fbe6,,,,,,
yellow,37,yellow-2012-02,2012-02,2013-01,measured,fixed-128,128,2201737986,2018.840406,4218759648,173077276,4218759648,173077276,12,18,True,1f4f6013b9c49f794f1b72773dbd65175168dc3bb1a1e2f97b4b22fb58798031,cf752d16c4529b97d2054469247d87ef1c1b0de477e59f1a54d6734f1a9e352c,,,,,,
yellow,37,yellow-2012-02,2012-02,2013-01,measured,enabled,528,2201737986,1239.805141,4218759072,173077276,4218759072,173077276,5,5,True,1f4f6013b9c49f794f1b72773dbd65175168dc3bb1a1e2f97b4b22fb58798031,a84679491e4937f6d487dbb03e8cf5bc4857958248c0bf7b80d55d438ed88a08,prior-enabled-data-shape,37,4211224104,172768149,1.9126817679977346,0.07846898681102424
yellow,38,yellow-2012-03,2012-03,2013-02,measured,fixed-1024,1024,2203243634,999.961041,4234086792,173706107,2805902520,115113941,5,3,True,6bce3f5449e0401e29d177cec72f7f0be7e4bec835b38c8b8df83ad31cdd6941,7a6b7fa6b6411dbcaf46ba02fb3d0feaad82bea49ab7ceb664dfd73ab4f814f3,,,,,,
yellow,38,yellow-2012-03,2012-03,2013-02,measured,fixed-128,128,2203243634,1960.405077,4234087368,173706107,4234087368,173706107,12,18,True,6bce3f5449e0401e29d177cec72f7f0be7e4bec835b38c8b8df83ad31cdd6941,778a5696bdbe45d5fbc244bbecb4bcb043e6aa58d77ead5fd816c3596d3b3e99,,,,,,
yellow,38,yellow-2012-03,2012-03,2013-02,measured,enabled,528,2203243634,1132.761017,4234086984,173706107,4234086984,173706107,5,5,True,6bce3f5449e0401e29d177cec72f7f0be7e4bec835b38c8b8df83ad31cdd6941,9bff3fadfee4bd9b95b676e54b89394091270d24152e60a88259c262ad3fdc0c,prior-enabled-data-shape,38,4214103929,172886296,1.9126817679977346,0.07846898681102424
yellow,39,yellow-2012-04,2012-04,2013-03,measured,fixed-1024,1024,2193578279,1038.3871,4224392928,173308412,2805968016,115116630,5,3,True,c7be206fa6a278b4bb97dfc7749f67a46782d069d242e17729d8ff3cfe318b67,75729291ee505e55a891c24365c7ea313cfde1340648a5abfe4ccf766adcdd13,,,,,,
yellow,39,yellow-2012-04,2012-04,2013-03,measured,enabled,528,2193578279,1187.876637,4224393120,173308412,4224393120,173308412,5,5,True,c7be206fa6a278b4bb97dfc7749f67a46782d069d242e17729d8ff3cfe318b67,b03c9204ac2e1dfa970c96fd6266edb823fbb8ea945142b67d4765cba78f97cf,prior-enabled-data-shape,39,4203124224,172435846,1.9161040499938942,0.0786093881744928
yellow,39,yellow-2012-04,2012-04,2013-03,measured,fixed-128,128,2193578279,1903.870047,4224393696,173308412,4224393696,173308412,12,18,True,c7be206fa6a278b4bb97dfc7749f67a46782d069d242e17729d8ff3cfe318b67,df6ce6b19b53d86db3bc5613c557bf73d3292d2bed00fa1f7ae9af4507b4a04a,,,,,,
yellow,40,yellow-2012-05,2012-05,2013-04,measured,fixed-1024,1024,2199601592,1028.362923,4254248016,174533238,2805968016,115116630,5,3,True,cc39d187b88a79624d9b3083f9f5af05b986b2f166112a464cb85641be098159,5624b9b7ce29a9fd618e959bff6d308945a31b2ec33cf256e6538171b5754192,,,,,,
yellow,40,yellow-2012-05,2012-05,2013-04,measured,fixed-128,128,2199601592,1935.129461,4254248784,174533238,4254248784,174533238,12,18,True,cc39d187b88a79624d9b3083f9f5af05b986b2f166112a464cb85641be098159,f085700512aa159642c550e45979989779ab1319eb0ef6167e479182bc641788,,,,,,
yellow,40,yellow-2012-05,2012-05,2013-04,measured,enabled,528,2199601592,1208.637083,4254248208,174533238,4254248208,174533238,5,5,True,cc39d187b88a79624d9b3083f9f5af05b986b2f166112a464cb85641be098159,da7fe7b2045eefd78bb9cbf56862a157675e38b338eae5060ebe08e447c42bef,prior-enabled-data-shape,40,4215106741,172927440,1.916304641969772,0.0786176191746998
yellow,41,yellow-2012-06,2012-06,2013-05,measured,enabled,528,2209252988,1330.601021,4286418168,175853037,4286418168,175853037,6,6,True,d54158dd588592a6b57d59d3669ef9cb94afb011b2eb4341bba6c10d095b0f4a,8ffd9e7fb14f49b0048b4da794dbc5d3e5dd6d97d9cf3c28a3369bf01d7736cb,prior-enabled-data-shape,41,4245635470,174179891,1.9217516023468515,0.07884107972418633
yellow,41,yellow-2012-06,2012-06,2013-05,measured,fixed-128,128,2209252988,1873.858191,4286418936,175853037,4286418936,175853037,12,18,True,d54158dd588592a6b57d59d3669ef9cb94afb011b2eb4341bba6c10d095b0f4a,352a3782e5f31415b0e65262caac3e5f1a9bb757dafee1ab113edf5efa78c8d3,,,,,,
yellow,41,yellow-2012-06,2012-06,2013-05,measured,fixed-1024,1024,2209252988,1053.768881,4286418360,175853037,2800195656,114879811,5,3,True,d54158dd588592a6b57d59d3669ef9cb94afb011b2eb4341bba6c10d095b0f4a,aa43340868ecdd68b9ba2f4aa973f58ba179eaa8d855c594543f593756835c96,,,,,,
yellow,42,yellow-2012-07,2012-07,2013-06,measured,enabled,528,2195287573,1202.401097,4269087192,175142025,4269087192,175142025,5,5,True,310b49c0d5b1645e84db86f6d5aa757e9a41f6e75826b3b7a842cc88d8d3ebba,a6c68062c7567d01732f0c2cfdd5680388667a5d2c287b9566b119fbdcde2bc1,prior-enabled-data-shape,42,4227684878,173443458,1.9258000320489133,0.0790071700012489
yellow,42,yellow-2012-07,2012-07,2013-06,measured,fixed-1024,1024,2195287573,1039.588487,4269087192,175142025,2804773968,115067646,5,3,True,310b49c0d5b1645e84db86f6d5aa757e9a41f6e75826b3b7a842cc88d8d3ebba,89f003d79eebd60706d99f62fc8004400cc39e398e790c069e8de6cbf6689b11,,,,,,
yellow,42,yellow-2012-07,2012-07,2013-06,measured,fixed-128,128,2195287573,2061.010212,4269087960,175142025,4269087960,175142025,12,18,True,310b49c0d5b1645e84db86f6d5aa757e9a41f6e75826b3b7a842cc88d8d3ebba,1ca2a39d2e511f4a372baf8d1ffbf398f80ea895f176ac9b4c97150c483272f2,,,,,,
yellow,43,yellow-2012-08,2012-08,2013-07,measured,enabled,528,2184883888,1048.320764,4255547664,174586558,4255547664,174586558,5,5,True,b7f7af55389afe2d1509918c464b6adcd37e5d4d1f1334dbf3ea42bbf20a68b9,48c2d37d255a395a912e9e1c6a0c8dd53773686dfbedd8426632e0689219993f,prior-enabled-data-shape,43,4225782705,173365423,1.934099440313553,0.07934765942831705
yellow,43,yellow-2012-08,2012-08,2013-07,measured,fixed-128,128,2184883888,2001.368053,4255548432,174586558,4255548432,174586558,12,18,True,b7f7af55389afe2d1509918c464b6adcd37e5d4d1f1334dbf3ea42bbf20a68b9,4c9d921a4150e4e7a509aead094f354260950401970e3b9dfc3168ce29cfa7da,,,,,,
yellow,43,yellow-2012-08,2012-08,2013-07,measured,fixed-1024,1024,2184883888,1023.943709,4255547664,174586558,2811436200,115340967,5,3,True,b7f7af55389afe2d1509918c464b6adcd37e5d4d1f1334dbf3ea42bbf20a68b9,1d373d30f6d6ac8cbdd2ffcbb0b375cf090ba281c69e440f27c6aa5cb5e58c80,,,,,,
yellow,44,yellow-2012-09,2012-09,2013-08,measured,fixed-1024,1024,2148549372,949.567416,4189729608,171886331,2747578416,112721162,5,3,True,78a3079512cd1fbfc9371da0616b84818ecc96853f5a1661f903f77b8ab16497,d0fb27e8c87b0e922de7ef78fd289ca7e9554860d2f289a286de4105b1e65a71,,,,,,
yellow,44,yellow-2012-09,2012-09,2013-08,measured,enabled,528,2148549372,1124.02571,4189729608,171886331,4189729608,171886331,5,5,True,78a3079512cd1fbfc9371da0616b84818ecc96853f5a1661f903f77b8ab16497,59553f5fde474b7faa75355779fa28f98e1367b39587b2f7ec89c917bcbf380c,prior-enabled-data-shape,44,4168640311,171021125,1.9402115517247407,0.07959841537170301
yellow,44,yellow-2012-09,2012-09,2013-08,measured,fixed-128,128,2148549372,2094.319726,4189730376,171886331,4189730376,171886331,12,18,True,78a3079512cd1fbfc9371da0616b84818ecc96853f5a1661f903f77b8ab16497,c43a7820cadb463d32919b2dd9cf5cd4af5bff88f14197bef3cb91328e1f437d,,,,,,
yellow,45,yellow-2012-10,2012-10,2013-09,measured,enabled,528,2138143613,1216.500091,4179025008,171447170,4179025008,171447170,5,5,True,054e9328cbdbb9a123cdbeaf4c434069985285ad1df28145fe1e1ac79478e5ee,34aa107b6f61a37e669e6118b08506584c2f385e299d6ecdd8d07620fdc2ad9f,prior-enabled-data-shape,45,4157961638,170583028,1.944659663046341,0.07978090303707104
yellow,45,yellow-2012-10,2012-10,2013-09,measured,fixed-128,128,2138143613,2024.478412,4179025968,171447170,4179025968,171447170,12,18,True,054e9328cbdbb9a123cdbeaf4c434069985285ad1df28145fe1e1ac79478e5ee,3fbd5dfd337c9ce3ed91969d40a66192e5809e36701ec050f45c890e5d709cc4,,,,,,
yellow,45,yellow-2012-10,2012-10,2013-09,measured,fixed-1024,1024,2138143613,1082.477101,4179025200,171447170,2752148640,112908652,5,3,True,054e9328cbdbb9a123cdbeaf4c434069985285ad1df28145fe1e1ac79478e5ee,c43c52a6bd2d9b745487ac5720af81b0ca4f16603e52319c93a167a4bc940ff8,,,,,,
yellow,46,yellow-2012-11,2012-11,2013-10,measured,enabled,528,2144878672,1203.190449,4190779848,171929411,4190779848,171929411,5,5,True,08bc3eed9a077bd7d19c92bf2e351480260af8dcbdfe0e4791ef5353bb6e6e29,48873cf2f286a45c43e1ee4ae727e9f4a7cd71f8011d0c57cde2baa4ce69acc0,prior-enabled-data-shape,46,4177628602,171389879,1.9477225711501975,0.0799065611490289
yellow,46,yellow-2012-11,2012-11,2013-10,measured,fixed-1024,1024,2144878672,1049.630339,4190779848,171929411,2755518240,113046892,5,3,True,08bc3eed9a077bd7d19c92bf2e351480260af8dcbdfe0e4791ef5353bb6e6e29,cad624852a3bf51f526691b87ecbe28c4a9267f6306be187e682561d3e61f93c,,,,,,
yellow,46,yellow-2012-11,2012-11,2013-10,measured,fixed-128,128,2144878672,1893.729957,4190780616,171929411,4190780616,171929411,12,18,True,08bc3eed9a077bd7d19c92bf2e351480260af8dcbdfe0e4791ef5353bb6e6e29,b305cc57ba5dd3815b301f0e3fdb638e8cc1c37817b708800a311ce7c21aa3f6,,,,,,
yellow,47,yellow-2012-12,2012-12,2013-11,measured,enabled,528,2151624467,1043.549853,4205707776,172541832,4205707776,172541832,5,5,True,f96088d6e8530abf72446d0b048b667415f156d15641beaecaa0c344f41b7c4f,a9e2fc44208f365c23ca5fedc88b4922e719aea2c235a5cc486681ab470b85e6,prior-enabled-data-shape,47,4195726127,172132342,1.950027149760094,0.08000110830127109
yellow,47,yellow-2012-12,2012-12,2013-11,measured,fixed-128,128,2151624467,1907.414686,4205708352,172541832,4205708352,172541832,12,18,True,f96088d6e8530abf72446d0b048b667415f156d15641beaecaa0c344f41b7c4f,12173d26fc20154fb2daf8a7a058f4e5995fdb892e3ade973b344ae49b87cfb0,,,,,,
yellow,47,yellow-2012-12,2012-12,2013-11,measured,fixed-1024,1024,2151624467,1031.785195,4205707584,172541832,2751856800,112896676,5,3,True,f96088d6e8530abf72446d0b048b667415f156d15641beaecaa0c344f41b7c4f,0bda01d176e9dfff0c08e95672dbdea640756e4e630c7d6df41864b0668aa16c,,,,,,
yellow,48,yellow-2013-01,2013-01,2013-12,measured,enabled,528,2143914255,1235.431767,4188023904,171816340,4188023904,171816340,5,5,True,c71aeb72ba85b2c5f5c4881f0889e244f5272952d46e9404100c1c3bc926b1a5,8d335df0bab8366d6e0716a10b95c5330c8ca0f245fd8ce97636e97d942fc380,prior-enabled-data-shape,48,4188895518,171852105,1.953854035059378,0.08015810555833622
yellow,48,yellow-2013-01,2013-01,2013-12,measured,fixed-1024,1024,2143914255,995.145601,4188023904,171816340,2759016312,113190397,5,3,True,c71aeb72ba85b2c5f5c4881f0889e244f5272952d46e9404100c1c3bc926b1a5,8da019df25882e5cfc7427e3c93cd548a2fd6b5d5cae0b54338d5a4ccd8ef3d8,,,,,,
yellow,48,yellow-2013-01,2013-01,2013-12,measured,fixed-128,128,2143914255,1898.739839,4188024480,171816340,4188024480,171816340,12,18,True,c71aeb72ba85b2c5f5c4881f0889e244f5272952d46e9404100c1c3bc926b1a5,399f2068ac515a7029179c2a80d6055c1420a787ada5e78d113a13111e549c06,,,,,,
yellow,49,yellow-2013-02,2013-02,2014-01,measured,fixed-128,128,2131159703,1892.669025,4163793216,170822240,4163793216,170822240,12,17,True,7cd71a4776aac115754bd6e9759dcba26bceb6fb79951eeb20b1bf5bc8934662,6cea8726f6fb00d7832937576ee9b3e7b2b91cec61ca7edda31d1ada2333716a,,,,,,
yellow,49,yellow-2013-02,2013-02,2014-01,measured,fixed-1024,1024,2131159703,1039.407093,4163792448,170822240,2418913416,99237467,5,3,True,7cd71a4776aac115754bd6e9759dcba26bceb6fb79951eeb20b1bf5bc8934662,6f3c85752744f188613d6b5d7af8a30d2b11a7a274de2979adbf2b7788fabae1,,,,,,
yellow,49,yellow-2013-02,2013-02,2014-01,measured,enabled,528,2131159703,1234.320466,4163792640,170822240,4163792640,170822240,5,5,True,7cd71a4776aac115754bd6e9759dcba26bceb6fb79951eeb20b1bf5bc8934662,4d8cb3584cc9ac846f80d378c9d8da8b6a80ba4b0b064406810b1ab0ad16e183,prior-enabled-data-shape,49,4163108557,170794172,1.9534474824414094,0.08014142337982635
yellow,50,yellow-2013-03,2013-03,2014-02,measured,fixed-1024,1024,2120856588,997.501785,4141211760,169895858,2418913416,99237467,5,3,True,d1f90a66da219f9b38dd7316f15640d490c7461e2d3ae4e3dbcb89dfe0c56e21,d28a477f5f1a84c3964cafe48bf3686d451f0c9550be2a93e5f1ec7dd5f94bed,,,,,,
yellow,50,yellow-2013-03,2013-03,2014-02,measured,enabled,528,2120856588,1114.957052,4141212144,169895858,4141212144,169895858,5,5,True,d1f90a66da219f9b38dd7316f15640d490c7461e2d3ae4e3dbcb89dfe0c56e21,749c4fcb66da2f1f4bae508f9a752796491879035a40998cfe94c1bd45cdcb76,prior-enabled-data-shape,50,4143662739,169996398,1.953768473633719,0.0801545936513046
yellow,50,yellow-2013-03,2013-03,2014-02,measured,fixed-128,128,2120856588,2031.247242,4141212720,169895858,4141212720,169895858,12,17,True,d1f90a66da219f9b38dd7316f15640d490c7461e2d3ae4e3dbcb89dfe0c56e21,27f3a11d69ee15cdbecf86354cd1d11a3d058d34c03ede79e129fa214f51e7e0,,,,,,
yellow,51,yellow-2013-04,2013-04,2014-03,measured,fixed-1024,1024,2117978078,1057.854066,4133385120,169574764,2416403256,99134485,5,3,True,7d9221ef1a5e2ae936c8a114589e5c12c14e5026bf9b31814ed8d9bcbc2e59ab,72598dc59eaa4e9ffc85d0d035d393915557abf17725df4bcdf6fded0fe49923,,,,,,
yellow,51,yellow-2013-04,2013-04,2014-03,measured,enabled,528,2117978078,1210.414911,4133385504,169574764,4133385504,169574764,5,5,True,7d9221ef1a5e2ae936c8a114589e5c12c14e5026bf9b31814ed8d9bcbc2e59ab,c4adcda73d4b8484643e63f6c630b43d047ff28010cb19673476445b94714f61,prior-enabled-data-shape,51,4137358944,169737778,1.9534474824414094,0.08014142337982635
yellow,51,yellow-2013-04,2013-04,2014-03,measured,fixed-128,128,2117978078,1943.508891,4133386080,169574764,4133386080,169574764,12,17,True,7d9221ef1a5e2ae936c8a114589e5c12c14e5026bf9b31814ed8d9bcbc2e59ab,7291a34fa1da68684cd34aa51f24c33bc4f0337f4741cff221e796ec50dfd62a,,,,,,
yellow,52,yellow-2013-05,2013-05,2014-04,measured,enabled,528,2120952040,1239.359464,4132559976,169540895,4132559976,169540895,5,5,True,a00022a61e6f3348af03681e68d5059f2d4019e5c645c01ea8ae58c921b8d07e,c797c28c5397b02f4d56a0a4d6fdf78f9b2e599c790b8b4055dc6f66b3af449e,prior-enabled-data-shape,52,4141398525,169903504,1.9526129995924082,0.08010718827538187
yellow,52,yellow-2013-05,2013-05,2014-04,measured,fixed-128,128,2120952040,1888.763793,4132560552,169540895,4132560552,169540895,12,17,True,a00022a61e6f3348af03681e68d5059f2d4019e5c645c01ea8ae58c921b8d07e,8d69a599d1f57ea379b36dc4df64ce1303d9d5fb53bb04e7f29058213235c452,,,,,,
yellow,52,yellow-2013-05,2013-05,2014-04,measured,fixed-1024,1024,2120952040,969.132318,4132559592,169540895,2416403256,99134485,5,3,True,a00022a61e6f3348af03681e68d5059f2d4019e5c645c01ea8ae58c921b8d07e,e6f5ead8295f6837966993c5ce5b71a7369568580d9d9081ef5be43a312b6ca8,,,,,,
yellow,53,yellow-2013-06,2013-06,2014-05,measured,fixed-1024,1024,2116964432,977.630343,4120103880,169029891,2415481656,99096677,5,3,True,f6d3cee99cf50358d02796d4672fd0e04bf73e02af8af4b3f25f47600e68bff5,039b9c1896e34f066b2585217fd4ef2dd869482a9bc3b8845a45d82d317e2dab,,,,,,
yellow,53,yellow-2013-06,2013-06,2014-05,measured,enabled,528,2116964432,1144.875878,4120104072,169029891,4120104072,169029891,5,5,True,f6d3cee99cf50358d02796d4672fd0e04bf73e02af8af4b3f25f47600e68bff5,1ced5d46aeb50a76d2c824f996dae551d5f60fa43e0a05e080947e2204dabf38,prior-enabled-data-shape,53,4133612270,169584068,1.9526129995924082,0.08010718827538187
yellow,53,yellow-2013-06,2013-06,2014-05,measured,fixed-128,128,2116964432,1676.152783,4120104840,169029891,4120104840,169029891,12,17,True,f6d3cee99cf50358d02796d4672fd0e04bf73e02af8af4b3f25f47600e68bff5,c11240c6819c14c9c76c753424d7c3178ef8d07cec8285d98ebc96e53dba08e4,,,,,,
yellow,54,yellow-2013-07,2013-07,2014-06,measured,fixed-1024,1024,2111254216,1068.112438,4106152368,168457514,2414935512,99074265,5,3,True,60bc91eca990c26ffbf83ce19376fb8940b561b34bc469c81749fc1c1aefe5f6,f16123610d82551c0a7cd15100f316bf1ef7e3330c60c300021efbc816c9c0d4,,,,,,
yellow,54,yellow-2013-07,2013-07,2014-06,measured,fixed-128,128,2111254216,1990.598028,4106153136,168457514,4106153136,168457514,12,17,True,60bc91eca990c26ffbf83ce19376fb8940b561b34bc469c81749fc1c1aefe5f6,a0dddf1bd4b971080696727fcecbe9988f7ca884e233d6b0d56ebfa5fdef315b,,,,,,
yellow,54,yellow-2013-07,2013-07,2014-06,measured,enabled,528,2111254216,1138.332772,4106152176,168457514,4106152176,168457514,5,5,True,60bc91eca990c26ffbf83ce19376fb8940b561b34bc469c81749fc1c1aefe5f6,bf6c99eec5310221854f3356603f7d0d002d49a2f3a3a5b03581da71e996ca2a,prior-enabled-data-shape,54,4120263407,169036422,1.9515714288710404,0.08006445664448468
yellow,55,yellow-2013-08,2013-08,2014-07,measured,fixed-128,128,2102830949,2135.895272,4088613768,167737947,4088613768,167737947,12,17,True,ce9ac2f12a27e8edd6b5c16e0440ec2c03e9eeca0e7564d3c3edc00861beaaa3,d532c3e58a403128dfe91f337dd0c0c4e67fe1b1d227c365c047bb5b67ee8d9f,,,,,,
yellow,55,yellow-2013-08,2013-08,2014-07,measured,fixed-1024,1024,2102830949,1035.315016,4088613000,167737947,2414935512,99074265,5,3,True,ce9ac2f12a27e8edd6b5c16e0440ec2c03e9eeca0e7564d3c3edc00861beaaa3,bfddaa27ea343d8351a63ad3e177a97ea6abf9a6705aa16082a34eeefa7bd91e,,,,,,
yellow,55,yellow-2013-08,2013-08,2014-07,measured,enabled,528,2102830949,1113.977171,4088612616,167737947,4088612616,167737947,5,5,True,ce9ac2f12a27e8edd6b5c16e0440ec2c03e9eeca0e7564d3c3edc00861beaaa3,b27a339b1ac5995dd8c4f5a382abbdeb38dd2b240b7055e6b78a4d9b3948e43e,prior-enabled-data-shape,55,4097252013,168092363,1.9484457442045695,0.07993622288602056
yellow,56,yellow-2013-09,2013-09,2014-08,measured,enabled,528,2127850985,1245.940036,4113407352,168755165,4113407352,168755165,5,5,True,3f6fb15ea38437d01734405d5f3ff440bb4d47c10fbfb8c46eaf80eb659ac526,34d8744cb7744b430b88e0ba706136a434be2ea0260af82f531ad91c6f5ff68b,prior-enabled-data-shape,56,4141291831,169899132,1.9462320716024197,0.07984540904180859
yellow,56,yellow-2013-09,2013-09,2014-08,measured,fixed-128,128,2127850985,1738.446919,4113408504,168755165,4113408504,168755165,12,17,True,3f6fb15ea38437d01734405d5f3ff440bb4d47c10fbfb8c46eaf80eb659ac526,72d6b090064605d43d64df73dc55eccf43e5eab6b3fb408d0d7b0695351d910d,,,,,,
yellow,56,yellow-2013-09,2013-09,2014-08,measured,fixed-1024,1024,2127850985,987.263951,4113407736,168755165,2448628368,100456534,5,3,True,3f6fb15ea38437d01734405d5f3ff440bb4d47c10fbfb8c46eaf80eb659ac526,0e06028b4bf03ebfb7732e24e3f2b9cd3dcfe3607474dfdb431b384be9caf965,,,,,,
yellow,57,yellow-2013-10,2013-10,2014-09,measured,fixed-1024,1024,2134864874,988.775523,4096751184,168071822,2449581216,100495628,5,3,True,1962093a6ce307c9e0996a6f11fc9436188eed949b06723e96150d600a576594,6e2048363028a85de2f6bdc6bf111ad26b02fb1657efd204f9a7698b07016c69,,,,,,
yellow,57,yellow-2013-10,2013-10,2014-09,measured,fixed-128,128,2134864874,2114.974262,4096751952,168071822,4096751952,168071822,12,17,True,1962093a6ce307c9e0996a6f11fc9436188eed949b06723e96150d600a576594,d3cc8c3a3344017268ec1be024053997920b0861eb7c1b85e0baca24764825dd,,,,,,
yellow,57,yellow-2013-10,2013-10,2014-09,measured,enabled,528,2134864874,1230.332085,4096750992,168071822,4096750992,168071822,5,5,True,1962093a6ce307c9e0996a6f11fc9436188eed949b06723e96150d600a576594,a25ffa73fc5649e368a708604bac21f6bfa2683f7ba099fcb1522bdd27c52e29,prior-enabled-data-shape,57,4152072252,170341414,1.9448876146140044,0.07979025582203976
yellow,58,yellow-2013-11,2013-11,2014-10,measured,fixed-128,128,2142277997,1846.59289,4080011712,167385040,4080011712,167385040,12,17,True,39b06254e275816ce9fa18f088ad8da2f751b5aa24d9a0a0954e6f405bf10fa1,09e2f60d3ae1ce0373eb6117653708112d0bf80e5322a2c2bc7347c0221360b6,,,,,,
yellow,58,yellow-2013-11,2013-11,2014-10,measured,fixed-1024,1024,2142277997,1054.158782,4080010944,167385040,2448615696,100456014,5,3,True,39b06254e275816ce9fa18f088ad8da2f751b5aa24d9a0a0954e6f405bf10fa1,bfbd47cf63047f42138c61dec77ca4a74be1365fde7096b665d995c2f10954b2,,,,,,
yellow,58,yellow-2013-11,2013-11,2014-10,measured,enabled,528,2142277997,1185.068458,4080010752,167385040,4080010752,167385040,5,5,True,39b06254e275816ce9fa18f088ad8da2f751b5aa24d9a0a0954e6f405bf10fa1,d3f2630cd70675aaa160497745894d06c4289aa4bac6b1f512e5f46b69629483,prior-enabled-data-shape,58,4165310982,170884547,1.9443372839572945,0.07976768036430493
yellow,59,yellow-2013-12,2013-12,2014-11,measured,enabled,528,2144133748,1151.686831,4053723168,166306580,4053723168,166306580,5,5,True,e25f1548c844d9ee60a11791a7a602d1d9300d40d92b22db478842aee5f25801,34bac4f315f1ae5b627c340276ca2594df62f86f60e85518e60fbc1e5083cb52,prior-enabled-data-shape,59,4144884010,170046515,1.933127545583273,0.0793077927870029
yellow,59,yellow-2013-12,2013-12,2014-11,measured,fixed-128,128,2144133748,2046.494841,4053724320,166306580,4053724320,166306580,12,17,True,e25f1548c844d9ee60a11791a7a602d1d9300d40d92b22db478842aee5f25801,a281869dc2d6f08220f5590813eaf5bb7e596ada5c2521294b466c23fc4f8738,,,,,,
yellow,59,yellow-2013-12,2013-12,2014-11,measured,fixed-1024,1024,2144133748,1076.549599,4053723552,166306580,2446190064,100356498,5,3,True,e25f1548c844d9ee60a11791a7a602d1d9300d40d92b22db478842aee5f25801,c1afd26eae80b03d51a352a6415443edd02feb7ffa91001c0c6168bfae5a1c22,,,,,,
yellow,60,yellow-2014-01,2014-01,2014-12,measured,fixed-1024,1024,2148246975,1051.050756,4032785352,165447579,2451085464,100557337,5,3,True,181537f1740aa4f2b8aedcc89133b9430e1262ae8f3e8edc40c055d3a828f81f,02f3569b08374da9371aac83960904a554d2bddc177b7fa96e7673af2ded1c3e,,,,,,
yellow,60,yellow-2014-01,2014-01,2014-12,measured,enabled,528,2148246975,1234.719165,4032784968,165447579,4032784968,165447579,5,5,True,181537f1740aa4f2b8aedcc89133b9430e1262ae8f3e8edc40c055d3a828f81f,adfa6a3564ede5e27aa3b52c6adf41813f6aa4086959d4b4d0fd3aee7c65d1bd,prior-enabled-data-shape,60,4122430901,169125357,1.9189743772045407,0.07872714758058266
yellow,60,yellow-2014-01,2014-01,2014-12,measured,fixed-128,128,2148246975,2061.522232,4032786120,165447579,4032786120,165447579,12,17,True,181537f1740aa4f2b8aedcc89133b9430e1262ae8f3e8edc40c055d3a828f81f,cd3cd8a4889005f672ceda9e7e8bb6caf08d049373b7c2f8bd601d1c2fdf0c7e,,,,,,
yellow,61,yellow-2014-02,2014-02,2015-01,measured,enabled,544,2151590644,1123.147088,4007399256,164406097,4007399256,164406097,5,5,True,047872a1ad1a3cefc66118e517b15c697e5ce81e70ce595bb664ae7afae6960e,fc77840278a7cf4bfb0154c81347bc110bb7718e870713ae917173015273305a,prior-enabled-data-shape,61,4097746872,168112676,1.9045197484703476,0.07813413582849771
yellow,61,yellow-2014-02,2014-02,2015-01,measured,fixed-1024,1024,2151590644,968.730455,4007399256,164406097,2449639800,100498029,5,3,True,047872a1ad1a3cefc66118e517b15c697e5ce81e70ce595bb664ae7afae6960e,64a271665d6e86cccbe34f44c62f99eed56cfbfb48fb19d6b321a11ed5e81289,,,,,,
yellow,61,yellow-2014-02,2014-02,2015-01,measured,fixed-128,128,2151590644,2037.185555,4007400024,164406097,4007400024,164406097,12,17,True,047872a1ad1a3cefc66118e517b15c697e5ce81e70ce595bb664ae7afae6960e,8a5933f0eecc6b42450ef309e0c27f28410e4e75ae7334cbaa046e668dd74fd4,,,,,,
yellow,62,yellow-2014-03,2014-03,2015-02,measured,enabled,544,2161028038,1020.705789,3992252568,163784697,3992252568,163784697,5,5,True,cb659bcd360efb9380cb907c38faec71443b3d38b2e4772238dce712176edd68,80e72a374e8b217087c70f8867c79ebf0413eb17cdb7d7ef1fac9c6e044e7a76,prior-enabled-data-shape,62,4085663701,167616961,1.890611148572808,0.0775635289333639
yellow,62,yellow-2014-03,2014-03,2015-02,measured,fixed-128,128,2161028038,2004.756256,3992253336,163784697,3992253336,163784697,12,17,True,cb659bcd360efb9380cb907c38faec71443b3d38b2e4772238dce712176edd68,772e9172fc4ec17979ae40833b569205d0b87a2c41120636aa8241f0cb7d9fa0,,,,,,
yellow,62,yellow-2014-03,2014-03,2015-02,measured,fixed-1024,1024,2161028038,1076.80751,3992252376,163784697,2753909712,112980902,5,3,True,cb659bcd360efb9380cb907c38faec71443b3d38b2e4772238dce712176edd68,d46c7c215fd55bbed93d4dd17226b54f950f694eb2dabdd923f2d85768b3ca13,,,,,,
yellow,63,yellow-2014-04,2014-04,2015-03,measured,fixed-128,128,2153948805,1937.840604,3941426928,161699514,3941426928,161699514,12,17,True,cf567ca0cd2ef5d476730d5b6b1d61c742c17395a409ce9fc465017b34ee7db9,bcdd8a16bf0ec23eeedc77c79f0336bb8f9b467bfded6a6d173d71b2249b7a46,,,,,,
yellow,63,yellow-2014-04,2014-04,2015-03,measured,fixed-1024,1024,2153948805,930.746264,3941425968,161699514,2756517288,113087879,5,3,True,cf567ca0cd2ef5d476730d5b6b1d61c742c17395a409ce9fc465017b34ee7db9,2658fe5a6b22a7f902f2299037c22110706a41c20fbe44810c0c7c986e95986d,,,,,,
yellow,63,yellow-2014-04,2014-04,2015-03,measured,enabled,544,2153948805,1157.434285,3941426160,161699514,3941426160,161699514,5,5,True,cf567ca0cd2ef5d476730d5b6b1d61c742c17395a409ce9fc465017b34ee7db9,11f77864b49198c2e943ed3cf6ff4d1bb70b846cfd97f80409db38cfd7ffbb7e,prior-enabled-data-shape,63,4043488697,165886706,1.8772445696100655,0.07701515744017282
yellow,64,yellow-2014-05,2014-05,2015-04,measured,fixed-1024,1024,2151245168,1065.822811,3903522840,160144513,2754359184,112999342,5,3,True,ae0d548848c0f7e5b100187c7e90a10a54fcee8f5e6a51c617d72daa36137bfb,4d2fbaebff22be15c2d1592a5920ced12349adbbbc4f7286bc04b18104f61654,,,,,,
yellow,64,yellow-2014-05,2014-05,2015-04,measured,fixed-128,128,2151245168,1753.907272,3903523800,160144513,3903523800,160144513,12,17,True,ae0d548848c0f7e5b100187c7e90a10a54fcee8f5e6a51c617d72daa36137bfb,38f399be08b9865d686f573ddaf4ad8f738e8a6c7cecacd875abf510f32744f7,,,,,,
yellow,64,yellow-2014-05,2014-05,2015-04,measured,enabled,544,2151245168,1207.527661,3903522840,160144513,3903522840,160144513,5,5,True,ae0d548848c0f7e5b100187c7e90a10a54fcee8f5e6a51c617d72daa36137bfb,d7ad7112525bb3539aa809fcadad4ce34b0bc4c1a3ae5b722ab999899839cf1b,prior-enabled-data-shape,64,4006755797,164379699,1.8625286678835362,0.07641142029431505
yellow,65,yellow-2014-06,2014-06,2015-05,measured,fixed-128,128,2147038201,1606.86391,3864124752,158528142,3864124752,158528142,12,17,True,d5d0076562d3873c6d7fccb33d291e270451a704288a192a1ed95862a37b6c66,617b683b5a2784fa9df279e630ddd6ac5e92f0be25bf77bbed7a8ae4dca1894b,,,,,,
yellow,65,yellow-2014-06,2014-06,2015-05,measured,fixed-1024,1024,2147038201,912.528097,3864123792,158528142,2752909920,112939884,5,3,True,d5d0076562d3873c6d7fccb33d291e270451a704288a192a1ed95862a37b6c66,28a6cddc8f17fba0a1135f0db2c11cf6bed7766ea53e97575c57b10524fb2591,,,,,,
yellow,65,yellow-2014-06,2014-06,2015-05,measured,enabled,560,2147038201,1037.486213,3864123984,158528142,3864123984,158528142,4,4,True,d5d0076562d3873c6d7fccb33d291e270451a704288a192a1ed95862a37b6c66,99270c8a6659b91e17882cfccd2cce8ed657b3aabdb60a970623e4d61828e73f,prior-enabled-data-shape,65,3966407941,162724405,1.8473858264674676,0.07579017676771115
yellow,66,yellow-2014-07,2014-07,2015-06,measured,fixed-128,128,2144965088,1678.298102,3827851368,157039999,3827851368,157039999,12,17,True,b69eafe8258d2be5618f813d96faa272a6db12e2bc760ba6b8012bb1182b2e5b,88049e7e5f68c10c2a1e8f0494252efa282ba862d4695d065f6545414aec4c02,,,,,,
yellow,66,yellow-2014-07,2014-07,2015-06,measured,enabled,560,2144965088,980.365504,3827850216,157039999,3827850216,157039999,4,4,True,b69eafe8258d2be5618f813d96faa272a6db12e2bc760ba6b8012bb1182b2e5b,4102a3fa0a25167bd85cf5d938ff5655b3d4052c2c3b1400bf4d3629d41cfffd,prior-enabled-data-shape,66,3924987210,161025096,1.829860649821712,0.07507119650413419
yellow,66,yellow-2014-07,2014-07,2015-06,measured,fixed-1024,1024,2144965088,1055.121734,3827850408,157039999,2445782832,100339794,5,3,True,b69eafe8258d2be5618f813d96faa272a6db12e2bc760ba6b8012bb1182b2e5b,6a877f048e63c749ff44dfbf05a08bd85577aa85e48d14fcb1968dd7e146ba87,,,,,,
yellow,67,yellow-2014-08,2014-08,2015-07,measured,fixed-128,128,2140546018,2025.962088,3790201536,155495392,3790201536,155495392,12,17,True,7fa9d0aa6eccfc87c2638076410ea5368cd8908935d25f28409004334fc12753,40e47ff155f6c661315a20183cd8d1ff19e9e94d056713cc5f43e15472f3aa85,,,,,,
yellow,67,yellow-2014-08,2014-08,2015-07,measured,fixed-1024,1024,2140546018,1005.335954,3790200576,155495392,2408133000,98795187,5,3,True,7fa9d0aa6eccfc87c2638076410ea5368cd8908935d25f28409004334fc12753,9ae21989bc655060db01225ad0b0ac2ddccefd1727e3ba07ea841abfe8a799dd,,,,,,
yellow,67,yellow-2014-08,2014-08,2015-07,measured,enabled,560,2140546018,973.41404,3790200576,155495392,3790200576,155495392,4,4,True,7fa9d0aa6eccfc87c2638076410ea5368cd8908935d25f28409004334fc12753,2adb49e0209fbd9786eb23a609bda7596f37dfb57e1c50303e3c0d84f363aa9f,prior-enabled-data-shape,67,3884108792,159348039,1.8145411309065633,0.07444270666224688
yellow,68,yellow-2014-09,2014-09,2015-08,measured,enabled,576,2121594239,798.597896,3751794720,153919772,3751794720,153919772,4,4,True,6ee27e689d61f31aad07785ddf7165f8f74d0d63e3213af0365b3eafe41a830f,50586d72404d2f7aebcc38817bbf3aabc3d9efe9bcc6788bb0216b23301b9ab1,prior-enabled-data-shape,68,3818331308,156649468,1.7997462654368486,0.07383573423433466
yellow,68,yellow-2014-09,2014-09,2015-08,measured,fixed-128,128,2121594239,1874.106008,3751795680,153919772,3751795680,153919772,12,17,True,6ee27e689d61f31aad07785ddf7165f8f74d0d63e3213af0365b3eafe41a830f,6a9f3f7ba13c37e521a24aafe518581e3416996139540383b35c8b830f120ca7,,,,,,
yellow,68,yellow-2014-09,2014-09,2015-08,measured,fixed-1024,1024,2121594239,1012.70827,3751794912,153919772,2397966432,98378100,5,3,True,6ee27e689d61f31aad07785ddf7165f8f74d0d63e3213af0365b3eafe41a830f,478e4ea250b052a053f33172b4f3ffb5c3e64e7c8bca173000c3de170f3b555d,,,,,,
yellow,69,yellow-2014-10,2014-10,2015-09,measured,fixed-1024,1024,2094142395,930.313406,3698018112,151713544,2411945784,98951613,5,3,True,965aec2e07b9e441ada346d9de9a24d0ce5e1352476f0a46c4c192093394562a,5a648b5ce14441c84ec84356c14ff0d97d34711b3f6d7ea1ddf6271e2269c18e,,,,,,
yellow,69,yellow-2014-10,2014-10,2015-09,measured,fixed-128,128,2094142395,1443.112986,3698018880,151713544,3698018880,151713544,12,17,True,965aec2e07b9e441ada346d9de9a24d0ce5e1352476f0a46c4c192093394562a,75bf361d83d07187cad336e91f55f88127ba45c2434c6bd8e6af9faaef4af8a6,,,,,,
yellow,69,yellow-2014-10,2014-10,2015-09,measured,enabled,576,2094142395,969.386782,3698017920,151713544,3698017920,151713544,4,4,True,965aec2e07b9e441ada346d9de9a24d0ce5e1352476f0a46c4c192093394562a,d4e028747fcf1dbba34968a9cbe8336512987d8081f2150f787852540612ef34,prior-enabled-data-shape,69,3737153329,153319101,1.784574600964321,0.07321331236511015
yellow,70,yellow-2014-11,2014-11,2015-10,measured,fixed-128,128,2069579163,1898.688467,3649014312,149703103,3649014312,149703103,12,17,True,81e998f3849c127a3ec12285951b761c962f3c7434c44d2889565bf7c3511519,fa44e637f1dc9638b8f9999958d4bd047ff6873708d385e14f3f5eb960696f91,,,,,,
yellow,70,yellow-2014-11,2014-11,2015-10,measured,fixed-1024,1024,2069579163,979.678141,3649013544,149703103,2404902408,98662651,5,3,True,81e998f3849c127a3ec12285951b761c962f3c7434c44d2889565bf7c3511519,e5356a2194d91b7b94bf6847685d8ca8485b69fe7749c2bb27abd7aa4488a705,,,,,,
yellow,70,yellow-2014-11,2014-11,2015-10,measured,enabled,576,2069579163,927.067038,3649013544,149703103,3649013544,149703103,4,4,True,81e998f3849c127a3ec12285951b761c962f3c7434c44d2889565bf7c3511519,9430702292157a4ef7aa5e038daba1286423154add3bb28126d63add892f0909,prior-enabled-data-shape,70,3664541696,150340156,1.7706699805226986,0.07264286340607885
yellow,71,yellow-2014-12,2014-12,2015-11,measured,fixed-1024,1024,2046156828,990.021258,3600147840,147698352,2402156832,98550012,5,3,True,786c31e0ef3c519c9848db60a737161ab0548e8ba831c06b8056bf83db32eac0,c752bfab2660b79ebf5b572bda9013bf915d299ee6180a021a321e22f9e64534,,,,,,
yellow,71,yellow-2014-12,2014-12,2015-11,measured,enabled,576,2046156828,924.078807,3600147648,147698352,3600147648,147698352,4,4,True,786c31e0ef3c519c9848db60a737161ab0548e8ba831c06b8056bf83db32eac0,009e55ea21cfc3c8a2408df5588371cbe6f13d237094df461ce1e53e17d1a7c0,prior-enabled-data-shape,71,3618392359,148446855,1.7683846661312508,0.07254910914188244
yellow,71,yellow-2014-12,2014-12,2015-11,measured,fixed-128,128,2046156828,2040.240067,3600148416,147698352,3600148416,147698352,12,17,True,786c31e0ef3c519c9848db60a737161ab0548e8ba831c06b8056bf83db32eac0,966ec6ca8b7067f3a3f06caa454ef4c8590a2570a76ac41d51046a96441716f7,,,,,,
yellow,72,yellow-2015-01,2015-01,2015-12,measured,fixed-128,128,2027058112,2045.8873,3559707432,146039231,3559707432,146039231,12,16,True,2bc6e02020cc2cd284fe43d93feb7d49d4f11780d614182aa04b9e75db0e1bfb,cbb144dc20accd85e83f07cb69e2d4c1296936b5c789713b44c5fe460ccb1afa,,,,,,
yellow,72,yellow-2015-01,2015-01,2015-12,measured,fixed-1024,1024,2027058112,972.581648,3559706664,146039231,2403820752,98618278,5,3,True,2bc6e02020cc2cd284fe43d93feb7d49d4f11780d614182aa04b9e75db0e1bfb,d389e882c20d30b479e675153b18a4ea5db511d082b9c217321e5cf4dfc9f449,,,,,,
yellow,72,yellow-2015-01,2015-01,2015-12,measured,enabled,576,2027058112,963.021891,3559706664,146039231,3559706664,146039231,4,4,True,2bc6e02020cc2cd284fe43d93feb7d49d4f11780d614182aa04b9e75db0e1bfb,3720ad8bdb7036de7a2fa63e82276231c88b5c0ba3bb728f7a3e8518247bb73a,prior-enabled-data-shape,72,3579554686,146853514,1.7658865647481437,0.07244662271402036
yellow,73,yellow-2015-02,2015-02,2016-01,measured,fixed-128,128,2002983432,1679.342732,3514955688,144203263,3514955688,144203263,12,16,True,7c482825d3c463bd09a1cadb2ec013b2d9f64d2bfb7fa259fcf33523b558e0e1,a826574f4c1e3d77cc72eee9b42005bbe415cdf9fc499e343fad817c921b1a85,,,,,,
yellow,73,yellow-2015-02,2015-02,2016-01,measured,enabled,576,2002983432,925.698785,3514955112,144203263,3514955112,144203263,4,4,True,7c482825d3c463bd09a1cadb2ec013b2d9f64d2bfb7fa259fcf33523b558e0e1,2f79b17acfb25f151762897b33ef77cfe17931b61158d40621d8198cc955e2df,prior-enabled-data-shape,73,3531594153,144885898,1.7631669323102863,0.07233504553795124
yellow,73,yellow-2015-02,2015-02,2016-01,measured,fixed-1024,1024,2002983432,1018.297916,3514954920,144203263,2400672000,98489096,5,3,True,7c482825d3c463bd09a1cadb2ec013b2d9f64d2bfb7fa259fcf33523b558e0e1,13da57599d3e162ff4962f70691eefc72725dc70874aaa8db0534f4744e6c8b4,,,,,,
yellow,74,yellow-2015-03,2015-03,2016-02,measured,enabled,576,1989457430,879.904774,3488947416,143136281,3488947416,143136281,4,4,True,bf7985a297ce0b1e4ac771dd3ada06b73ddd7a038f15e0faff4721e9cb6888a6,1115ca8c992ad2cff01678c783363d68bc2b9520779698100065ead4abf24e4a,prior-enabled-data-shape,74,3500386866,143605602,1.7594680909766511,0.07218329992054744
yellow,74,yellow-2015-03,2015-03,2016-02,measured,fixed-1024,1024,1989457430,757.572895,3488947416,143136281,2133200112,87515890,4,2,True,bf7985a297ce0b1e4ac771dd3ada06b73ddd7a038f15e0faff4721e9cb6888a6,f992968f27f953b4bd11a570780e99d9ac6e48d32a138c984cc234a5a7fdebf5,,,,,,
yellow,74,yellow-2015-03,2015-03,2016-02,measured,fixed-128,128,1989457430,1818.735336,3488947992,143136281,3488947992,143136281,12,16,True,bf7985a297ce0b1e4ac771dd3ada06b73ddd7a038f15e0faff4721e9cb6888a6,01625e7777df8474923d8dc336aa9ceb02ec9b5ac791b6b568d532223dbe81bd,,,,,,
yellow,75,yellow-2015-04,2015-04,2016-03,measured,enabled,576,1974121835,899.448169,3461180976,141997154,3461180976,141997154,4,4,True,c1096bc349df12f7fcce493227d817fce0e5794f504f083dbf2e10cc5bb3807b,d1952752b9f69fb6953f414f76b24d2d1c92f196851be79e8f26168c4ec5f7d7,prior-enabled-data-shape,75,3466745531,142225441,1.7560950240779283,0.0720449157996315
yellow,75,yellow-2015-04,2015-04,2016-03,measured,fixed-128,128,1974121835,1992.072918,3461181744,141997154,3461181744,141997154,12,16,True,c1096bc349df12f7fcce493227d817fce0e5794f504f083dbf2e10cc5bb3807b,82c8001b65246fce3c3701f74893d698d3a25cd5c14131e0f4350b23c61ee1af,,,,,,
yellow,75,yellow-2015-04,2015-04,2016-03,measured,fixed-1024,1024,1974121835,646.468903,3461180976,141997154,2133919944,87545427,4,2,True,c1096bc349df12f7fcce493227d817fce0e5794f504f083dbf2e10cc5bb3807b,c278647c533a985a1395987f46338ae85e289fa1dccd1f732b8acf1fcbe02092,,,,,,
yellow,76,yellow-2015-05,2015-05,2016-04,measured,enabled,576,1959183447,888.481674,3433496832,140861392,3433496832,140861392,4,4,True,d04de132792b44717c71c4571992f8792d3b4b73d75d4f97ab4c75baea193ca2,5cdc7a5bf239146372c840d3b3d369a4ce93149ce9e2819b5cca96bb97386eb2,prior-enabled-data-shape,76,3438092279,141049917,1.7548598035532827,0.07199423654543739
yellow,76,yellow-2015-05,2015-05,2016-04,measured,fixed-128,128,1959183447,1951.840853,3433497408,140861392,3433497408,140861392,12,15,True,d04de132792b44717c71c4571992f8792d3b4b73d75d4f97ab4c75baea193ca2,796bf33aacba9b8789471dfcdb620368391cf10aad19c6eac18638f85f7dc525,,,,,,
yellow,76,yellow-2015-05,2015-05,2016-04,measured,fixed-1024,1024,1959183447,699.057242,3433496832,140861392,2132679600,87494538,4,2,True,d04de132792b44717c71c4571992f8792d3b4b73d75d4f97ab4c75baea193ca2,994daa8b688fe8d5d0577c47b4a550fe2f79b143b180179a29b2a9eed667068d,,,,,,
yellow,77,yellow-2015-06,2015-06,2016-05,measured,enabled,576,1942503262,755.485166,3401184672,139535764,3401184672,139535764,4,4,True,e4e6c58e37cccb23e9b52470469e1b643cbe2742b89c8a243a29f0fda3448085,c0b7368561b71f9c52594d16787fbb48ef0082a6970f31061edea9c73e31ebcf,prior-enabled-data-shape,77,3406603044,139758051,1.7537180556811411,0.07194739572788948
yellow,77,yellow-2015-06,2015-06,2016-05,measured,fixed-128,128,1942503262,1992.01143,3401185248,139535764,3401185248,139535764,12,15,True,e4e6c58e37cccb23e9b52470469e1b643cbe2742b89c8a243a29f0fda3448085,134fc6bf0506e15c2fecd02c61b2a559ab6cab8242be626e9059c49b61b269d6,,,,,,
yellow,77,yellow-2015-06,2015-06,2016-05,measured,fixed-1024,1024,1942503262,738.935082,3401184672,139535764,2135812152,87623053,4,2,True,e4e6c58e37cccb23e9b52470469e1b643cbe2742b89c8a243a29f0fda3448085,f2224d173fb96655c90922ce24c6e1b82961dedea7d726b6006c097bfbcce0af,,,,,,
yellow,78,yellow-2015-07,2015-07,2016-06,measured,fixed-1024,1024,1927031247,666.678179,3372098136,138342473,2132549664,87489212,4,2,True,742a7653d67f60f7815629ed7890ecc2f5eabe8c27b9ee89ab7dc6964920a5f4,d56030cb79c6890dd0e3cb49c2315077462f1004852157e8491a8a1ad507db3c,,,,,,
yellow,78,yellow-2015-07,2015-07,2016-06,measured,fixed-128,128,1927031247,1924.642169,3372098712,138342473,3372098712,138342473,12,15,True,742a7653d67f60f7815629ed7890ecc2f5eabe8c27b9ee89ab7dc6964920a5f4,ad56a877dcf37c51d05a0771a5ae50b10dab9a92e4ddb4bd9f6e4be913d620c8,,,,,,
yellow,78,yellow-2015-07,2015-07,2016-06,measured,enabled,592,1927031247,946.313506,3372098136,138342473,3372098136,138342473,4,4,True,742a7653d67f60f7815629ed7890ecc2f5eabe8c27b9ee89ab7dc6964920a5f4,33853e8971e7162c9879e2c7b37c92389998575667ea69fe34ffe4119500142a,prior-enabled-data-shape,78,3378618165,138609962,1.7532762743592267,0.07192927583418376
yellow,79,yellow-2015-08,2015-08,2016-07,measured,fixed-1024,1024,1910962829,677.405212,3341249448,137076887,2127731064,87291525,4,2,True,96690e9b0a11f7136ef18a2ef0ef09889dc6d2f3652027ab528e2af6e6efe951,a43f5ee712058134ab17e59ba4a3dbcf8263d0207fe833157abd71f70b6cb701,,,,,,
yellow,79,yellow-2015-08,2015-08,2016-07,measured,fixed-128,128,1910962829,1816.952046,3341250024,137076887,3341250024,137076887,12,15,True,96690e9b0a11f7136ef18a2ef0ef09889dc6d2f3652027ab528e2af6e6efe951,a1e1958c6a771336fd405dfd3a94b8c2b9cc2559d9e112670370502d41b57816,,,,,,
yellow,79,yellow-2015-08,2015-08,2016-07,measured,enabled,592,1910962829,858.01989,3341249448,137076887,3341249448,137076887,4,4,True,96690e9b0a11f7136ef18a2ef0ef09889dc6d2f3652027ab528e2af6e6efe951,21728266f525716556e363f9b06b59a2aa2163446eb1ceae05ea2be08f348fa6,prior-enabled-data-shape,79,3348989514,137394426,1.7525142105796896,0.07189801047762731
yellow,80,yellow-2015-09,2015-09,2016-08,measured,fixed-1024,1024,1896597765,744.875935,3312466056,135896027,2127731064,87291525,4,2,True,11445eff613d5eb246c02bc658821ecfb3fb6aa64de250fdb21a0fb066e08c17,1c5c0429a10503cdb00de9fd7f821d59119b2e6e4f817121d0bfb43c2066ea5a,,,,,,
yellow,80,yellow-2015-09,2015-09,2016-08,measured,enabled,592,1896597765,883.629561,3312466056,135896027,3312466056,135896027,4,4,True,11445eff613d5eb246c02bc658821ecfb3fb6aa64de250fdb21a0fb066e08c17,c63154e9c489af66f76df5e87fcb1e697dab3752f5f1ebc074eb4e8ce2bc1e84,prior-enabled-data-shape,80,3320807421,136238236,1.7509286797789687,0.07183296251267762
yellow,80,yellow-2015-09,2015-09,2016-08,measured,fixed-128,128,1896597765,1958.267749,3312466632,135896027,3312466632,135896027,12,15,True,11445eff613d5eb246c02bc658821ecfb3fb6aa64de250fdb21a0fb066e08c17,1f0bcafe77303d6f34d16996564bbc0e6f594cccd84ea0a2f52728514c230c14,,,,,,
yellow,81,yellow-2015-10,2015-10,2016-09,measured,fixed-1024,1024,1882044770,663.363048,3285602184,134793923,2126160912,87227110,4,2,True,06c5b123a0758005d67799586075d9725153fd36e3894eb676c7aede346f7fd6,2925ecba61e7b436a11a0a21a3943ad8208ecd42bd65aef8db2d774269c7ca5b,,,,,,
yellow,81,yellow-2015-10,2015-10,2016-09,measured,enabled,592,1882044770,856.692722,3285601992,134793923,3285601992,134793923,4,4,True,06c5b123a0758005d67799586075d9725153fd36e3894eb676c7aede346f7fd6,4368b22c66435d2aef0a2c9ccf31bb28594e1f9125a16d111b1f1a75ba59e05b,prior-enabled-data-shape,81,3293376623,135112873,1.7498928163462208,0.07179046692437988
yellow,81,yellow-2015-10,2015-10,2016-09,measured,fixed-128,128,1882044770,1507.883741,3285602760,134793923,3285602760,134793923,12,15,True,06c5b123a0758005d67799586075d9725153fd36e3894eb676c7aede346f7fd6,58c135dc5990a366ab769a18be7e1bd7a764474489e3eccffcc91eb37a3dc16a,,,,,,
yellow,82,yellow-2015-11,2015-11,2016-10,measured,enabled,592,1863532691,874.774536,3250192512,133341216,3250192512,133341216,4,4,True,517b0631f2e6e93edbc984f35a877ca457d7a7fddc65ff0d59c2d736c621a07b,6fb69113f21a3711a95588eef611c75cfd80d392abd0f7ca6e0b543c345a45ea,prior-enabled-data-shape,82,3258319566,133674636,1.748463861931037,0.07173184371761529
yellow,82,yellow-2015-11,2015-11,2016-10,measured,fixed-1024,1024,1863532691,745.713849,3250192512,133341216,2137580136,87695591,4,2,True,517b0631f2e6e93edbc984f35a877ca457d7a7fddc65ff0d59c2d736c621a07b,6ae113e60379169ea0b989be167ec63679386643bd9594defb7a5c02e362e1c7,,,,,,
yellow,82,yellow-2015-11,2015-11,2016-10,measured,fixed-128,128,1863532691,1939.284158,3250193088,133341216,3250193088,133341216,12,15,True,517b0631f2e6e93edbc984f35a877ca457d7a7fddc65ff0d59c2d736c621a07b,3552017f7314398a2bb1d63874680e01b2b83e434dcd47171eee554aa2a381d5,,,,,,
yellow,83,yellow-2015-12,2015-12,2016-11,measured,fixed-1024,1024,1847012618,711.276493,3220866624,132138104,2135412960,87606684,4,2,True,dbc3343105979b2f6f4dfb0f0a88e73164629922f7c4f6532be8782c04028d47,ca254657980b2f0ec27454968e2ed0bb01c2d9504ad247251f47e801fbed7281,,,,,,
yellow,83,yellow-2015-12,2015-12,2016-11,measured,fixed-128,128,1847012618,1842.740048,3220867200,132138104,3220867200,132138104,12,15,True,dbc3343105979b2f6f4dfb0f0a88e73164629922f7c4f6532be8782c04028d47,f200c3613655e309a7913b453fd14458f0a502dab40b14fa1ee6a9763d45e7d7,,,,,,
yellow,83,yellow-2015-12,2015-12,2016-11,measured,enabled,592,1847012618,862.890304,3220866624,132138104,3220866624,132138104,4,4,True,dbc3343105979b2f6f4dfb0f0a88e73164629922f7c4f6532be8782c04028d47,8c190ba734843bb54865e6b07fdb8a7b44650fb3626f906c1850f08f4ba8ac7e,prior-enabled-data-shape,83,3225864079,132343126,1.7465306124095321,0.0716525293385021
yellow,84,yellow-2016-01,2016-01,2016-12,measured,fixed-1024,1024,1833064644,734.205775,3196338168,131131805,2130436872,87402531,4,2,True,6f28136cd0a5e5155dda1106026196abc07ed2828f6f1a9554579c7dab83badf,8555b77dcee4a41b0983c368dc88756764b62cd42393eb15b07cfdfc6de7c6bb,,,,,,
yellow,84,yellow-2016-01,2016-01,2016-12,measured,fixed-128,128,1833064644,1871.966224,3196338552,131131805,3196338552,131131805,12,15,True,6f28136cd0a5e5155dda1106026196abc07ed2828f6f1a9554579c7dab83badf,b3dd4624df352ec42a9ec718421bc04b17b91d6e695a1e5e48a0f948f2fc6897,,,,,,
yellow,84,yellow-2016-01,2016-01,2016-12,measured,enabled,592,1833064644,882.733129,3196338168,131131805,3196338168,131131805,4,4,True,6f28136cd0a5e5155dda1106026196abc07ed2828f6f1a9554579c7dab83badf,18870779b723a29c2a4c3c1cbdbd2e11abfba957255694db4d5e5701851587b2,prior-enabled-data-shape,84,3200094356,131285918,1.7457618672907553,0.07162099709243368
yellow,85,yellow-2016-02,2016-02,2017-01,measured,fixed-128,128,1816643566,1906.198375,3167228880,129937558,3167228880,129937558,12,15,True,71a843037fed697da945ff0373e30105df9f76df2ab3582959b9b63e5f0b9cd3,a6fd59b36f1897e7b1df2cd71db0145ea96e062140e2c60bc4e2a2cc502c71e0,,,,,,
yellow,85,yellow-2016-02,2016-02,2017-01,measured,enabled,592,1816643566,970.235287,3167228112,129937558,3167228112,129937558,4,4,True,71a843037fed697da945ff0373e30105df9f76df2ab3582959b9b63e5f0b9cd3,68419cacb2612a5f101ee0079119185f4056bfe5e825c2669ca0b9592959dc1b,prior-enabled-data-shape,85,3168413060,129986162,1.7441027612216973,0.07155292560413688
yellow,85,yellow-2016-02,2016-02,2017-01,measured,fixed-1024,1024,1816643566,629.62228,3167228112,129937558,2136523968,87652264,4,2,True,71a843037fed697da945ff0373e30105df9f76df2ab3582959b9b63e5f0b9cd3,06a2bf277cdc9d9e17288d0921ff5e299903ae110039f573e23b78d9e6ec8ee3,,,,,,
yellow,86,yellow-2016-03,2016-03,2017-02,measured,fixed-1024,1024,1786173620,695.527648,3113465880,127731921,2135036112,87591222,4,2,True,4ce901bb014d50c666ef26b4ccd333ef2757ae1973c10205e63f5d7cf1aca9e1,f903e0eb07fe9428964b5d90f0c0d908768ae38aba22a6e16de14d0eefe69b2c,,,,,,
yellow,86,yellow-2016-03,2016-03,2017-02,measured,enabled,592,1786173620,938.542489,3113465880,127731921,3113465880,127731921,4,4,True,4ce901bb014d50c666ef26b4ccd333ef2757ae1973c10205e63f5d7cf1aca9e1,288fa53deec94fc86e99b67ef76536386bc2e9c85a46f195331b22ae1fa9676a,prior-enabled-data-shape,86,3114774063,127785589,1.743824916306013,0.0715415274981083
yellow,86,yellow-2016-03,2016-03,2017-02,measured,fixed-128,128,1786173620,2087.713223,3113466456,127731921,3113466456,127731921,12,14,True,4ce901bb014d50c666ef26b4ccd333ef2757ae1973c10205e63f5d7cf1aca9e1,548895e762fba073a33bc64c2ab06c6281f010281283d043b9e24da286b48e59,,,,,,
yellow,87,yellow-2016-04,2016-04,2017-03,measured,enabled,592,1760731970,942.89463,3066949104,125823538,3066949104,125823538,4,4,True,5dd74ed8044f79c7d582f271e5e214d637d1a89b658f660b3bcb71cdf4665ada,8559a54b34bb591175f369b63cf83e056e2321cf7eacdf2a6ff519f24567d6cf,prior-enabled-data-shape,87,3070210763,125957348,1.743712737279766,0.07153692338632003
yellow,87,yellow-2016-04,2016-04,2017-03,measured,fixed-128,128,1760731970,1756.417544,3066949680,125823538,3066949680,125823538,12,14,True,5dd74ed8044f79c7d582f271e5e214d637d1a89b658f660b3bcb71cdf4665ada,e30db85ba981a7841b812bdca43daa9f39d10cc20c64aff9567bc322a35b72ae,,,,,,
yellow,87,yellow-2016-04,2016-04,2017-03,measured,fixed-1024,1024,1760731970,620.37672,3066949104,125823538,2129751648,87374420,4,2,True,5dd74ed8044f79c7d582f271e5e214d637d1a89b658f660b3bcb71cdf4665ada,1eecd3917ad61399897fd8ceb6d76ef549955ca85abebe7d1fe490d83628f7d4,,,,,,
yellow,88,yellow-2016-05,2016-05,2017-04,measured,fixed-128,128,1736528172,1634.02654,3021103800,123942677,3021103800,123942677,12,14,True,9b6e916e3d6bb9703c5553aace3125dd8174729bdf2678977f1fa9ca0edfe1aa,7c4a50a2aa58a24012d0237ca19876a18b2dc5b051ef5ac44b30f5f3bea1aaef,,,,,,
yellow,88,yellow-2016-05,2016-05,2017-04,measured,enabled,592,1736528172,954.894604,3021103032,123942677,3021103032,123942677,4,4,True,9b6e916e3d6bb9703c5553aace3125dd8174729bdf2678977f1fa9ca0edfe1aa,6025390d76cfa1be6661188fc1c4e43f34d5aefd889a1a7802670950440ea832,prior-enabled-data-shape,88,3027550889,124207211,1.743450488184538,0.07152617080856685
yellow,88,yellow-2016-05,2016-05,2017-04,measured,fixed-1024,1024,1736528172,635.618818,3021103224,123942677,2135225472,87598984,4,2,True,9b6e916e3d6bb9703c5553aace3125dd8174729bdf2678977f1fa9ca0edfe1aa,dc5b638e90d6231781e1fa0e46219c2f76faa2a31bfeec78e10ac1131acbf72c,,,,,,
yellow,89,yellow-2016-06,2016-06,2017-05,measured,fixed-1024,1024,1713099977,693.832085,2978936136,122212755,2124598128,87162994,4,2,True,d25ea98fd682dcf671401a5610f4e646afd07f03700ff264393c3b979cad9d1d,9cfbb0e8c987bb5f3a988466225f6b1c60419ba6fa13fdb5a77414165a3a90af,,,,,,
yellow,89,yellow-2016-06,2016-06,2017-05,measured,enabled,592,1713099977,777.471854,2978936328,122212755,2978936328,122212755,3,3,True,d25ea98fd682dcf671401a5610f4e646afd07f03700ff264393c3b979cad9d1d,adc75e519851c808ed094bc86219744c6dc2a0ddc1ba073d0b004fa3f9a96624,prior-enabled-data-shape,89,2986091759,122506317,1.7430925219912272,0.07151148106195858
yellow,89,yellow-2016-06,2016-06,2017-05,measured,fixed-128,128,1713099977,1930.450084,2978936904,122212755,2978936904,122212755,12,14,True,d25ea98fd682dcf671401a5610f4e646afd07f03700ff264393c3b979cad9d1d,a1cd0b44cb5cdc603e9ff119b66a8cf38aa3d41f3b1e2580e5904659cc7e9022,,,,,,
yellow,90,yellow-2016-07,2016-07,2017-06,measured,enabled,592,1692293329,767.242381,2942991528,120738103,2942991528,120738103,3,3,True,7509ddfa4a8fc809f2deea56f678cc49e2b16e07aefe70682e6066b58689d54b,6badca42778b6e6c5a309cbb45a7401fbf081fec70011689109d0bed01f47ad8,prior-enabled-data-shape,90,2947738553,120932849,1.74186029234194,0.07146092655999198
yellow,90,yellow-2016-07,2016-07,2017-06,measured,fixed-1024,1024,1692293329,604.70114,2942991528,120738103,2132969664,87506440,4,2,True,7509ddfa4a8fc809f2deea56f678cc49e2b16e07aefe70682e6066b58689d54b,0d34747fe942dcb19e75fc66afcba76bdfe5e54394f96ff303d130f6d7872536,,,,,,
yellow,90,yellow-2016-07,2016-07,2017-06,measured,fixed-128,128,1692293329,1972.767063,2942992296,120738103,2942992296,120738103,12,13,True,7509ddfa4a8fc809f2deea56f678cc49e2b16e07aefe70682e6066b58689d54b,1fd5d8a80f4c20c4184bb98b4bfd5a4e33c37ed3d726d3e171779aa216348453,,,,,,
yellow,91,yellow-2016-08,2016-08,2017-07,measured,enabled,592,1668513751,873.564986,2901417720,119032509,2901417720,119032509,3,3,True,b8aa1ce2393a73ec2463e2d8ab9a8d4e27a668fc1bc8fcb320967c5c1ff1e12e,33ef9f83b46556d9cd6e6159271e829672595dce67628ce27849d3a008ef7f3d,prior-enabled-data-shape,91,2902775799,119088227,1.7397374144068882,0.07137383602435446
yellow,91,yellow-2016-08,2016-08,2017-07,measured,fixed-1024,1024,1668513751,630.546837,2901417720,119032509,2128078608,87305782,4,2,True,b8aa1ce2393a73ec2463e2d8ab9a8d4e27a668fc1bc8fcb320967c5c1ff1e12e,bb5268ee1ac0786074d55e4b80e72760e3c3cc521f7ecc1e23efa0018fa83b20,,,,,,
yellow,91,yellow-2016-08,2016-08,2017-07,measured,fixed-128,128,1668513751,1833.350049,2901418488,119032509,2901418488,119032509,12,13,True,b8aa1ce2393a73ec2463e2d8ab9a8d4e27a668fc1bc8fcb320967c5c1ff1e12e,055e129a5390516c3abdfce34ce7e29349163e3412803d46318ee9cc1d6d7160,,,,,,
yellow,92,yellow-2016-09,2016-09,2017-08,measured,fixed-128,128,1647260378,1726.156059,2864365800,117512399,2864365800,117512399,12,13,True,f0ef877efcd65385901f014391114c00e82cb7f48a10073f2868ca492d833b24,a8dc2e0e70e1d1e435dfe69ab218f0052c308bf644b1191a22e13ec6e069687e,,,,,,
yellow,92,yellow-2016-09,2016-09,2017-08,measured,fixed-1024,1024,1647260378,699.703575,2864365032,117512399,2126604792,87245317,4,2,True,f0ef877efcd65385901f014391114c00e82cb7f48a10073f2868ca492d833b24,c57d2a361fe2b906ed249edf17b72a49e4a94325fbb5d6db078644ebfdb0a540,,,,,,
yellow,92,yellow-2016-09,2016-09,2017-08,measured,enabled,592,1647260378,749.063753,2864365224,117512399,2864365224,117512399,3,3,True,f0ef877efcd65385901f014391114c00e82cb7f48a10073f2868ca492d833b24,dca1e14b08260f72aa499f2fde987399471a54a9ae7b5591aaace5f5b87c8bfd,prior-enabled-data-shape,92,2864676740,117525189,1.739055208436622,0.07134584822321899
yellow,93,yellow-2016-10,2016-10,2017-09,measured,enabled,592,1632311100,844.284782,2835831792,116341802,2835831792,116341802,3,3,True,39a85b453081679ec99b8ac9b287058b7f03ba9bc123d8bb63b5664e29c515b5,5c6f35c9c11d2e5bbc401318e946cdb012b6849fd741a7e3cd12e3c6a35b6f10,prior-enabled-data-shape,93,2838464081,116449796,1.7389234690221023,0.07134044231200345
yellow,93,yellow-2016-10,2016-10,2017-09,measured,fixed-1024,1024,1632311100,611.200837,2835831984,116341802,2132248536,87476849,4,2,True,39a85b453081679ec99b8ac9b287058b7f03ba9bc123d8bb63b5664e29c515b5,c92690df8267da72db3e2ace4b5567967a77e002ae59db0980716318b9ba752f,,,,,,
yellow,93,yellow-2016-10,2016-10,2017-09,measured,fixed-128,128,1632311100,1526.20453,2835832560,116341802,2835832560,116341802,12,13,True,39a85b453081679ec99b8ac9b287058b7f03ba9bc123d8bb63b5664e29c515b5,16777b9728abc21a6ac31bf2daa0677cb34edd7d3bf69d82406f5f60176563c7,,,,,,
yellow,94,yellow-2016-11,2016-11,2017-10,measured,enabled,592,1616474222,732.943215,2809361664,115255848,2809361664,115255848,3,3,True,643cf14546ff51a0fb65affa120ce1e42fa1cd574d9db41388cbe4878baf362a,e64ac840bc69f86e5c61965b97480b03ea79f3a67ebe408ff6d125750e2bc11b,prior-enabled-data-shape,94,2810924962,115319986,1.7389234690221023,0.07134044231200345
yellow,94,yellow-2016-11,2016-11,2017-10,measured,fixed-1024,1024,1616474222,611.039842,2809361856,115255848,2138399568,87729198,4,2,True,643cf14546ff51a0fb65affa120ce1e42fa1cd574d9db41388cbe4878baf362a,f49ecdf70028f3cbec3bc22f74a43a5062df719ed0355426d04cf24ff2d22dd1,,,,,,
yellow,94,yellow-2016-11,2016-11,2017-10,measured,fixed-128,128,1616474222,1921.910079,2809362432,115255848,2809362432,115255848,12,13,True,643cf14546ff51a0fb65affa120ce1e42fa1cd574d9db41388cbe4878baf362a,c3d359b9c8f7a03ef7e90d536c346f7d80fc0d341a1bfdf533de9d10ab95671b,,,,,,
yellow,95,yellow-2016-12,2016-12,2017-11,measured,enabled,592,1606387995,759.875688,2789439432,114438523,2789439432,114438523,3,3,True,bc484bb419386539c0ffa17af8f5b7e1b452de1ad758435163cbc75139598151,277eadaebfa27a1b26e7636bca255ee35c68756c9982dbac4ed89134de15aa2f,prior-enabled-data-shape,95,2793293623,114596642,1.7388660968569718,0.07133808386909431
yellow,95,yellow-2016-12,2016-12,2017-11,measured,fixed-128,128,1606387995,1904.479531,2789440200,114438523,2789440200,114438523,12,13,True,bc484bb419386539c0ffa17af8f5b7e1b452de1ad758435163cbc75139598151,8e8a06c0891a3ace1215af3e8d845b9be89181b639e969acf3bc2334576308d4,,,,,,
yellow,95,yellow-2016-12,2016-12,2017-11,measured,fixed-1024,1024,1606387995,627.78329,2789439624,114438523,2138149176,87718925,4,2,True,bc484bb419386539c0ffa17af8f5b7e1b452de1ad758435163cbc75139598151,06a26fb782bf710fe6e8c686b276dd9a03c766485729545ff594ca54fb4edb61,,,,,,
yellow,96,yellow-2017-01,2017-01,2017-12,measured,fixed-128,128,1594686176,1923.881278,2766571752,113500327,2766571752,113500327,12,13,True,5f58ce92583cfbf1acae14463435ff07278d05937aeb252cf98d2e67bddcffc7,873db550a1c9a88801671870da0032d841ab53caf62041a3b609453579c1b9f2,,,,,,
yellow,96,yellow-2017-01,2017-01,2017-12,measured,enabled,592,1594686176,842.006523,2766570792,113500327,2766570792,113500327,3,3,True,5f58ce92583cfbf1acae14463435ff07278d05937aeb252cf98d2e67bddcffc7,5fe18a021707f2d4456070136c26dd4b00c95e2ac8bdf85b080cf27807f314fc,prior-enabled-data-shape,96,2771494991,113702344,1.7379563656289472,0.07130076460940928
yellow,96,yellow-2017-01,2017-01,2017-12,measured,fixed-1024,1024,1594686176,640.564914,2766570984,113500327,2135250336,87600004,4,2,True,5f58ce92583cfbf1acae14463435ff07278d05937aeb252cf98d2e67bddcffc7,f08e17018f504b1da7fc13d0da26751bc1795acbebdfd290006861fc6f9bee5a,,,,,,
yellow,97,yellow-2017-02,2017-02,2018-01,measured,enabled,592,1583524684,827.781927,2743411248,112550194,2743411248,112550194,3,3,True,16c912e33a18cb050ab3664fea1831994089c3396b593c8fc1b4a1fbe416dc17,d21c74bc68854bdec683a6bf254d0490daceeb2e4c27c56ecf6cbebdbffb9dca,prior-enabled-data-shape,97,2751074622,112864585,1.73731085453012,0.07127428221250226
yellow,97,yellow-2017-02,2017-02,2018-01,measured,fixed-1024,1024,1583524684,611.081678,2743411056,112550194,2135597784,87614265,3,2,True,16c912e33a18cb050ab3664fea1831994089c3396b593c8fc1b4a1fbe416dc17,4d8f450d139ab820fbedede6abbe85f9718ffe71ffbdd0a33ca641a736c8f609,,,,,,
yellow,97,yellow-2017-02,2017-02,2018-01,measured,fixed-128,128,1583524684,1945.955463,2743412208,112550194,2743412208,112550194,12,13,True,16c912e33a18cb050ab3664fea1831994089c3396b593c8fc1b4a1fbe416dc17,6229a3a6a8608f21408451b07634dfcff99779d6556ab69e863e3920436f3383,,,,,,
yellow,98,yellow-2017-03,2017-03,2018-02,measured,enabled,592,1575336176,849.088613,2726910480,111873238,2726910480,111873238,3,3,True,530c629c08cbf89b7956b82e284745c3458e956f1cf173a67b5965ea3857f2f7,1233a08181a004cc5fb06aae57ed0f43baa3c5331c9a6b174786375593a0c96f,prior-enabled-data-shape,98,2735518979,112226402,1.7364668067007063,0.07123965278388426
yellow,98,yellow-2017-03,2017-03,2018-02,measured,fixed-1024,1024,1575336176,608.531521,2726910288,111873238,2119097016,86937309,3,2,True,530c629c08cbf89b7956b82e284745c3458e956f1cf173a67b5965ea3857f2f7,a3f8e96fcbaf493c2be1b8e1f0d27020f8b69e4d86b56a7c9afcdcec57ba7248,,,,,,
yellow,98,yellow-2017-03,2017-03,2018-02,measured,fixed-128,128,1575336176,1847.995481,2726911440,111873238,2726911440,111873238,12,13,True,530c629c08cbf89b7956b82e284745c3458e956f1cf173a67b5965ea3857f2f7,11d0637eed73c69ec326622d2d22ebefd05797038b14640f030b89a05eea660e,,,,,,
yellow,99,yellow-2017-04,2017-04,2018-03,measured,fixed-128,128,1564309968,1813.170978,2705847696,111009086,2705847696,111009086,12,13,True,d64a356852744ba78826df2368c178baa35520991d79c4b972c079f9fc0b6924,c59c4a89a78c032f84df5b65374d468cf7dddb0ef7db48aa8ecd243afe6793ba,,,,,,
yellow,99,yellow-2017-04,2017-04,2018-03,measured,fixed-1024,1024,1564309968,609.027677,2705846736,111009086,2117163000,86857965,3,2,True,d64a356852744ba78826df2368c178baa35520991d79c4b972c079f9fc0b6924,68f56cd6532a8d31345f281a7943eb41616f7d6cc4e46e74c3632b300c60cead,,,,,,
yellow,99,yellow-2017-04,2017-04,2018-03,measured,enabled,592,1564309968,769.410443,2705846736,111009086,2705846736,111009086,3,3,True,d64a356852744ba78826df2368c178baa35520991d79c4b972c079f9fc0b6924,dda52da5d1f4a7471d3c13424752d0e1ec914d473246f7bf8476deb4d0f2fa54,prior-enabled-data-shape,99,2713872066,111338328,1.7348684861240058,0.07117408347057748
yellow,100,yellow-2017-05,2017-05,2018-04,measured,fixed-1024,1024,1554570488,701.804669,2687786856,110268167,2117661960,86878435,3,2,True,1f75e856dbfc73fa25ce07a860d2bd63b78e5ba38b29f383787928f77c1fccb1,46a1c7e91a4bfcd8a49b83ecb76a462f3286e5fccafa159c073efb7f7187e468,,,,,,
yellow,100,yellow-2017-05,2017-05,2018-04,measured,fixed-128,128,1554570488,1854.2455,2687787816,110268167,2687787816,110268167,12,13,True,1f75e856dbfc73fa25ce07a860d2bd63b78e5ba38b29f383787928f77c1fccb1,74e5b299df2893f9493eede0325c7d849d7b03db095180621c497a04e79745d6,,,,,,
yellow,100,yellow-2017-05,2017-05,2018-04,measured,enabled,592,1554570488,746.002947,2687786856,110268167,2687786856,110268167,3,3,True,1f75e856dbfc73fa25ce07a860d2bd63b78e5ba38b29f383787928f77c1fccb1,8db2c37dd917ce3b252cf00787d3f250aa9548758d340044a30d80d4c2e326eb,prior-enabled-data-shape,100,2693248931,110492253,1.7324714137515775,0.07107574333208184
yellow,101,yellow-2017-06,2017-06,2018-05,measured,fixed-1024,1024,1543041695,714.633367,2666401632,109390828,2114938488,86766701,3,2,True,48c4972665c3d93acac1e945524024fce9715c4bbe1156841851c4950cf186f5,2fd4fff461293958fc3a1fd31d1a5f875011c21a104d2144e49c0d21d4f2b65f,,,,,,
yellow,101,yellow-2017-06,2017-06,2018-05,measured,enabled,592,1543041695,749.962801,2666401824,109390828,2666401824,109390828,3,3,True,48c4972665c3d93acac1e945524024fce9715c4bbe1156841851c4950cf186f5,833f9ff317a02078df518fdcbc2e202b88eff3138d61360684961425b1d63389,prior-enabled-data-shape,101,2671008660,109579830,1.7310022594186907,0.07101546939908526
yellow,101,yellow-2017-06,2017-06,2018-05,measured,fixed-128,128,1543041695,1610.285269,2666402784,109390828,2666402784,109390828,12,13,True,48c4972665c3d93acac1e945524024fce9715c4bbe1156841851c4950cf186f5,12563e9089655e2a51454066fad7c96ff5fc3897f1d7f14477b96fd801ab3d34,,,,,,
yellow,102,yellow-2017-07,2017-07,2018-06,measured,enabled,592,1531748956,728.437619,2643432528,108448502,2643432528,108448502,3,3,True,8e5c3d07a16c03731cc62b1ca683bd44bde8a7c213ab54fb3d8c5e8113b4d5e2,72f2ecd3f4e60a9370d04c04792a39d148261f14080d31c333fa9b84af312c23,prior-enabled-data-shape,102,2649524709,108698439,1.7297382177136391,0.07096361224491027
yellow,102,yellow-2017-07,2017-07,2018-06,measured,fixed-1024,1024,1531748956,589.62006,2643432528,108448502,2114616432,86753490,3,2,True,8e5c3d07a16c03731cc62b1ca683bd44bde8a7c213ab54fb3d8c5e8113b4d5e2,69cd38f9322516349efbc99ffccfa42fd31427d2242f3437870163a930f4c892,,,,,,
yellow,102,yellow-2017-07,2017-07,2018-06,measured,fixed-128,128,1531748956,1975.328231,2643433488,108448502,2643433488,108448502,12,12,True,8e5c3d07a16c03731cc62b1ca683bd44bde8a7c213ab54fb3d8c5e8113b4d5e2,db1f0f1e07ed0e213b48e1677c312067d5b826c5eb92f6cf34763726ed284d15,,,,,,
yellow,103,yellow-2017-08,2017-08,2018-07,measured,enabled,592,1523151866,836.907223,2625459816,107711159,2625459816,107711159,3,3,True,e81d2757e3b23928c52709a39b4dfc78bca38f059d9eb9b0b1c4649f5cecb87a,f0d4a6be7fb36da9c1dc58ee745f29aa4718b6d46214719eae1664a41f3c31bf,prior-enabled-data-shape,103,2633465383,108039594,1.7289578547563422,0.0709315967665533
yellow,103,yellow-2017-08,2017-08,2018-07,measured,fixed-128,128,1523151866,2030.560399,2625460776,107711159,2625460776,107711159,12,12,True,e81d2757e3b23928c52709a39b4dfc78bca38f059d9eb9b0b1c4649f5cecb87a,5bb408af057f1573e2bbaac3c6f8cb0ab7b9090dfd06c6e7f80eb170a47fce23,,,,,,
yellow,103,yellow-2017-08,2017-08,2018-07,measured,fixed-1024,1024,1523151866,614.276556,2625459816,107711159,2096643720,86016147,3,2,True,e81d2757e3b23928c52709a39b4dfc78bca38f059d9eb9b0b1c4649f5cecb87a,0a564b0bf96b66a2d59550828154fc5ba5fce81009897c137446383be8e5738d,,,,,,
yellow,104,yellow-2017-09,2017-09,2018-08,measured,enabled,592,1515956039,831.50182,2611636368,107144046,2611636368,107144046,3,3,True,d086787dc7ac9371b30fd008591579a0f84c7b2910390d4b80e3a21502848862,174e6ff8740e716ec9ba149de099a28e06b7227c5a39297e83876096cc347d4e,prior-enabled-data-shape,104,2619597358,107470645,1.7280167040463543,0.07089298257750579
yellow,104,yellow-2017-09,2017-09,2018-08,measured,fixed-1024,1024,1515956039,631.10685,2611636560,107144046,2082820464,85449034,3,2,True,d086787dc7ac9371b30fd008591579a0f84c7b2910390d4b80e3a21502848862,3d12e162310a3c21276920b258dfd31e0e859def2f5a1cd16f1627e08a70ea36,,,,,,
yellow,104,yellow-2017-09,2017-09,2018-08,measured,fixed-128,128,1515956039,1931.856032,2611637328,107144046,2611637328,107144046,12,12,True,d086787dc7ac9371b30fd008591579a0f84c7b2910390d4b80e3a21502848862,ffe99dd13a499171f97c449fbecf4cf9b42959a1c205991497e1514adb9aa804,,,,,,
yellow,105,yellow-2017-10,2017-10,2018-09,measured,fixed-128,128,1504562130,1732.500804,2589789288,106247719,2589789288,106247719,12,12,True,b06243fca3c8edbd18e3ffa8e1a75cf8978746be39fb3d11858de054229e5ff4,ef06307e4d27a75d918592343e6db320f256b7b512e234c2f1b829c141a2d4cb,,,,,,
yellow,105,yellow-2017-10,2017-10,2018-09,measured,fixed-1024,1024,1504562130,732.404133,2589788520,106247719,2066597112,84783461,3,2,True,b06243fca3c8edbd18e3ffa8e1a75cf8978746be39fb3d11858de054229e5ff4,dcb07ff168ba7dfd216102f0cf59439c46e01e1310601ce46207c4965a6c3ac6,,,,,,
yellow,105,yellow-2017-10,2017-10,2018-09,measured,enabled,592,1504562130,761.14693,2589788520,106247719,2589788520,106247719,3,3,True,b06243fca3c8edbd18e3ffa8e1a75cf8978746be39fb3d11858de054229e5ff4,6f2539b213391f4dafa83169b6a882340bdb07acac954159da30732449d39a3e,prior-enabled-data-shape,105,2596514565,106523663,1.72576094643018,0.07080044127022078
yellow,106,yellow-2017-11,2017-11,2018-10,measured,fixed-128,128,1494719222,1396.878128,2567019240,105313567,2567019240,105313567,12,12,True,23d102c7f91e1e1726e5ccdc3b838a963d8dc788becac429ba394e89c87e6088,d70ffded18eafab192095f5c333b276e4d2d6c86fc32a755c05f6c57af972bf4,,,,,,
yellow,106,yellow-2017-11,2017-11,2018-10,measured,enabled,592,1494719222,736.60589,2567018472,105313567,2567018472,105313567,3,3,True,23d102c7f91e1e1726e5ccdc3b838a963d8dc788becac429ba394e89c87e6088,f4b8ffeeff0d1c7889f18f470c4480628fd55a02987d5ea27687fbeba71a3790,prior-enabled-data-shape,106,2576450413,105700517,1.7237019332122199,0.07071596825263647
yellow,106,yellow-2017-11,2017-11,2018-10,measured,fixed-1024,1024,1494719222,686.682143,2567018472,105313567,1854190296,76069337,3,2,True,23d102c7f91e1e1726e5ccdc3b838a963d8dc788becac429ba394e89c87e6088,210d8a57cd5970a98011b6d15182b9fbe4e13ff6b98e8f702e4ddd41e975d047,,,,,,
yellow,107,yellow-2017-12,2017-12,2018-11,measured,enabled,592,1480827132,843.557094,2539490616,104184213,2539490616,104184213,3,3,True,e7d53d98d7ef4f89b3525d8b54154f0018373b08d8810f43d6771073fdf53df9,0c88fff6529acec6ff24aea61aa60eb207512827be1c3d7046aa45bb65faf0fa,prior-enabled-data-shape,107,2551117508,104661221,1.7227652391046677,0.07067754159327572
yellow,107,yellow-2017-12,2017-12,2018-11,measured,fixed-128,128,1480827132,1751.458583,2539491192,104184213,2539491192,104184213,12,12,True,e7d53d98d7ef4f89b3525d8b54154f0018373b08d8810f43d6771073fdf53df9,a348d138f3120e39c417a1a104f5da004c1b8c48cb8a1dfd37a0d25d2f57bd0a,,,,,,
yellow,107,yellow-2017-12,2017-12,2018-11,measured,fixed-1024,1024,1480827132,600.242786,2539490616,104184213,1845053184,75694480,3,2,True,e7d53d98d7ef4f89b3525d8b54154f0018373b08d8810f43d6771073fdf53df9,1594c5eff47e38d980ac41249d830f3ae9d60a6750b5f94c8d53acb3cb6f9915,,,,,,
yellow,108,yellow-2018-01,2018-01,2018-12,measured,fixed-1024,1024,1464416766,696.40295,2507490312,102871387,1843226376,75619539,3,2,True,7e0e99cb2db889a463571cbfbf6ec61bb987234d1b2072f8ef53ab8adce7b579,949f87f2a078ff756241456aae366c3a63323cd37e2f057d320adf8d8fe91aa2,,,,,,
yellow,108,yellow-2018-01,2018-01,2018-12,measured,enabled,592,1464416766,761.469997,2507490312,102871387,2507490312,102871387,3,3,True,7e0e99cb2db889a463571cbfbf6ec61bb987234d1b2072f8ef53ab8adce7b579,4af3ce084830ab6d2c0cec2e765104c014cbc4a47d7fdbdbe62a7af0a33166c1,prior-enabled-data-shape,108,2520686686,103412772,1.7212905126091402,0.07061703659921309
yellow,108,yellow-2018-01,2018-01,2018-12,measured,fixed-128,128,1464416766,1500.408704,2507491080,102871387,2507491080,102871387,12,12,True,7e0e99cb2db889a463571cbfbf6ec61bb987234d1b2072f8ef53ab8adce7b579,6ae9596f73b984832d2889d77df42ee87dc20536af29a806415f66332bd7c8fa,,,,,,
yellow,109,yellow-2018-02,2018-02,2019-01,measured,enabled,592,1451187883,835.264031,2481553656,101807317,2481553656,101807317,3,3,True,0cafeac47e2e9c4c0196ff2735880cb56fe983770c18459aa4cc3e0105fec64a,d8c97b451eabc90902c92985d810a1374849cd2ef57c45bbc0c08b4967c8ad28,prior-enabled-data-shape,109,2492258109,102246476,1.717391757741107,0.07045709016780143
yellow,109,yellow-2018-02,2018-02,2019-01,measured,fixed-128,128,1451187883,1771.614118,2481554424,101807317,2481554424,101807317,12,12,True,0cafeac47e2e9c4c0196ff2735880cb56fe983770c18459aa4cc3e0105fec64a,a993f2e8af60daeedbbc7b5cf1471a3e8021eccf8716ab77ce219e0ad131f29c,,,,,,
yellow,109,yellow-2018-02,2018-02,2019-01,measured,fixed-1024,1024,1451187883,595.582672,2481553656,101807317,1832042376,75160707,3,2,True,0cafeac47e2e9c4c0196ff2735880cb56fe983770c18459aa4cc3e0105fec64a,bc553ea876ce2f3938bbac9db7a3409acb20946a3bdecb602f76d1948beca90e,,,,,,
yellow,110,yellow-2018-03,2018-03,2019-02,measured,fixed-1024,1024,1435088623,602.341068,2446369440,100363868,1807674024,74160983,3,2,True,43454e487059ae26d748a53bb6bfd822ac41bd6920c24f5b9ba20f40530ccf81,45614446aec3e4d3e2f62c3f9cc6c9b9d2f9dce2f3953cd6808e442f1e2ac110,,,,,,
yellow,110,yellow-2018-03,2018-03,2019-02,measured,enabled,592,1435088623,832.71359,2446369440,100363868,2446369440,100363868,3,3,True,43454e487059ae26d748a53bb6bfd822ac41bd6920c24f5b9ba20f40530ccf81,8dd1456ddb24e4171842c48fd9f0c136cb996ea91cbb69179d4bc429c0334387,prior-enabled-data-shape,110,2461053024,100966261,1.714913618965215,0.07035541877145995
yellow,110,yellow-2018-03,2018-03,2019-02,measured,fixed-128,128,1435088623,1828.140203,2446370400,100363868,2446370400,100363868,12,12,True,43454e487059ae26d748a53bb6bfd822ac41bd6920c24f5b9ba20f40530ccf81,5072c4e34b0be99784f90c4145212a10484b251c32f95e25f17a9a347af092a5,,,,,,
yellow,111,yellow-2018-04,2018-04,2019-03,measured,fixed-128,128,1417553989,1638.924501,2408231592,98799199,2408231592,98799199,12,12,True,acf514e2a4863199ff1823cb0d2d47965460eac7f1942421cccecad3d9e7b43b,29d576d0aafd5fb1c1ffb2f9edbd1b6cb9e25db49121b18e92ee742b9bec56e6,,,,,,
yellow,111,yellow-2018-04,2018-04,2019-03,measured,enabled,592,1417553989,831.128602,2408230824,98799199,2408230824,98799199,3,3,True,acf514e2a4863199ff1823cb0d2d47965460eac7f1942421cccecad3d9e7b43b,44a90293ac7fe4cf52d6e8ec6fb053cbbc342674583a99b62749b7b31196e578,prior-enabled-data-shape,111,2427248155,99579401,1.7122791613818493,0.07024734309822836
yellow,111,yellow-2018-04,2018-04,2019-03,measured,fixed-1024,1024,1417553989,620.284483,2408230824,98799199,1805307288,74063881,3,2,True,acf514e2a4863199ff1823cb0d2d47965460eac7f1942421cccecad3d9e7b43b,96578cf47dd851ea14a5ad0ada29aee66492806320c777a6adc2455b1b058c8d,,,,,,
yellow,112,yellow-2018-05,2018-05,2019-04,measured,fixed-128,128,1396083412,1599.871528,2363618784,96968932,2363618784,96968932,12,12,True,9e5d7481204f540fb3b23d5cf1704738c6791893c38d018f70a7b33ee86590f0,aab35b63ab8ad067302a67d2979dd6d54884e51d637f554e5a4aebbe85822ae0,,,,,,
yellow,112,yellow-2018-05,2018-05,2019-04,measured,enabled,592,1396083412,824.812566,2363618208,96968932,2363618208,96968932,3,3,True,9e5d7481204f540fb3b23d5cf1704738c6791893c38d018f70a7b33ee86590f0,53851526c174d365f0eaba2520c50220704a62b51a23a772f16e5a58c49ba000,prior-enabled-data-shape,112,2387324161,97941492,1.7100154191405965,0.07015447013624217
yellow,112,yellow-2018-05,2018-05,2019-04,measured,fixed-1024,1024,1396083412,604.446535,2363618016,96968932,1800025608,73847195,3,2,True,9e5d7481204f540fb3b23d5cf1704738c6791893c38d018f70a7b33ee86590f0,912aa9ddfcb03462f5ce23d1122cf7f5f89b86fa44bba8f50ae0469ffa6d5c9d,,,,,,
yellow,113,yellow-2018-06,2018-06,2019-05,measured,fixed-1024,1024,1376712072,695.631695,2323975992,95342589,1798369992,73779267,3,2,True,3c08ee9c4b9bd5731c563c78c706bc45ad177b29d2fae54a8412f1bf2545663c,de568dd04ae40dc55431f34645cea11c31fa78b00a6c2f83132be141079e8a63,,,,,,
yellow,113,yellow-2018-06,2018-06,2019-05,measured,enabled,608,1376712072,868.215658,2323975992,95342589,2323975992,95342589,3,3,True,3c08ee9c4b9bd5731c563c78c706bc45ad177b29d2fae54a8412f1bf2545663c,6bdefe8881989f5568d72c116ce4ed9bc169c79e1bb4ddc56b6db5395bde5806,prior-enabled-data-shape,113,2346855997,96281265,1.7046817881434768,0.06993565860078593
yellow,113,yellow-2018-06,2018-06,2019-05,measured,fixed-128,128,1376712072,1639.845132,2323976568,95342589,2323976568,95342589,12,12,True,3c08ee9c4b9bd5731c563c78c706bc45ad177b29d2fae54a8412f1bf2545663c,959cdf1b9b0bf406c41dce9db69fe5fed9055e33dd8da8c41ba0804927929be8,,,,,,
yellow,114,yellow-2018-07,2018-07,2019-06,measured,enabled,608,1355426054,828.965222,2281487664,93599482,2281487664,93599482,3,3,True,d24c454121d4305a49760285514e169677a78a7653777e77af65352d4974d8c0,39b00ae22f36fb813ae263a9b47e53ffd9a4cc3dbb22e8fac1b3201a55aea327,prior-enabled-data-shape,114,2302683939,94469071,1.698863565470874,0.06969695670617594
yellow,114,yellow-2018-07,2018-07,2019-06,measured,fixed-1024,1024,1355426054,747.822049,2281487856,93599482,1588731576,65178717,3,2,True,d24c454121d4305a49760285514e169677a78a7653777e77af65352d4974d8c0,83c6b9f0b284a01d1f80dda04f2e708555874fb0202565faaacda2091c4d8727,,,,,,
yellow,114,yellow-2018-07,2018-07,2019-06,measured,fixed-128,128,1355426054,1392.524946,2281488432,93599482,2281488432,93599482,12,12,True,d24c454121d4305a49760285514e169677a78a7653777e77af65352d4974d8c0,8531a44d03fd141a32121511da1a58b4de9dc3417543ddf08bbb5552632fda87,,,,,,
yellow,115,yellow-2018-08,2018-08,2019-07,measured,enabled,608,1337058952,834.535605,2243932560,92058758,2243932560,92058758,3,3,True,e8ffdad40557d82b6a587b04fecd45ea683f66dd0676c5e6eedeb9cbc7004e90,e1262b1803312a5d561b7ab33c0afb2e9ee4bbc358449f257c4f7e11f87a13b1,prior-enabled-data-shape,115,2263687726,92869221,1.693035092089469,0.06945783551792534
yellow,115,yellow-2018-08,2018-08,2019-07,measured,fixed-1024,1024,1337058952,585.766009,2243932560,92058758,1560321672,64013187,3,2,True,e8ffdad40557d82b6a587b04fecd45ea683f66dd0676c5e6eedeb9cbc7004e90,c866abbb44338e49259f908cc272f65c5effabad66e1a20bb5ad3715725012dc,,,,,,
yellow,115,yellow-2018-08,2018-08,2019-07,measured,fixed-128,128,1337058952,2044.595062,2243933328,92058758,2243933328,92058758,12,12,True,e8ffdad40557d82b6a587b04fecd45ea683f66dd0676c5e6eedeb9cbc7004e90,3c20770d1f0dc0b95a2225d3255f508592f5510733ddf7487fe3df061d05f42f,,,,,,
yellow,116,yellow-2018-09,2018-09,2019-08,measured,fixed-128,128,1315632089,1878.262587,2200504968,90277075,2200504968,90277075,12,12,True,34d7778f7b6684fe629b1605c789bda6443971a571dc2ebfb42496f70b1e0d62,e670f1ccc3f740aa19c6e1d62f7dc7715444ff7736272bbcc2d72fcffdc90c51,,,,,,
yellow,116,yellow-2018-09,2018-09,2019-08,measured,enabled,608,1315632089,790.444412,2200504200,90277075,2200504200,90277075,3,3,True,34d7778f7b6684fe629b1605c789bda6443971a571dc2ebfb42496f70b1e0d62,53ecaa4ab11cca772c996cad94e42790e70a5af79ba12b607d07ce3dda4a6897,prior-enabled-data-shape,116,2220869165,91112566,1.6880624781795333,0.06925383378202846
yellow,116,yellow-2018-09,2018-09,2019-08,measured,fixed-1024,1024,1315632089,617.450095,2200504008,90277075,1536531408,63037174,3,2,True,34d7778f7b6684fe629b1605c789bda6443971a571dc2ebfb42496f70b1e0d62,7adfa1131e2bc209e337e979081592c9ab2189d90120ec3022d2a801e4d0a596,,,,,,
yellow,117,yellow-2018-10,2018-10,2019-09,measured,fixed-1024,1024,1297237027,617.076558,2164397016,88795769,1528059864,62689633,3,2,True,262b39806405ed7dea660d94a398be0e023df907eff1407788609274320d17cb,a33d830eb5aa14068ad939d5ed12b1f1517176180210f365ee7c2c1ebf09b62f,,,,,,
yellow,117,yellow-2018-10,2018-10,2019-09,measured,fixed-128,128,1297237027,1708.038854,2164398168,88795769,2164398168,88795769,12,12,True,262b39806405ed7dea660d94a398be0e023df907eff1407788609274320d17cb,cb2bade7404e9092ca19bf0be3cf9d1e555369d786e64c471aa386a4c1bde1e7,,,,,,
yellow,117,yellow-2018-10,2018-10,2019-09,measured,enabled,608,1297237027,791.721027,2164397208,88795769,2164397208,88795769,3,3,True,262b39806405ed7dea660d94a398be0e023df907eff1407788609274320d17cb,450ff9c03f77ee3de455e6d7ec36f85d779903d5ad458f84722d5f71bcc28c93,prior-enabled-data-shape,117,2183542411,89581216,1.6832254753161178,0.06905539533033057
yellow,118,yellow-2018-11,2018-11,2019-10,measured,enabled,608,1276630798,793.022272,2124894432,87175140,2124894432,87175140,3,3,True,3825aa5cd8d84f2090a23bce3b0c0904acd696670a2ca9eac275e7ae4e62aa86,52771f1aa2026428e5b212d9c0f4cefa4c0322999ca9cdf9c0656cc4d030882b,prior-enabled-data-shape,118,2142518406,87898178,1.6782600024056382,0.06885168216576885
yellow,118,yellow-2018-11,2018-11,2019-10,measured,fixed-1024,1024,1276630798,584.46377,2124894240,87175140,1529526768,62749810,3,2,True,3825aa5cd8d84f2090a23bce3b0c0904acd696670a2ca9eac275e7ae4e62aa86,15b9ae5f14c6806621ef5f24aef10eeec245950bfe3a8255db4448d71beedff9,,,,,,
yellow,118,yellow-2018-11,2018-11,2019-10,measured,fixed-128,128,1276630798,1485.084588,2124895392,87175140,2124895392,87175140,12,12,True,3825aa5cd8d84f2090a23bce3b0c0904acd696670a2ca9eac275e7ae4e62aa86,0296391763bc52bce433ede939c58218cb6db961838529c97c44263cdce5b03c,,,,,,
yellow,119,yellow-2018-12,2018-12,2019-11,measured,fixed-128,128,1260333165,1698.616044,2093760240,85897802,2093760240,85897802,12,12,True,0649bafefb4cbe3fd29aa509d82812b24a0af589a014a9ab9f20e75b0bdabefc,3508bf8b6bec55f86c70ea1dfeb65caea3ff017d86ff1c33713366a987041d2b,,,,,,
yellow,119,yellow-2018-12,2018-12,2019-11,measured,enabled,608,1260333165,797.000824,2093759280,85897802,2093759280,85897802,3,3,True,0649bafefb4cbe3fd29aa509d82812b24a0af589a014a9ab9f20e75b0bdabefc,5b585bb6dc8b7cfe88b7b255daa4dfbccbd430ede4ba6286e7404db88e1b3647,prior-enabled-data-shape,119,2108012146,86482530,1.6725832536302632,0.06861878465477289
yellow,119,yellow-2018-12,2018-12,2019-11,measured,fixed-1024,1024,1260333165,673.341142,2093759280,85897802,1528064784,62689830,3,2,True,0649bafefb4cbe3fd29aa509d82812b24a0af589a014a9ab9f20e75b0bdabefc,a9ae319c4ea08aa64b22d3203be5f25785bb9942242e2834dc53dd107d8ca80b,,,,,,
yellow,120,yellow-2019-01,2019-01,2019-12,measured,enabled,608,1243532931,781.986892,2062087392,84598444,2062087392,84598444,3,3,True,88924fd3f06e9147e2fdeb6c8c0a0bb99836631b2078aba7ab2b2954576b37d3,09856c649f9d15c47c502dfca76464b70fbe4b0a0952e137e5751902cd3e8dbd,prior-enabled-data-shape,120,2074793695,85119728,1.6684670287321361,0.06844991867473113
yellow,120,yellow-2019-01,2019-01,2019-12,measured,fixed-1024,1024,1243532931,675.141522,2062087200,84598444,1524026832,62524174,3,2,True,88924fd3f06e9147e2fdeb6c8c0a0bb99836631b2078aba7ab2b2954576b37d3,89ec53f02a445568829e7f2d6757559ea6b96a654a73fed0fff89919d237487f,,,,,,
yellow,120,yellow-2019-01,2019-01,2019-12,measured,fixed-128,128,1243532931,1973.087183,2062088352,84598444,2062088352,84598444,12,12,True,88924fd3f06e9147e2fdeb6c8c0a0bb99836631b2078aba7ab2b2954576b37d3,cc95048b1a698097dab453d1591dad77d1c029414086787de970b544604f1bfa,,,,,,
yellow,121,yellow-2019-02,2019-02,2020-01,measured,enabled,608,1226656155,780.91281,2030604552,83306835,2030604552,83306835,3,3,True,d7f4a302548b6bbddbdd132ae7fefde4631a0e7970bcb1d3aa8e47b05fd63f29,3fd79f478ada2b916c5fe03a5159468060cf208860769fc0ced3a9c9eddbf6d8,prior-enabled-data-shape,121,2041713891,83762606,1.664454935075129,0.06828531799214826
yellow,121,yellow-2019-02,2019-02,2020-01,measured,fixed-128,128,1226656155,1819.844058,2030605320,83306835,2030605320,83306835,12,12,True,d7f4a302548b6bbddbdd132ae7fefde4631a0e7970bcb1d3aa8e47b05fd63f29,1ecee20011e8dcdcbe7d840652abcb5ca9c8e5a7c363edc7adc48db1bfd8a90d,,,,,,
yellow,121,yellow-2019-02,2019-02,2020-01,measured,fixed-1024,1024,1226656155,584.42608,2030604360,83306835,1517661000,62263011,3,2,True,d7f4a302548b6bbddbdd132ae7fefde4631a0e7970bcb1d3aa8e47b05fd63f29,80ee2bfbd03db40d6c6684fed172facc73ac442be66c9324a7a173fb610ac4ad,,,,,,
yellow,122,yellow-2019-03,2019-03,2020-02,measured,fixed-128,128,1215435011,1800.863334,2012323968,82556832,2012323968,82556832,12,12,True,1a76f72cf5076e4b264d848d73015364615adf399e4e800471abd2c415432480,91447dbdb1565095eb90e39926502061f147724074081eb6cc544fe3f365dd20,,,,,,
yellow,122,yellow-2019-03,2019-03,2020-02,measured,fixed-1024,1024,1215435011,663.005321,2012323008,82556832,1374640560,56395506,3,2,True,1a76f72cf5076e4b264d848d73015364615adf399e4e800471abd2c415432480,c0e83f216b1aa27c26c8ab35276c3e1cef9671870ca5fb8a1248273cd0a05dc1,,,,,,
yellow,122,yellow-2019-03,2019-03,2020-02,measured,enabled,624,1215435011,779.777847,2012323200,82556832,2012323200,82556832,3,3,True,1a76f72cf5076e4b264d848d73015364615adf399e4e800471abd2c415432480,0e95f1bc28dbb8c6f8063e62989f1bfe1c12b960654d397c290fc3647d88de58,prior-enabled-data-shape,122,2019171124,82837776,1.661274445634381,0.0681548374552216
yellow,123,yellow-2019-04,2019-04,2020-03,measured,enabled,624,1143860229,577.242501,1893886536,77697899,1893886536,77697899,2,2,True,97cecd322b20d0e9224c83d32a11a654cc137cb95181a35bdf650414f76da360,a4e4b3c9c4e83646a5975be3f1e5e9a9404e6196a9989576fd97a0b1747bb7a2,prior-enabled-data-shape,123,1896805221,77817638,1.6582491227970544,0.06803072270226834
yellow,123,yellow-2019-04,2019-04,2020-03,measured,fixed-128,128,1143860229,1650.872164,1893887496,77697899,1893887496,77697899,12,12,True,97cecd322b20d0e9224c83d32a11a654cc137cb95181a35bdf650414f76da360,878f8a84aad6bbbaea24b5ab30112ebd454a484f03ce0d95ea514220a114b9a7,,,,,,
yellow,123,yellow-2019-04,2019-04,2020-03,measured,fixed-1024,1024,1143860229,649.657545,1893886536,77697899,1286035896,52760437,3,2,True,97cecd322b20d0e9224c83d32a11a654cc137cb95181a35bdf650414f76da360,7b837740dbb0508b7fa825006521a42dd4e3f0fdf49a5e73714f096d6131d952,,,,,,
yellow,124,yellow-2019-05,2019-05,2020-04,measured,enabled,624,1038163712,575.026833,1717463208,70460023,1717463208,70460023,2,2,True,f5796aae3d38d309ed292e9b43f59bd0fc1e0e7084012e6b4643dbbf5dee65f9,8f904585e18b13617ab5f606ab354b716a2812486c450769b29ce8a23d9dedfb,prior-enabled-data-shape,124,1718885076,70518353,1.655697512672241,0.06792604291166417
yellow,124,yellow-2019-05,2019-05,2020-04,measured,fixed-1024,1024,1038163712,657.433849,1717463400,70460023,1141582464,46834144,3,2,True,f5796aae3d38d309ed292e9b43f59bd0fc1e0e7084012e6b4643dbbf5dee65f9,7e22f0437092dd70f20b5ef1ae2ff0bdc25de97819b89ceff416ce07d0bb1f54,,,,,,
yellow,124,yellow-2019-05,2019-05,2020-04,measured,fixed-128,128,1038163712,1633.682756,1717464168,70460023,1717464168,70460023,11,11,True,f5796aae3d38d309ed292e9b43f59bd0fc1e0e7084012e6b4643dbbf5dee65f9,de168909b81a8b1625503ed26119ff261f9a4b9ea2bf45e25cf6cf2ffdf7ba66,,,,,,
yellow,125,yellow-2019-06,2019-06,2020-05,measured,fixed-128,128,932914633,1393.591585,1540744536,63209993,1540744536,63209993,10,10,True,9e71fab26ef267ce9bc7f15e0251cd2d5a8c44a3852fcf0ccf2aaff21bb593cc,4c493a23aaa4ffcb9bc51e19f05380e3cb67561f85d029bb468cfa0067a5abb5,,,,,,
yellow,125,yellow-2019-06,2019-06,2020-05,measured,fixed-1024,1024,932914633,558.522856,1540743768,63209993,1065166608,43699142,2,1,True,9e71fab26ef267ce9bc7f15e0251cd2d5a8c44a3852fcf0ccf2aaff21bb593cc,3c3c93b0a76c90ab62398bba17c5d36ccbcc352dcb7cc3a606c7a378e4fcad16,,,,,,
yellow,125,yellow-2019-06,2019-06,2020-05,measured,enabled,624,932914633,479.891971,1540743768,63209993,1540743768,63209993,2,2,True,9e71fab26ef267ce9bc7f15e0251cd2d5a8c44a3852fcf0ccf2aaff21bb593cc,266d1c99bce4269b611a96bb05c97a1625385042ac9436221901d14028ae9089,prior-enabled-data-shape,125,1544624437,63369199,1.655697512672241,0.06792604291166417
yellow,126,yellow-2019-07,2019-07,2020-06,measured,enabled,624,839516647,542.106089,1384213392,56788230,1384213392,56788230,2,2,True,915e7d646929e82fed86ec72d30312110ed66fc117de4213047ecc9afd366c44,926c85e0837fd31a196d5b8e761558ec831e716df58922f044f33ee74e24f9b5,prior-enabled-data-shape,126,1389937603,57023069,1.655640311318957,0.06792369090312472
yellow,126,yellow-2019-07,2019-07,2020-06,measured,fixed-128,128,839516647,1441.865923,1384213968,56788230,1384213968,56788230,9,9,True,915e7d646929e82fed86ec72d30312110ed66fc117de4213047ecc9afd366c44,0e37feeabdb6dbdc92dc2bb5cad8dd7c085a4cff63c61e209ff73cbfdaf29aff,,,,,,
yellow,126,yellow-2019-07,2019-07,2020-06,measured,fixed-1024,1024,839516647,573.877222,1384213392,56788230,1066308048,43745966,2,1,True,915e7d646929e82fed86ec72d30312110ed66fc117de4213047ecc9afd366c44,f0170be94720cc0dba2f25334e6ee0c1efeb9e7aa69bf8cc13d58396f01f9f0d,,,,,,
yellow,127,yellow-2019-08,2019-08,2020-07,measured,fixed-128,128,759027082,1015.032859,1249907304,51278223,1249907304,51278223,8,8,True,a89709d2c21006114c7c5cd738e567bc65dac2d880408bffa7c2887fa1914341,787476234f11c7ac48abec09da27dcfaeb3829da0cddf40db416f821accf910a,,,,,,
yellow,127,yellow-2019-08,2019-08,2020-07,measured,enabled,624,759027082,550.046701,1249906920,51278223,1249906920,51278223,2,2,True,a89709d2c21006114c7c5cd738e567bc65dac2d880408bffa7c2887fa1914341,8b0abd987575d279ee20acfcbb2e677333e33a2b444a547c92a84c6b7bda35c7,prior-enabled-data-shape,127,1255679689,51515060,1.654327913938876,0.0678698573120614
yellow,127,yellow-2019-08,2019-08,2020-07,measured,fixed-1024,1024,759027082,556.113405,1249906920,51278223,1068135216,43820930,2,1,True,a89709d2c21006114c7c5cd738e567bc65dac2d880408bffa7c2887fa1914341,0b34692143ccfc37b957c319a6ae91125ee66871b00e4ab3eaae591129590e24,,,,,,
yellow,128,yellow-2019-09,2019-09,2020-08,measured,enabled,624,685628870,540.840774,1126421376,46212152,1126421376,46212152,2,2,True,0130cb9f6415d21cb3a153ab569e57d3be99817e7ca6006f94e2d9fc95bb72a1,add8186ada1026384c9c773f97508b3e97403c003a4a23d03b9c8f4ea405b9ef,prior-enabled-data-shape,128,1132341986,46455050,1.651537786523282,0.06775538807525597
yellow,128,yellow-2019-09,2019-09,2020-08,measured,fixed-1024,1024,685628870,560.995885,1126421376,46212152,1069263384,43867209,2,1,True,0130cb9f6415d21cb3a153ab569e57d3be99817e7ca6006f94e2d9fc95bb72a1,3fd025743066a0c9f95cf3600bc4e2ad989fcf6938030e0f92ea8665efd57d34,,,,,,
yellow,128,yellow-2019-09,2019-09,2020-08,measured,fixed-128,128,685628870,1041.396938,1126421760,46212152,1126421760,46212152,7,7,True,0130cb9f6415d21cb3a153ab569e57d3be99817e7ca6006f94e2d9fc95bb72a1,236e77ed1bbc8ee1814ce141afb95bbded88ed71854614bf761eab9fb200bc72,,,,,,
yellow,129,yellow-2019-10,2019-10,2020-09,measured,enabled,624,609900483,476.601707,999018744,40985381,999018744,40985381,2,2,True,e119e40eaf0cdcb667b365207d5e7d4ef07dbc9338f8727d04418b26182fad75,13c0c1ae2edb503550a85fd92efc1bed65085e52deadd163f460913b30d76ee1,prior-enabled-data-shape,129,1005617243,41256084,1.6488218511764663,0.06764395941751945
yellow,129,yellow-2019-10,2019-10,2020-09,measured,fixed-128,128,609900483,1222.512235,999019128,40985381,999019128,40985381,7,7,True,e119e40eaf0cdcb667b365207d5e7d4ef07dbc9338f8727d04418b26182fad75,c83578566f572fad3b5aca623b984ba3c6f96b01269f43f3bd0d41ddf445d88d,,,,,,
yellow,129,yellow-2019-10,2019-10,2020-09,measured,fixed-1024,1024,609900483,466.782388,999018744,40985381,999018744,40985381,1,1,True,e119e40eaf0cdcb667b365207d5e7d4ef07dbc9338f8727d04418b26182fad75,43ee80d0027ef77ea997def717d4462741a0194d0cece2b37f15bca4a36add22,,,,,,
yellow,130,yellow-2019-11,2019-11,2020-10,measured,fixed-128,128,529913986,899.946398,864158160,35452622,864158160,35452622,6,6,True,f5cf77134c45e52ff1518fbecbe2748ddb9e3549c7717bd10064d57883428cc1,c7a6bd1fb85c075caf238982364dafe07ec918905528ab344aee8b236ed7479a,,,,,,
yellow,130,yellow-2019-11,2019-11,2020-10,measured,fixed-1024,1024,529913986,457.851241,864157776,35452622,864157776,35452622,1,1,True,f5cf77134c45e52ff1518fbecbe2748ddb9e3549c7717bd10064d57883428cc1,e1b107a815641757a7d99a28600d7f5c089d8d235e6a0aa89407ee1f3e8fd672,,,,,,
yellow,130,yellow-2019-11,2019-11,2020-10,measured,enabled,624,529913986,457.00551,864157776,35452622,864157776,35452622,1,1,True,f5cf77134c45e52ff1518fbecbe2748ddb9e3549c7717bd10064d57883428cc1,7d5400b91b987f85670214dc875b1e66591a0e96f787cf44701b77bb07cb3a45,prior-enabled-data-shape,130,872621246,35799839,1.6467224288052478,0.0675578305649969
yellow,131,yellow-2019-12,2019-12,2020-11,measured,fixed-128,128,452624371,948.138206,733285992,30083511,733285992,30083511,5,5,True,26e4f85f3334c65eec4a128e71821ad9f42515d4d7a2854b9624ac481dd9ba96,ec32fa43f051dff1588327b38cd466df41cba107919918e8eaf6d1e800b6b317,,,,,,
yellow,131,yellow-2019-12,2019-12,2020-11,measured,enabled,624,452624371,462.581798,733285608,30083511,733285608,30083511,1,1,True,26e4f85f3334c65eec4a128e71821ad9f42515d4d7a2854b9624ac481dd9ba96,fa79edbc72031354869b1816392842003b22f6935060a2412d90985daf8811fa,prior-enabled-data-shape,131,743617705,30507388,1.6429024874638083,0.06740111745877912
yellow,131,yellow-2019-12,2019-12,2020-11,measured,fixed-1024,1024,452624371,468.796957,733285608,30083511,733285608,30083511,1,1,True,26e4f85f3334c65eec4a128e71821ad9f42515d4d7a2854b9624ac481dd9ba96,17415d52879e7c2dce0a185aa77719633e1a32f6194d3029a894bffe88714012,,,,,,
yellow,132,yellow-2020-01,2020-01,2020-12,measured,fixed-1024,1024,374599630,433.498933,600821664,24649092,600821664,24649092,1,1,True,23f05ccbb4b9c4e5243bd541040dfd6f7298259915dfbe99718c2b4d56248c6e,7e24edc23cb0641d379f0e54da0f4fca184eede71617b83f06622e6b7c07cd1a,,,,,,
yellow,132,yellow-2020-01,2020-01,2020-12,measured,enabled,624,374599630,459.196252,600821664,24649092,600821664,24649092,1,1,True,23f05ccbb4b9c4e5243bd541040dfd6f7298259915dfbe99718c2b4d56248c6e,af96ce0a1b0921a86ffd3ab452dc7a126a3d5d077f2b9b992f7f2d8af057deed,prior-enabled-data-shape,132,613595271,25173137,1.6380028739869026,0.06720011238292461
yellow,132,yellow-2020-01,2020-01,2020-12,measured,fixed-128,128,374599630,660.312572,600822048,24649092,600822048,24649092,4,4,True,23f05ccbb4b9c4e5243bd541040dfd6f7298259915dfbe99718c2b4d56248c6e,b8034980879dcc4520a8f2e1fa14e63dde58e1505d9b7654a0755920581d0a56,,,,,,
yellow,133,yellow-2020-02,2020-02,2021-01,measured,fixed-128,128,302722839,592.119532,478087992,19613853,478087992,19613853,3,3,True,5ae0264022f8ef7e9d31cc033b9588cd5ee8b5ab3a925170688632feb95cb947,2ea0684037d110d82c93c0e3e287a4399da1e2bc2c8ba632c520a285591e71e8,,,,,,
yellow,133,yellow-2020-02,2020-02,2021-01,measured,fixed-1024,1024,302722839,432.108053,478087800,19613853,478087800,19613853,1,1,True,5ae0264022f8ef7e9d31cc033b9588cd5ee8b5ab3a925170688632feb95cb947,a5528e248f82134dfeaa5c18e2748dacacf96ef9dde76c0ccdface63645f44df,,,,,,
yellow,133,yellow-2020-02,2020-02,2021-01,measured,enabled,624,302722839,441.576177,478087800,19613853,478087800,19613853,1,1,True,5ae0264022f8ef7e9d31cc033b9588cd5ee8b5ab3a925170688632feb95cb947,7e85406ada2457c272f9592d2cf38fa802ff95ccff019f8baa3731f4429507db,prior-enabled-data-shape,133,493665580,20252944,1.6307510253182862,0.06690259728302396
yellow,134,yellow-2020-03,2020-03,2021-02,measured,fixed-128,128,232365216,627.147562,357976392,14686195,357976392,14686195,3,3,True,d7ae3cdf230242a2cd2d617d100065febffa17bdc2535661d63a06bd6f0cd109,ad43116f0733fc95be6fc50d2ea29a7639a1d325896b8597414f54baa8bcaf25,,,,,,
yellow,134,yellow-2020-03,2020-03,2021-02,measured,enabled,640,232365216,423.787983,357976008,14686195,357976008,14686195,1,1,True,d7ae3cdf230242a2cd2d617d100065febffa17bdc2535661d63a06bd6f0cd109,8c4ab6b7c9daa27956f135f621b613eaaaa704a7deaf436bd3e99ebf1fd2465b,prior-enabled-data-shape,134,376449170,15444068,1.6200753980169573,0.06646462923226024
yellow,134,yellow-2020-03,2020-03,2021-02,measured,fixed-1024,1024,232365216,411.626321,357976008,14686195,357976008,14686195,1,1,True,d7ae3cdf230242a2cd2d617d100065febffa17bdc2535661d63a06bd6f0cd109,845454519573132368a45bca5b197c35295aefc4c8c792e09ce25f53f26e24d6,,,,,,
yellow,135,yellow-2020-04,2020-04,2021-03,measured,fixed-1024,1024,217930478,410.783934,331589280,13603660,331589280,13603660,1,1,True,6cbdcd274f52ea8ea4c2cc053acefef8275e46c3203f901270878e096fc23b40,c1a70691de07a2669ff39c7d3ab9908299861e9e15c65c2379cfcb0086a36bef,,,,,,
yellow,135,yellow-2020-04,2020-04,2021-03,measured,fixed-128,128,217930478,660.505493,331589664,13603660,331589664,13603660,3,3,True,6cbdcd274f52ea8ea4c2cc053acefef8275e46c3203f901270878e096fc23b40,a0bc9a5ce0b014bc7f0345b67f9c418cb9683dd8fc9ab8ffe378b69a541083c5,,,,,,
yellow,135,yellow-2020-04,2020-04,2021-03,measured,enabled,640,217930478,409.128106,331589280,13603660,331589280,13603660,1,1,True,6cbdcd274f52ea8ea4c2cc053acefef8275e46c3203f901270878e096fc23b40,21a69288a8ed9d0291cca1b9231c0fb96842b19bd7b6f0eff722284032f45b28,prior-enabled-data-shape,135,349539460,14340079,1.603903516936202,0.06580116483297113
yellow,136,yellow-2020-05,2020-05,2021-04,measured,enabled,656,247506418,420.862873,378709008,15536774,378709008,15536774,1,1,True,192e9fd7e355a6b5b6d3bf09d59bc06d50eae5fa5f4e990ecf4fe42f4fcdfd98,eb6ec9878d8b2babf74decde489c06925019e3329736f4bebe2e2e4c1d7cb24b,prior-enabled-data-shape,136,390884940,16036301,1.579292139236313,0.0647914543375434
yellow,136,yellow-2020-05,2020-05,2021-04,measured,fixed-128,128,247506418,685.476274,378709200,15536774,378709200,15536774,3,3,True,192e9fd7e355a6b5b6d3bf09d59bc06d50eae5fa5f4e990ecf4fe42f4fcdfd98,1a4643f51627a0c9f4ecdaea4170cecad4f21f9e7325b935b9a85528a4b20cb9,,,,,,
yellow,136,yellow-2020-05,2020-05,2021-04,measured,fixed-1024,1024,247506418,416.661731,378709008,15536774,378709008,15536774,1,1,True,192e9fd7e355a6b5b6d3bf09d59bc06d50eae5fa5f4e990ecf4fe42f4fcdfd98,0d0992a2b42c76627e0708dd6410b37cd0337802918099538f239270790a3ca5,,,,,,
yellow,137,yellow-2020-06,2020-06,2021-05,measured,enabled,672,280020236,433.351843,431327136,17695468,431327136,17695468,1,1,True,2251bb48f14b71d99c29b6ec7bf4b1c2751bedcefe0f22ceb7305bba9536523d,69b5afd9ce592d0306739f5e317bea19c692c77264265be42642f77bdc92a7e3,prior-enabled-data-shape,137,431392133,17698139,1.540574850927774,0.06320306994657927
yellow,137,yellow-2020-06,2020-06,2021-05,measured,fixed-1024,1024,280020236,415.109132,431327136,17695468,431327136,17695468,1,1,True,2251bb48f14b71d99c29b6ec7bf4b1c2751bedcefe0f22ceb7305bba9536523d,a903882dedf0d13c86bbbd956caca88dd2c4b38506c20e6a205bc52a6f1c93f2,,,,,,
yellow,137,yellow-2020-06,2020-06,2021-05,measured,fixed-128,128,280020236,588.118631,431327328,17695468,431327328,17695468,3,3,True,2251bb48f14b71d99c29b6ec7bf4b1c2751bedcefe0f22ceb7305bba9536523d,7c197af8f8c51a2425ea009a477bee6b778a7f0d94275fb1b0244b38954478e2,,,,,,
yellow,138,yellow-2020-07,2020-07,2021-06,measured,fixed-1024,1024,314586470,430.692093,487011048,19979935,487011048,19979935,1,1,True,5ca3494ac63e65f3e3f960f1d5c8e38980b9169778e4118b328cb39fc1605ca8,e6e4724d2ea9f254520cc19551ace15bf055d00bd0aa78ef558277e2da9b11ee,,,,,,
yellow,138,yellow-2020-07,2020-07,2021-06,measured,fixed-128,128,314586470,579.42447,487011240,19979935,487011240,19979935,3,3,True,5ca3494ac63e65f3e3f960f1d5c8e38980b9169778e4118b328cb39fc1605ca8,8b516118d602f35ff94667dc452710744c64cefba69478877e823088c204df55,,,,,,
yellow,138,yellow-2020-07,2020-07,2021-06,measured,enabled,672,314586470,438.316969,487011048,19979935,487011048,19979935,1,1,True,5ca3494ac63e65f3e3f960f1d5c8e38980b9169778e4118b328cb39fc1605ca8,520b5727f0fa0096d4ac83d3ef01d2f1d22fe228cc4a1dfcc85c2a032237ae10,prior-enabled-data-shape,138,484570983,19879830,1.5403427343729543,0.0631935329130999
yellow,139,yellow-2020-08,2020-08,2021-07,measured,enabled,672,344896382,456.680593,536281080,22001269,536281080,22001269,1,1,True,2f943639eeff4ba78c935a0d73b14cc1eb5acc72c36d4873b5387b0ba6fe2d18,8f194cdee1acb8cb2c39dd32892be959750273568b4d24091ee18ca4e42196ba,prior-enabled-data-shape,139,531338692,21798510,1.540574850927774,0.06320306994657927
yellow,139,yellow-2020-08,2020-08,2021-07,measured,fixed-128,128,344896382,785.875439,536281272,22001269,536281272,22001269,4,4,True,2f943639eeff4ba78c935a0d73b14cc1eb5acc72c36d4873b5387b0ba6fe2d18,af393c46b26a928df5f0f0ebecbd0015b7b754ce4473e5d762fba12d6f61ae4a,,,,,,
yellow,139,yellow-2020-08,2020-08,2021-07,measured,fixed-1024,1024,344896382,440.944487,536281080,22001269,536281080,22001269,1,1,True,2f943639eeff4ba78c935a0d73b14cc1eb5acc72c36d4873b5387b0ba6fe2d18,c02fdd96d53c392ecab5410d246288f22f77a4947675eb8685a083850e08c825,,,,,,
yellow,140,yellow-2020-09,2020-09,2021-08,measured,fixed-128,128,371720826,636.754074,579704736,23782740,579704736,23782740,4,4,True,1c21b970ea543963039d7c8a25f6d47aa24603b1fcf21d8895af4a3d0a522a39,d1044743c69c40b4b8551b80c42c322ae9f33b35124446fbea41a374f0215edb,,,,,,
yellow,140,yellow-2020-09,2020-09,2021-08,measured,fixed-1024,1024,371720826,450.629231,579704352,23782740,579704352,23782740,1,1,True,1c21b970ea543963039d7c8a25f6d47aa24603b1fcf21d8895af4a3d0a522a39,b09d08fdc07992a5174dfb75cd4c63b22faf1079a2c1e750fc654be5a7c16ebd,,,,,,
yellow,140,yellow-2020-09,2020-09,2021-08,measured,enabled,656,371720826,442.855046,579704352,23782740,579704352,23782740,1,1,True,1c21b970ea543963039d7c8a25f6d47aa24603b1fcf21d8895af4a3d0a522a39,87e6789ee80b0f779ddfdb8ce5cfebe19d8d426e274f0431fd43783498da0e44,prior-enabled-data-shape,140,575460696,23608638,1.5480991537875104,0.06351174289218478
yellow,141,yellow-2020-10,2020-10,2021-09,measured,enabled,656,396464771,463.637751,619259616,25405516,619259616,25405516,1,1,True,d6f9a642c807e005263bc02ab3616239fe6b87d5c63954ebbfc912636c898259,ba4f38909872b3324ac12132babf923eb7d8745f25f32282d9fe7a6f03a5a673,prior-enabled-data-shape,141,616465022,25290866,1.5549049163409316,0.06379095330724577
yellow,141,yellow-2020-10,2020-10,2021-09,measured,fixed-1024,1024,396464771,447.525933,619259616,25405516,619259616,25405516,1,1,True,d6f9a642c807e005263bc02ab3616239fe6b87d5c63954ebbfc912636c898259,4653efd4e933684562920d010b5cf1e1c9fda782f72af7e16e34b8cfd17b02ed,,,,,,
yellow,141,yellow-2020-10,2020-10,2021-09,measured,fixed-128,128,396464771,710.785685,619260000,25405516,619260000,25405516,4,4,True,d6f9a642c807e005263bc02ab3616239fe6b87d5c63954ebbfc912636c898259,03f6885834c3ac955722636c5f60b5a0aba4d9dada92995c786e1073b7f71e9f,,,,,,
yellow,142,yellow-2020-11,2020-11,2021-10,measured,enabled,656,423444359,454.3525,662704896,27187888,662704896,27187888,1,1,True,82cb94296c1d31a00b8e4df3e80ff3de6b90156d8233a567abfa8cbceeb33580,0f965bed0df887afccb898a69ef04ae635c1f0eb84ef1dcade85114141a4f3aa,prior-enabled-data-shape,142,658415716,27011919,1.5549049163409316,0.06379095330724577
yellow,142,yellow-2020-11,2020-11,2021-10,measured,fixed-128,128,423444359,1008.35605,662705280,27187888,662705280,27187888,5,5,True,82cb94296c1d31a00b8e4df3e80ff3de6b90156d8233a567abfa8cbceeb33580,a16e9bd31c3819af23c8e11b8cdcaa154c48ef9d7a56a98f84673f5cd3e4f3c4,,,,,,
yellow,142,yellow-2020-11,2020-11,2021-10,measured,fixed-1024,1024,423444359,452.266937,662704896,27187888,662704896,27187888,1,1,True,82cb94296c1d31a00b8e4df3e80ff3de6b90156d8233a567abfa8cbceeb33580,28c876852561dd3d4b8d4f8a0d3390845ccd677cc934887ea2e56bf54586fda2,,,,,,
yellow,143,yellow-2020-12,2020-12,2021-11,measured,fixed-128,128,452961713,777.232625,710576568,29151837,710576568,29151837,5,5,True,77021903573af2cab772f01020349633df4e1c49452ecc567502b8fe26ca69b5,fd46e1bf57db6123fd6011424b308ff1cd6b334dcd79e8bc44f38f32b5d38328,,,,,,
yellow,143,yellow-2020-12,2020-12,2021-11,measured,enabled,656,452961713,450.834986,710576184,29151837,710576184,29151837,1,1,True,77021903573af2cab772f01020349633df4e1c49452ecc567502b8fe26ca69b5,b5a4e8a264519f70dcd954cf29c30072e0d8744854d9802af40ecbc4b94174ab,prior-enabled-data-shape,143,706400766,28980541,1.5595153982575085,0.06398011178421302
yellow,143,yellow-2020-12,2020-12,2021-11,measured,fixed-1024,1024,452961713,455.362481,710576184,29151837,710576184,29151837,1,1,True,77021903573af2cab772f01020349633df4e1c49452ecc567502b8fe26ca69b5,cfba7fd58400bf0dac290e7adbef2882b9eecb7afd0ab46160a207d5fe05a2ba,,,,,,
yellow,144,yellow-2021-01,2021-01,2021-12,measured,fixed-1024,1024,479580729,461.056515,753292512,30904308,753292512,30904308,1,1,True,6e0767c02c471f46941479954bfe50990dd543685df35b9f3d3238ccf3c46278,3aa4fd20da2c675a4f649ad0c19fb9285e6e77f980f09ac4c19f1b0e561933df,,,,,,
yellow,144,yellow-2021-01,2021-01,2021-12,measured,fixed-128,128,479580729,844.431875,753292896,30904308,753292896,30904308,5,5,True,6e0767c02c471f46941479954bfe50990dd543685df35b9f3d3238ccf3c46278,ed09829bf3192e47a99338872d4d6d5c7caec150b70cd005128e73c9cd1890dd,,,,,,
yellow,144,yellow-2021-01,2021-01,2021-12,measured,enabled,656,479580729,465.306702,753292512,30904308,753292512,30904308,1,1,True,6e0767c02c471f46941479954bfe50990dd543685df35b9f3d3238ccf3c46278,cdf0caa0277a4e7f5a7165c1e4be27cfc53092a35ac5866f748fab541ff1659d,prior-enabled-data-shape,144,749082894,30731598,1.56195370004262,0.06408013487786031
yellow,145,yellow-2021-02,2021-02,2022-01,measured,fixed-128,128,496034611,839.311098,779962896,31998470,779962896,31998470,5,5,True,2906fb34fb98f85cd4f16abef691d7610b061ad94235a77cffc45c7a255eb1f1,07de5bdcf4d83f567fdac4369709cad251ed586f7da37ce27c4544b96c9de7f2,,,,,,
yellow,145,yellow-2021-02,2021-02,2022-01,measured,enabled,656,496034611,460.164677,779962896,31998470,779962896,31998470,1,1,True,2906fb34fb98f85cd4f16abef691d7610b061ad94235a77cffc45c7a255eb1f1,fc280cb6cb0ce17465ef736d73ea3657dca5a0d58161c348e41b6ca70ef80c7b,prior-enabled-data-shape,145,776311122,31848655,1.5650341819761968,0.06420651833503348
yellow,145,yellow-2021-02,2021-02,2022-01,measured,fixed-1024,1024,496034611,454.202241,779962896,31998470,779962896,31998470,1,1,True,2906fb34fb98f85cd4f16abef691d7610b061ad94235a77cffc45c7a255eb1f1,8375d3a6439d10d3695d8da55dbbb75ba42030c6cb52a01ce2c7cd52d65a8323,,,,,,
yellow,146,yellow-2021-03,2021-03,2022-02,measured,fixed-128,128,519873865,700.9139,819151488,33606192,819151488,33606192,6,6,True,18912427564bccda5f512dd43db686ccb15174decf28339ba13d551ef8d79f74,5d378b332878a0019fe36e633b8afb2c1df33cd389d8e49f4bc2f62b4c97085a,,,,,,
yellow,146,yellow-2021-03,2021-03,2022-02,measured,enabled,656,519873865,451.748944,819151104,33606192,819151104,33606192,1,1,True,18912427564bccda5f512dd43db686ccb15174decf28339ba13d551ef8d79f74,95e88e18c57dab9da20d5d0e613f800eda64301bfc922821051ca39ebda7b3cb,prior-enabled-data-shape,146,815543514,33458188,1.5687334350927802,0.06435828054191414
yellow,146,yellow-2021-03,2021-03,2022-02,measured,fixed-1024,1024,519873865,464.235806,819151104,33606192,819151104,33606192,1,1,True,18912427564bccda5f512dd43db686ccb15174decf28339ba13d551ef8d79f74,4f4eb6529c71555935883f01501e90bae599f7c5c8b9c1b78fdae4cf64a1a182,,,,,,
yellow,147,yellow-2021-04,2021-04,2022-03,measured,fixed-1024,1024,545548382,481.164117,860655024,35308922,860655024,35308922,1,1,True,13d66f5c72591b6859726375bef29a41bf3dd6c6adab9bd0d8d4671441b65193,32410ae5a495610f3a6e8d4970b0816dcb9f484ca3c07a4a1a00f5f4d42aceb3,,,,,,
yellow,147,yellow-2021-04,2021-04,2022-03,measured,fixed-128,128,545548382,928.067366,860655408,35308922,860655408,35308922,6,6,True,13d66f5c72591b6859726375bef29a41bf3dd6c6adab9bd0d8d4671441b65193,5bebd965a08f25de387c7577732090c882a9bebdc3040f8f84679980f56cb911,,,,,,
yellow,147,yellow-2021-04,2021-04,2022-03,measured,enabled,656,545548382,452.315027,860655024,35308922,860655024,35308922,1,1,True,13d66f5c72591b6859726375bef29a41bf3dd6c6adab9bd0d8d4671441b65193,8a97f56e35df7129b019b7dcce0c343ab2cb2a5ee7708653c0edb681cd8afd9c,prior-enabled-data-shape,147,856909976,35155281,1.5707314044305563,0.06444026236091734
yellow,148,yellow-2021-05,2021-05,2022-04,measured,enabled,656,566752514,464.035244,895480488,36737655,895480488,36737655,1,1,True,34a5506d062dc64906296dd57d46e66456acba9c9ca90945aa2c5f1f34abfa2f,3017d4fdf94b74e10f7dddfa5bba40bb181194eb0248e0f757e25658ffebad6e,prior-enabled-data-shape,148,891159452,36560379,1.5723961165282476,0.06450854293310593
yellow,148,yellow-2021-05,2021-05,2022-04,measured,fixed-128,128,566752514,740.933168,895480872,36737655,895480872,36737655,6,6,True,34a5506d062dc64906296dd57d46e66456acba9c9ca90945aa2c5f1f34abfa2f,6b0a78275b291e27cae526f3ff91a118a316bf7afaa43bcccbfc38195383069f,,,,,,
yellow,148,yellow-2021-05,2021-05,2022-04,measured,fixed-1024,1024,566752514,450.17572,895480488,36737655,895480488,36737655,1,1,True,34a5506d062dc64906296dd57d46e66456acba9c9ca90945aa2c5f1f34abfa2f,f98942386193ca287c451316a70d481df923e328163dab9cfaba7a7791333306,,,,,,
yellow,149,yellow-2021-06,2021-06,2022-05,measured,fixed-1024,1024,583567653,468.656959,921834264,37818841,921834264,37818841,1,1,True,26351197ad9e5dbeb86b14aa9f6354d092ab48362b5cfa1b5a93334a0da992cb,4bc0d4c889ca13151fd2ac8fb78b793f9a8e93b7cb647460eb12e0bd441e7b01,,,,,,
yellow,149,yellow-2021-06,2021-06,2022-05,measured,enabled,656,583567653,451.852446,921834264,37818841,921834264,37818841,1,1,True,26351197ad9e5dbeb86b14aa9f6354d092ab48362b5cfa1b5a93334a0da992cb,5e369249170eb452e7f4beff869377c345f49b5032f32d725f3452bbfbfa0bde,prior-enabled-data-shape,149,919511673,37723548,1.5756727913221797,0.06464297257951215
yellow,149,yellow-2021-06,2021-06,2022-05,measured,fixed-128,128,583567653,688.922126,921834840,37818841,921834840,37818841,6,6,True,26351197ad9e5dbeb86b14aa9f6354d092ab48362b5cfa1b5a93334a0da992cb,8cd356f290f156c3f0aefd8b5eab0784ecb644bf9d146d1681f07580a4c79696,,,,,,
yellow,150,yellow-2021-07,2021-07,2022-06,measured,enabled,656,594861245,481.061632,939478392,38542701,939478392,38542701,1,1,True,91f5b64525bbeddfbcf9b246ca0c75944a32d2723e0e4731aa8b883c90fccc6e,43df766e7a7bdcd24d7324698ff28de30185e99af8ec40ec2e1bf8325aa3870f,prior-enabled-data-shape,150,938450807,38500544,1.5775961443507682,0.06472188932273289
yellow,150,yellow-2021-07,2021-07,2022-06,measured,fixed-128,128,594861245,832.236312,939478968,38542701,939478968,38542701,6,6,True,91f5b64525bbeddfbcf9b246ca0c75944a32d2723e0e4731aa8b883c90fccc6e,1c7ec0865146301cec53664312b2cb95760c562776eedb9e4d4c741ea8585b91,,,,,,
yellow,150,yellow-2021-07,2021-07,2022-06,measured,fixed-1024,1024,594861245,471.830595,939478392,38542701,939478392,38542701,1,1,True,91f5b64525bbeddfbcf9b246ca0c75944a32d2723e0e4731aa8b883c90fccc6e,7c056c2b8b5748ab1bedf9f974c8a055cbb0c547359048f474343ee09d8076bc,,,,,,
yellow,151,yellow-2021-08,2021-08,2022-07,measured,fixed-128,128,600531267,993.081159,948074808,38895349,948074808,38895349,6,6,True,f2fcfc33b399921068cd3ec8cba1ca97af98add1557347a56634555ca9771c75,d315356f77c376b8eb06c68290f24133125ec58c62429f40e4cfa965a0ab0e48,,,,,,
yellow,151,yellow-2021-08,2021-08,2022-07,measured,enabled,656,600531267,473.418068,948074232,38895349,948074232,38895349,1,1,True,f2fcfc33b399921068cd3ec8cba1ca97af98add1557347a56634555ca9771c75,7ead6f78a31b9e2d8fa1976ee425ecd6a652354876231541dea0b1c51e3a0e3e,prior-enabled-data-shape,151,948433191,38910077,1.57932358158582,0.06479275851967797
yellow,151,yellow-2021-08,2021-08,2022-07,measured,fixed-1024,1024,600531267,497.830146,948074232,38895349,948074232,38895349,1,1,True,f2fcfc33b399921068cd3ec8cba1ca97af98add1557347a56634555ca9771c75,3b71c811a8d2507b6e8d7ca87005240b34a05d79767e2b3c1c9cd75e84be2f6a,,,,,,
yellow,152,yellow-2021-09,2021-09,2022-08,measured,fixed-1024,1024,606822519,471.298601,956944824,39259269,956944824,39259269,1,1,True,ccfbbf40610919f6b3ccbfe8639cc6a9ae101b8c32eb0571d8802f9b94e3c5b7,705eaf7e3859b049adbe12da5671775844267bc0a03a08f0704b12582c8782f0,,,,,,
yellow,152,yellow-2021-09,2021-09,2022-08,measured,fixed-128,128,606822519,936.929971,956945208,39259269,956945208,39259269,6,6,True,ccfbbf40610919f6b3ccbfe8639cc6a9ae101b8c32eb0571d8802f9b94e3c5b7,32eac7a10cd6915324048ac8a119d91056f6d3a263721a0e260593e2b8767d07,,,,,,
yellow,152,yellow-2021-09,2021-09,2022-08,measured,enabled,656,606822519,463.836547,956944824,39259269,956944824,39259269,1,1,True,ccfbbf40610919f6b3ccbfe8639cc6a9ae101b8c32eb0571d8802f9b94e3c5b7,fb5ad91edc8b335626f21a5c6a5b5106f1da976175d4e74bc453a35e29a4010a,prior-enabled-data-shape,152,958006394,39302822,1.5787258450940906,0.06476823295863461
yellow,153,yellow-2021-10,2021-10,2022-09,measured,fixed-128,128,610316593,722.56095,962307144,39479243,962307144,39479243,6,6,True,59734be09f27c75bdcda2a027cd6cdbfcf7e99895e6d089199a925698df693c8,bc0d7b9a1d94aa2ac963789e7bf7e8b8ab9d5181936e84e07d1b78675831a025,,,,,,
yellow,153,yellow-2021-10,2021-10,2022-09,measured,enabled,656,610316593,460.015936,962306568,39479243,962306568,39479243,1,1,True,59734be09f27c75bdcda2a027cd6cdbfcf7e99895e6d089199a925698df693c8,8545eb6711310e3c3ebc868ab1a380ec7eb6cddfb932745bae3159e2ff5b94e2,prior-enabled-data-shape,153,963522579,39529127,1.5787258450940906,0.06476823295863461
yellow,153,yellow-2021-10,2021-10,2022-09,measured,fixed-1024,1024,610316593,469.966783,962306568,39479243,962306568,39479243,1,1,True,59734be09f27c75bdcda2a027cd6cdbfcf7e99895e6d089199a925698df693c8,fbc1cc48108e6922d50e01b56aa61621f81fb30d521ae0f334453aff6dca1819,,,,,,
yellow,154,yellow-2021-11,2021-11,2022-10,measured,fixed-1024,1024,614092067,473.832676,967471824,39691150,967471824,39691150,1,1,True,b9efd285349fb008d0bb3367e0c7ae27af87b432671e28185301f9ba88d0600b,14c6c2ebb4fa97d0796de4e4c74305686c1b0b1a83c9769de37b27972e298b62,,,,,,
yellow,154,yellow-2021-11,2021-11,2022-10,measured,fixed-128,128,614092067,944.128611,967472400,39691150,967472400,39691150,6,6,True,b9efd285349fb008d0bb3367e0c7ae27af87b432671e28185301f9ba88d0600b,bf7ad398af4d8abfb13ddcad1cb3ff0ae8bc10d127b665a5240119b4daf0a68d,,,,,,
yellow,154,yellow-2021-11,2021-11,2022-10,measured,enabled,656,614092067,476.98067,967471824,39691150,967471824,39691150,1,1,True,b9efd285349fb008d0bb3367e0c7ae27af87b432671e28185301f9ba88d0600b,60a6f3125df47a03b4257292b3da1683d6c995febda960fb277db91bf314c40e,prior-enabled-data-shape,154,968408730,39729583,1.576976453637509,0.06469646028413129
yellow,155,yellow-2021-12,2021-12,2022-11,measured,enabled,656,611097976,471.119437,962103696,39470918,962103696,39470918,1,1,True,297c1e268ace0203f696ef670a012652ccf1622f1bde6853f5eb4b1186c21ef6,aba9f9ba3168201fd0ba7d35c0674ac9a8c427aa27c25f407c05ef8af394d606,prior-enabled-data-shape,155,963687119,39535876,1.576976453637509,0.06469646028413129
yellow,155,yellow-2021-12,2021-12,2022-11,measured,fixed-128,128,611097976,1056.590648,962104272,39470918,962104272,39470918,6,6,True,297c1e268ace0203f696ef670a012652ccf1622f1bde6853f5eb4b1186c21ef6,bca620e1ce76d32ae3693404264e1750a1b6ab8d434cc45cf5df23e7b8e93b1b,,,,,,
yellow,155,yellow-2021-12,2021-12,2022-11,measured,fixed-1024,1024,611097976,466.817862,962103696,39470918,962103696,39470918,1,1,True,297c1e268ace0203f696ef670a012652ccf1622f1bde6853f5eb4b1186c21ef6,3f4a26e23b372b70e8af288ee2fd020826ff2872510061ddb8a1e218728b5c96,,,,,,
yellow,156,yellow-2022-01,2022-01,2022-12,measured,fixed-128,128,615099663,961.63405,966617904,39656098,966617904,39656098,6,6,True,7eb22ba6051f0f3b0bd81d53179bb713c74acd2c9d14f4555ea8aa2841eed997,0880b6bc55dd16669b0fb7d1b89c824311959141d1e2215051e4a43ab9573583,,,,,,
yellow,156,yellow-2022-01,2022-01,2022-12,measured,enabled,656,615099663,459.320379,966617520,39656098,966617520,39656098,1,1,True,7eb22ba6051f0f3b0bd81d53179bb713c74acd2c9d14f4555ea8aa2841eed997,1500515d95aabb6e7aeb82b320218c2d5d84cf3b776567f9cf72b08c8ddc5327,prior-enabled-data-shape,156,969848194,39788643,1.5767334184210848,0.06468649788127258
yellow,156,yellow-2022-01,2022-01,2022-12,measured,fixed-1024,1024,615099663,464.949031,966617520,39656098,966617520,39656098,1,1,True,7eb22ba6051f0f3b0bd81d53179bb713c74acd2c9d14f4555ea8aa2841eed997,c518e1dcd3e087948d27a3f3bc8d17fc96c855959dde0f6dbe3c8297ea5394d9,,,,,,
yellow,157,yellow-2022-02,2022-02,2023-01,measured,enabled,656,624633084,455.360924,981311544,40258933,981311544,40258933,1,1,True,38e521d11302ed1425839bf344f52d3a8acc4344187f38e182204101af3896a7,1d1f5626cb7ffeb89f35b366a129c080d2ab7f8c83f8d90d8a3c78f1b2c4008f,prior-enabled-data-shape,157,984078677,40372457,1.5754507768295272,0.06463387516777676
yellow,157,yellow-2022-02,2022-02,2023-01,measured,fixed-128,128,624633084,997.039653,981311928,40258933,981311928,40258933,6,6,True,38e521d11302ed1425839bf344f52d3a8acc4344187f38e182204101af3896a7,f057f44ded2f8656d550daaa18e6fbc5c491717173c56837f79adc9875cd56a2,,,,,,
yellow,157,yellow-2022-02,2022-02,2023-01,measured,fixed-1024,1024,624633084,456.274422,981311544,40258933,981311544,40258933,1,1,True,38e521d11302ed1425839bf344f52d3a8acc4344187f38e182204101af3896a7,69ac18995439ce4188de926eca2b0830bab34f4d5ba03a5b36404b0fc8fb11ea,,,,,,
yellow,158,yellow-2022-03,2022-03,2023-02,measured,fixed-128,128,626764584,1016.193068,979716120,40193457,979716120,40193457,6,6,True,75f0ec9aae8fa395aa7311d6fe48d40a5f9a729c044fe824c2c1582592bdda57,7e17a3aa7bd884efd71091f161a4b44f516ba2a7951e5100abb1cdf59b59d3a6,,,,,,
yellow,158,yellow-2022-03,2022-03,2023-02,measured,enabled,656,626764584,462.125685,979715544,40193457,979715544,40193457,1,1,True,75f0ec9aae8fa395aa7311d6fe48d40a5f9a729c044fe824c2c1582592bdda57,fe1ca8b9c4a0aa124b82112c0da6b6688193ed110cb38f30f363df20353e776c,prior-enabled-data-shape,158,986768974,40482827,1.5743853420977456,0.06459016319831502
yellow,158,yellow-2022-03,2022-03,2023-02,measured,fixed-1024,1024,626764584,460.591751,979715544,40193457,979715544,40193457,1,1,True,75f0ec9aae8fa395aa7311d6fe48d40a5f9a729c044fe824c2c1582592bdda57,1ce120c0b7f4f7f552389d2eaaa45c98c29152b75587b93debd7988d4e027b64,,,,,,
yellow,159,yellow-2022-04,2022-04,2023-03,measured,fixed-1024,1024,627209977,466.312978,974252856,39969341,974252856,39969341,1,1,True,c86287e0784f5e8c3a8220b5656ceaef244323ea7b7304a0bfaabab7682df028,df241338ddc31c55686bc9728ad615fe9367e747995a70ad2ed1b317c9f5a93b,,,,,,
yellow,159,yellow-2022-04,2022-04,2023-03,measured,fixed-128,128,627209977,838.839658,974253240,39969341,974253240,39969341,6,6,True,c86287e0784f5e8c3a8220b5656ceaef244323ea7b7304a0bfaabab7682df028,e895a728eefbbee693fb787f28bfa39c143931198b5288a87b189974c35fa91c,,,,,,
yellow,159,yellow-2022-04,2022-04,2023-03,measured,enabled,656,627209977,480.349323,974252856,39969341,974252856,39969341,1,1,True,c86287e0784f5e8c3a8220b5656ceaef244323ea7b7304a0bfaabab7682df028,60262a4c267affefa6e3fa9c2e7a3e82e540ef27a8de8ed3de5f38f397f6ac0a,prior-enabled-data-shape,159,985648650,40436862,1.5714811406098916,0.06447101239917279
yellow,160,yellow-2022-05,2022-05,2023-04,measured,fixed-128,128,626209984,947.901461,966656424,39657671,966656424,39657671,6,6,True,1b72601e3dc48451f1f8ab022101af722cd575f7124950ea7c8dce4c8e349ccb,e1a41cebf895fb1a91a07961bfc969779954a2617ef4747c0bdf33ede1d821c9,,,,,,
yellow,160,yellow-2022-05,2022-05,2023-04,measured,fixed-1024,1024,626209984,464.461766,966655848,39657671,966655848,39657671,1,1,True,1b72601e3dc48451f1f8ab022101af722cd575f7124950ea7c8dce4c8e349ccb,22b03433325106a89471bb1e831b3313d21439d7789d5781eb79b5238651b256,,,,,,
yellow,160,yellow-2022-05,2022-05,2023-04,measured,enabled,656,626209984,474.539159,966655848,39657671,966655848,39657671,1,1,True,1b72601e3dc48451f1f8ab022101af722cd575f7124950ea7c8dce4c8e349ccb,efbae850630b7b00d871f64252e2f52aeeeb8e58f32516f46ceb9ef9e926e9c3,prior-enabled-data-shape,160,983788887,40360568,1.5710207626466357,0.06445213042862136
yellow,161,yellow-2022-06,2022-06,2023-05,measured,enabled,656,629305790,479.247919,964836312,39583025,964836312,39583025,1,1,True,5cf07a3604996906e9f16432eeec467085b8094f408b235806487aeea496ded1,0f8b335552f4eabd2319b0974afdd07de5f370a7042394bad47affcf01d6e61a,prior-enabled-data-shape,161,983687783,40356421,1.5631316271054652,0.06412847507031444
yellow,161,yellow-2022-06,2022-06,2023-05,measured,fixed-128,128,629305790,1102.910106,964837080,39583025,964837080,39583025,6,6,True,5cf07a3604996906e9f16432eeec467085b8094f408b235806487aeea496ded1,3a359fca893d267ecc07163f75343ed11503e766fab106a759ebe187b73fcfb4,,,,,,
yellow,161,yellow-2022-06,2022-06,2023-05,measured,fixed-1024,1024,629305790,461.829838,964836312,39583025,964836312,39583025,1,1,True,5cf07a3604996906e9f16432eeec467085b8094f408b235806487aeea496ded1,fd055ca58cb3c22245f0c9c29b1a5d473e5453c4ab5478cce35a9d04956a7a94,,,,,,
yellow,162,yellow-2022-07,2022-07,2023-06,measured,enabled,656,628940071,469.16258,958720872,39332135,958720872,39332135,1,1,True,98017df4951db958a0db8f99f6b31e21ca81bb977f0fbb4669f4c0c54c45e9ea,010e3ca923177ef2991548c7f71ba47e15145a0ca64eb5d24c299c71b3655ca1,prior-enabled-data-shape,162,976940232,40079592,1.5533121151228115,0.06372561417338551
yellow,162,yellow-2022-07,2022-07,2023-06,measured,fixed-128,128,628940071,753.732407,958721640,39332135,958721640,39332135,6,6,True,98017df4951db958a0db8f99f6b31e21ca81bb977f0fbb4669f4c0c54c45e9ea,e09d4053e1ad2a299d8505490cb42210c858fc5ca4af5bb70cc1f452c710cd4c,,,,,,
yellow,162,yellow-2022-07,2022-07,2023-06,measured,fixed-1024,1024,628940071,469.412527,958720872,39332135,958720872,39332135,1,1,True,98017df4951db958a0db8f99f6b31e21ca81bb977f0fbb4669f4c0c54c45e9ea,c752f61712805ae1d586e0db1cd1cd1a77da6ac222b3a6fd2dab52d879fb2d09,,,,,,
yellow,163,yellow-2022-08,2022-08,2023-07,measured,fixed-128,128,627934187,903.457758,952206552,39064849,952206552,39064849,6,6,True,4006413024ac6fbcef37017e5df9d3a91608208e0be172467ded507f33e83cd4,25881b8e80ad7e03aeea8fcaed4f5c21c17ddd25866489538181e159424edea0,,,,,,
yellow,163,yellow-2022-08,2022-08,2023-07,measured,fixed-1024,1024,627934187,476.926643,952205784,39064849,952205784,39064849,1,1,True,4006413024ac6fbcef37017e5df9d3a91608208e0be172467ded507f33e83cd4,ac73ffe6f709524076ae687e21f2ae6c2b48d0097db50d79dcaf2357e3a907c0,,,,,,
yellow,163,yellow-2022-08,2022-08,2023-07,measured,enabled,656,627934187,475.288579,952205784,39064849,952205784,39064849,1,1,True,4006413024ac6fbcef37017e5df9d3a91608208e0be172467ded507f33e83cd4,7cff7086000bb03f31a21e43bcb0334d89f99ecdfb1a3aa69e7d7b064f446452,prior-enabled-data-shape,163,969317433,39766864,1.543660868875575,0.06332966898209019
yellow,164,yellow-2022-09,2022-09,2023-08,measured,enabled,672,626369381,456.634573,944199288,38736381,944199288,38736381,1,1,True,9d5ea60b5cd2aa23112ed46535166f241c8aebbe3284b8d7175582f5385da73f,dedb425ed8821094e844e0614e1ede087940f728847d6fbc334d1e41a203a2d7,prior-enabled-data-shape,164,960334281,39398326,1.5331756474066447,0.06289950867923844
yellow,164,yellow-2022-09,2022-09,2023-08,measured,fixed-1024,1024,626369381,468.961167,944199288,38736381,944199288,38736381,1,1,True,9d5ea60b5cd2aa23112ed46535166f241c8aebbe3284b8d7175582f5385da73f,3466e80775b5e484120623ebcc3cc9c0611a0daec88d5932fc744f88fac7c874,,,,,,
yellow,164,yellow-2022-09,2022-09,2023-08,measured,fixed-128,128,626369381,792.403714,944200056,38736381,944200056,38736381,6,6,True,9d5ea60b5cd2aa23112ed46535166f241c8aebbe3284b8d7175582f5385da73f,0d3237c59ecdb50413f69da2c50ec9dbbabe5597c2df76e40a6651ecb45bad8c,,,,,,
yellow,165,yellow-2022-10,2022-10,2023-09,measured,fixed-1024,1024,624644939,465.351126,935983872,38399336,935983872,38399336,1,1,True,172e2c6e6ea82feed89a2966a29de44db870f08bb670ededeaeb31d72b7f3661,2dc42751a7791f11c20d1f2b4420867f9a069618984d13ba65a7a708a79cc536,,,,,,
yellow,165,yellow-2022-10,2022-10,2023-09,measured,fixed-128,128,624644939,785.750355,935984640,38399336,935984640,38399336,6,6,True,172e2c6e6ea82feed89a2966a29de44db870f08bb670ededeaeb31d72b7f3661,f8847f17509b920357a9f89adc6c0b50e3b04143b5a87ccd7378ce1b8800736c,,,,,,
yellow,165,yellow-2022-10,2022-10,2023-09,measured,enabled,672,624644939,465.160274,935983872,38399336,935983872,38399336,1,1,True,172e2c6e6ea82feed89a2966a29de44db870f08bb670ededeaeb31d72b7f3661,5c99935ac1dfc782cfd1e4c93494fe3790884c9cb7c62d8d34250de4c7024170,prior-enabled-data-shape,165,952173614,39063530,1.524343758977952,0.06253717454742998
yellow,166,yellow-2022-11,2022-11,2023-10,measured,fixed-128,128,626592060,800.154039,932252208,38246210,932252208,38246210,6,6,True,0791f4a9db321fb2dfa6a6e447ce90fc610e2841de1ce1abe1c80b1c5c271089,78550cf84d1f833b266c9fa3fe61e140d8af309676bdff2396d27f2aaa7a0489,,,,,,
yellow,166,yellow-2022-11,2022-11,2023-10,measured,fixed-1024,1024,626592060,459.620469,932251440,38246210,932251440,38246210,1,1,True,0791f4a9db321fb2dfa6a6e447ce90fc610e2841de1ce1abe1c80b1c5c271089,1c67dc473209e6074f3c29e1e806fe299358b6beddcdd30a2efbd6525fbc9e4f,,,,,,
yellow,166,yellow-2022-11,2022-11,2023-10,measured,enabled,672,626592060,451.288382,932251440,38246210,932251440,38246210,1,1,True,0791f4a9db321fb2dfa6a6e447ce90fc610e2841de1ce1abe1c80b1c5c271089,bbb23a7db0ced4dcb50adec3ddd24b572dccd017ba87713327cbc72df3afbe73,prior-enabled-data-shape,166,950170569,38981353,1.5164101648123833,0.062211693213639285
yellow,167,yellow-2022-12,2022-12,2023-11,measured,fixed-1024,1024,632580082,469.719683,934372032,38333208,934372032,38333208,1,1,True,ec7ed3710da7efadb6d7bb347d429c4c83dce5161a49243b64d2997f34fec6b0,6ea157b6e39ea832c05d9e4e6416c80939245508c84ea2d087b599e267b870c7,,,,,,
yellow,167,yellow-2022-12,2022-12,2023-11,measured,enabled,672,632580082,451.920591,934372032,38333208,934372032,38333208,1,1,True,ec7ed3710da7efadb6d7bb347d429c4c83dce5161a49243b64d2997f34fec6b0,7e7a789fc7fe585efc697ed84e836cc1450069eb07ec6a215d1984aee3e3334a,prior-enabled-data-shape,167,953561399,39120468,1.5074160976588349,0.06184271162513929
yellow,167,yellow-2022-12,2022-12,2023-11,measured,fixed-128,128,632580082,826.105268,934372608,38333208,934372608,38333208,6,6,True,ec7ed3710da7efadb6d7bb347d429c4c83dce5161a49243b64d2997f34fec6b0,828ee2f2fec77ed4d5a780fa5c160754ed7a58a693f7cde9861c680cb7da9ac4,,,,,,
yellow,168,yellow-2023-01,2023-01,2023-12,measured,enabled,688,635743618,461.657081,933811824,38310226,933811824,38310226,1,1,True,4cc7a05564fd833defda88289bd0f64376e2917dce4325bb1c887098710d5e36,da22bd0a37d02f1bfe048a5df737697cc0378c3f18f849a6f331c948e97157b9,prior-enabled-data-shape,168,952614415,39081615,1.4984254471002767,0.061473860752756376
yellow,168,yellow-2023-01,2023-01,2023-12,measured,fixed-128,128,635743618,659.60556,933812592,38310226,933812592,38310226,6,6,True,4cc7a05564fd833defda88289bd0f64376e2917dce4325bb1c887098710d5e36,c0dc265b4c002bd35712e0bbbe7a4d80783471a2ff1c223270be7622a9838021,,,,,,
yellow,168,yellow-2023-01,2023-01,2023-12,measured,fixed-1024,1024,635743618,472.040229,933811824,38310226,933811824,38310226,1,1,True,4cc7a05564fd833defda88289bd0f64376e2917dce4325bb1c887098710d5e36,14c34938b2a2a032951d2cb2fe7d7eb35283f0bc9bc2bdfca92c26415f37876d,,,,,,
yellow,169,yellow-2023-02,2023-02,2024-01,measured,fixed-1024,1024,638031889,377.215077,931322208,38208084,931322208,38208084,1,1,True,983226667749502c6eaa3fa5c64e6e62011c2c81b5645008943b38b6c706a422,1ca7f40a44a59dd37114538cb8d4436cf5626a784fc0d1312aaee3a65543ba5b,,,,,,
yellow,169,yellow-2023-02,2023-02,2024-01,measured,enabled,688,638031889,373.910548,931322208,38208084,931322208,38208084,1,1,True,983226667749502c6eaa3fa5c64e6e62011c2c81b5645008943b38b6c706a422,0d6ed6a6ce8147cc6d2cca83abb0cc61f9392dd366f96b66130ce1bce1956b7d,prior-enabled-data-shape,169,949271760,38944479,1.4878124054109463,0.06103845299284514
yellow,169,yellow-2023-02,2023-02,2024-01,measured,fixed-128,128,638031889,607.043283,931322592,38208084,931322592,38208084,6,6,True,983226667749502c6eaa3fa5c64e6e62011c2c81b5645008943b38b6c706a422,756076228732b8498253d5904105abb045423321a0487d63feb734f673a5127f,,,,,,
yellow,170,yellow-2023-03,2023-03,2024-02,measured,fixed-1024,1024,640633161,364.23662,933602856,38301655,933602856,38301655,1,1,True,1aa2c0057c79e6736a6cac7fb90a87b1cdb304c540c0e5c4b5ffb9af62697deb,0c23025968ea2d2bc0afe062e9c95035e974803f2c9a31eef2d10f723b58b17f,,,,,,
yellow,170,yellow-2023-03,2023-03,2024-02,measured,enabled,688,640633161,363.161537,933602856,38301655,933602856,38301655,1,1,True,1aa2c0057c79e6736a6cac7fb90a87b1cdb304c540c0e5c4b5ffb9af62697deb,e1a9ccb7d97838ef779d2f776798ad37ebd082cb4d4ae05a52c034c15a4b731f,prior-enabled-data-shape,170,946267082,38821210,1.4770810188108325,0.060598190001183126
yellow,170,yellow-2023-03,2023-03,2024-02,measured,fixed-128,128,640633161,657.496331,933603624,38301655,933603624,38301655,6,6,True,1aa2c0057c79e6736a6cac7fb90a87b1cdb304c540c0e5c4b5ffb9af62697deb,d1685045aa5897fef374e19a4dc663be6bffa578412201bc1f4d8f9b9f674ca5,,,,,,
yellow,171,yellow-2023-04,2023-04,2024-03,measured,enabled,704,644583679,376.483373,937962744,38480517,937962744,38480517,1,1,True,37d0a6aca075510f9ff40fc3df09efc0dcbf9519b95211a22e3b932226e522c8,6632ec4e8ca3664c9b636c13ad425960e2d452f22cc8469066ca4eeaa75b6cf7,prior-enabled-data-shape,171,946796545,38842932,1.468849702239559,0.06026049639400391
yellow,171,yellow-2023-04,2023-04,2024-03,measured,fixed-128,128,644583679,616.005364,937963320,38480517,937963320,38480517,6,6,True,37d0a6aca075510f9ff40fc3df09efc0dcbf9519b95211a22e3b932226e522c8,19536564a7f9fe2d153be9d33b54fc76ab755811a70cd0731d770a67eb96fb41,,,,,,
yellow,171,yellow-2023-04,2023-04,2024-03,measured,fixed-1024,1024,644583679,361.948344,937962744,38480517,937962744,38480517,1,1,True,37d0a6aca075510f9ff40fc3df09efc0dcbf9519b95211a22e3b932226e522c8,d9af8c393e3864e9a1736f1966465ba3c6de30b899ac246dd7b665342cf5f978,,,,,,
yellow,172,yellow-2023-05,2023-05,2024-04,measured,fixed-1024,1024,649494605,369.645487,943472352,38706556,943472352,38706556,1,1,True,3ebe7ef6c8a4f8eeb492fa3918bc299b92617a18441b95cdba7caa98a7ca1dbe,4c12fab91d11cd352ce3405f36fdf727f3afa6efcd06fb5f9f6c60f5a3f5ec34,,,,,,
yellow,172,yellow-2023-05,2023-05,2024-04,measured,enabled,704,649494605,367.012153,943472352,38706556,943472352,38706556,1,1,True,3ebe7ef6c8a4f8eeb492fa3918bc299b92617a18441b95cdba7caa98a7ca1dbe,d83d34b3c2a6fc377b42e8f20c108c87e09419774b74676ddc98b1e3d51f6378,prior-enabled-data-shape,172,948054102,38894521,1.4596797182969643,0.05988428581506214
yellow,172,yellow-2023-05,2023-05,2024-04,measured,fixed-128,128,649494605,550.211034,943473120,38706556,943473120,38706556,6,6,True,3ebe7ef6c8a4f8eeb492fa3918bc299b92617a18441b95cdba7caa98a7ca1dbe,4ee1df8c9755ce312061ac98cc213dfc9fc7df3af7f431163ad2fb27debfbf0b,,,,,,
yellow,173,yellow-2023-06,2023-06,2024-05,measured,enabled,704,653393106,385.512695,948595680,38916740,948595680,38916740,1,1,True,d548b558473ed47a0478ed5af97e1c8629117c7539f61d74cdb15ed226f92bb2,52c52dcc5c1987b3f4bf034cf0ba28d6b86f4675c5b9ed2c2d0aea5118583518,prior-enabled-data-shape,173,952198086,39064536,1.4573127225301408,0.05978718763201832
yellow,173,yellow-2023-06,2023-06,2024-05,measured,fixed-1024,1024,653393106,366.729697,948595680,38916740,948595680,38916740,1,1,True,d548b558473ed47a0478ed5af97e1c8629117c7539f61d74cdb15ed226f92bb2,f15920e7cdbb4784770eff83179d47274e15993431531f47902db04ba6620ef5,,,,,,
yellow,173,yellow-2023-06,2023-06,2024-05,measured,fixed-128,128,653393106,642.774309,948596256,38916740,948596256,38916740,6,6,True,d548b558473ed47a0478ed5af97e1c8629117c7539f61d74cdb15ed226f92bb2,e42b42b761eeb7e1df8d5e1faab37d74b782d9ed500d379e80c8c3d9f1d240e6,,,,,,
yellow,174,yellow-2023-07,2023-07,2024-06,measured,fixed-1024,1024,658253563,450.714373,954249672,39148699,954249672,39148699,1,1,True,72eb6d5817b536ff6e44171673d4516e1677abebf1dc7c5f3cda9e4804a2c923,b5269397c1b02cd9c4dbc6502c8ce4ad0834ec878bae778a15ed763fd937c874,,,,,,
yellow,174,yellow-2023-07,2023-07,2024-06,measured,fixed-128,128,658253563,623.720271,954250248,39148699,954250248,39148699,6,6,True,72eb6d5817b536ff6e44171673d4516e1677abebf1dc7c5f3cda9e4804a2c923,27b0b5a9617835d9e89513048047e6f77a9d8986bf8cabacf85e8f47793af0e8,,,,,,
yellow,174,yellow-2023-07,2023-07,2024-06,measured,enabled,704,658253563,377.448463,954249672,39148699,954249672,39148699,1,1,True,72eb6d5817b536ff6e44171673d4516e1677abebf1dc7c5f3cda9e4804a2c923,85b9c3939db4c5d79e6dfe9911d14f2f2106204643ec33d104677a0352f16043,prior-enabled-data-shape,174,957854408,39296585,1.455145040990093,0.05969824904611027
yellow,175,yellow-2023-08,2023-08,2024-07,measured,fixed-128,128,662191167,591.241258,958389072,39318494,958389072,39318494,6,6,True,74d71ffb38532c7d37941220e5f59abc595212d5a8cd5af8cbbe911c1583ff08,379a53dc5d7bf2a1fb4610f91366be730c27552f8e4bc46b72c560fb73fc98db,,,,,,
yellow,175,yellow-2023-08,2023-08,2024-07,measured,enabled,704,662191167,368.231772,958388304,39318494,958388304,39318494,1,1,True,74d71ffb38532c7d37941220e5f59abc595212d5a8cd5af8cbbe911c1583ff08,d1a2a94c195f7c356b896422c5fcaf873cf98a937baee7a5213de226f74ba843,prior-enabled-data-shape,175,961915700,39463206,1.452625387088473,0.05959488454873309
yellow,175,yellow-2023-08,2023-08,2024-07,measured,fixed-1024,1024,662191167,387.172382,958388304,39318494,958388304,39318494,1,1,True,74d71ffb38532c7d37941220e5f59abc595212d5a8cd5af8cbbe911c1583ff08,56e6df6e0a02780ebe0985d6d0e5ac663d182005220c8b0fff603146dbfbd148,,,,,,
yellow,176,yellow-2023-09,2023-09,2024-08,measured,fixed-128,128,665106164,546.8975,962166432,39473468,962166432,39473468,6,6,True,a27ce3dfb3f5a45e65614f22732b073841cd0d4cc13e82c2fcec6d6ac33f37f2,7064a19533e56bbd4ba489e132d6c369b2094345b405e2afc40981dba5fb6d16,,,,,,
yellow,176,yellow-2023-09,2023-09,2024-08,measured,enabled,704,665106164,387.711318,962165856,39473468,962165856,39473468,1,1,True,a27ce3dfb3f5a45e65614f22732b073841cd0d4cc13e82c2fcec6d6ac33f37f2,d6a404fc0029df7800567974ff0ade0ac5841254781b1c1537c82aad3d2caf86,prior-enabled-data-shape,176,965600690,39614381,1.4517993399214102,0.059560989613502285
yellow,176,yellow-2023-09,2023-09,2024-08,measured,fixed-1024,1024,665106164,366.313935,962165856,39473468,962165856,39473468,1,1,True,a27ce3dfb3f5a45e65614f22732b073841cd0d4cc13e82c2fcec6d6ac33f37f2,f3ea41f4e4e75d6d772de0ca49890896212c6cdb6388bc4a8e50a6dc618c59fa,,,,,,
yellow,177,yellow-2023-10,2023-10,2024-09,measured,enabled,704,678380835,374.733731,981332160,40259776,981332160,40259776,1,1,True,2f381fefaa233603f61eb596b2d55f37e531d03831d5dfe04cff3b0ba9b20e41,1acfe8272a118e3d31248ac57c878ccbdd459bb642f398e18089d8f0bfe39c97,prior-enabled-data-shape,177,983427551,40345740,1.449668829213766,0.059473584649628396
yellow,177,yellow-2023-10,2023-10,2024-09,measured,fixed-1024,1024,678380835,371.73955,981332160,40259776,981332160,40259776,1,1,True,2f381fefaa233603f61eb596b2d55f37e531d03831d5dfe04cff3b0ba9b20e41,6ec4b7ed8a122118531f25c3b0a4ed6d8ab0def1b5e6e87559ebb0ea13190813,,,,,,
yellow,177,yellow-2023-10,2023-10,2024-09,measured,fixed-128,128,678380835,624.747657,981332544,40259776,981332544,40259776,6,6,True,2f381fefaa233603f61eb596b2d55f37e531d03831d5dfe04cff3b0ba9b20e41,6f9cf615e8978cbbe33945222029aacbd58ec77a3725c124d4637463789d7517,,,,,,
yellow,178,yellow-2023-11,2023-11,2024-10,measured,enabled,704,683717847,390.828154,988924560,40571262,988924560,40571262,1,1,True,dd658906355ae4554bffb0c0f5c82468f35251534c641c795c8c75a0441022d3,68a71dcb2c25992a5ca3160afc23af32f896243dabf1de366cb27670ee2b085c,prior-enabled-data-shape,178,989543836,40596670,1.4472985321472884,0.059376349246893535
yellow,178,yellow-2023-11,2023-11,2024-10,measured,fixed-1024,1024,683717847,379.173623,988924560,40571262,988924560,40571262,1,1,True,dd658906355ae4554bffb0c0f5c82468f35251534c641c795c8c75a0441022d3,1ddb845c1125fd5b22bc8735a0d844fe7159f265d8c3ff5b0eeaa5c8553b88cc,,,,,,
yellow,178,yellow-2023-11,2023-11,2024-10,measured,fixed-128,128,683717847,594.633939,988925136,40571262,988925136,40571262,6,6,True,dd658906355ae4554bffb0c0f5c82468f35251534c641c795c8c75a0441022d3,8aeec13d32a64851517c66fdd25f791153508d7d76dfae6f37af9847e8d6e111,,,,,,
yellow,179,yellow-2023-12,2023-12,2024-11,measured,fixed-1024,1024,688281903,371.195436,996399264,40877916,996399264,40877916,1,1,True,9595bd7caa2ad872aa6d5f16d8ec8600ae11d546171085e4353cc5ca00b6c957,c490c963844721ccf667e5e9f05a33e487e239b0d2988307a802015babdd3f93,,,,,,
yellow,179,yellow-2023-12,2023-12,2024-11,measured,enabled,704,688281903,382.55961,996399264,40877916,996399264,40877916,1,1,True,9595bd7caa2ad872aa6d5f16d8ec8600ae11d546171085e4353cc5ca00b6c957,930b5ce398e5276c9024d48670aecde7164bc2f5a3195891ffd69b7e773fdd9a,prior-enabled-data-shape,179,995692691,40848928,1.4466350006643451,0.05934912369869421
yellow,179,yellow-2023-12,2023-12,2024-11,measured,fixed-128,128,688281903,625.569419,996399648,40877916,996399648,40877916,6,6,True,9595bd7caa2ad872aa6d5f16d8ec8600ae11d546171085e4353cc5ca00b6c957,27246128db89a80945451fd65c30f345c78ed7d2bd5a94bed91d3910a33c302f,,,,,,
yellow,180,yellow-2024-01,2024-01,2024-12,measured,fixed-128,128,693001713,642.005163,1003512576,41169720,1003512576,41169720,6,6,True,d084f91ab9b3828099742e6352818b7bbeced35ef7e0c7ea807e5ed55d92ece0,6dcd9318a19f504eeab38df19a9992c64e32d90ef1f5a4a02482450653a0a223,,,,,,
yellow,180,yellow-2024-01,2024-01,2024-12,measured,fixed-1024,1024,693001713,376.650485,1003512000,41169720,1003512000,41169720,1,1,True,d084f91ab9b3828099742e6352818b7bbeced35ef7e0c7ea807e5ed55d92ece0,2d45b4b8a9826990e9edf72230213844bc2176d1ea415703d442a1aae05510d0,,,,,,
yellow,180,yellow-2024-01,2024-01,2024-12,measured,enabled,704,693001713,366.173103,1003512192,41169720,1003512192,41169720,2,2,True,d084f91ab9b3828099742e6352818b7bbeced35ef7e0c7ea807e5ed55d92ece0,3a5277defd22d4587d1562f66f97d2d0e6fa3e0957e0a040f7a7d88859951189,prior-enabled-data-shape,180,1002980362,41147912,1.4472985321472884,0.059376349246893535
yellow,181,yellow-2024-02,2024-02,2025-01,measured,fixed-128,128,702198310,603.818366,1015958448,41680322,1015958448,41680322,6,6,True,0f7fd66b77dd4d9b158deb24dc3422f3b5ac03dcb621e433d8a214168faa9d3f,cc4706821537cdff9d86d777bc990c32b1ff067afc6f3c4ab312b84e06926bd0,,,,,,
yellow,181,yellow-2024-02,2024-02,2025-01,measured,enabled,704,702198310,376.520142,1015958064,41680322,1015958064,41680322,2,2,True,0f7fd66b77dd4d9b158deb24dc3422f3b5ac03dcb621e433d8a214168faa9d3f,f38854c8782a78129648ded7c857b8be0989ffbd852c362d8c2fdcbfd7355959,prior-enabled-data-shape,181,1016545512,41704429,1.4476615753763324,0.05939124045224243
yellow,181,yellow-2024-02,2024-02,2025-01,measured,fixed-1024,1024,702198310,388.079076,1015957872,41680322,1015957872,41680322,1,1,True,0f7fd66b77dd4d9b158deb24dc3422f3b5ac03dcb621e433d8a214168faa9d3f,c01a64c017a667b47c2424e2f6c3c0a6ed483b4cf2600bb6b7e1fb75e694455a,,,,,,
yellow,182,yellow-2024-03,2024-03,2025-02,measured,fixed-1024,1024,712192112,382.602183,1029852168,42250339,1029852168,42250339,1,1,True,bbdffc6ec75b4e79c493a13fde136230834913937d4e7f3349cd8150cb6d677d,7139904b15b336815db7b05cb6df6bd2c3befaab1bb29588acb3851857d014c9,,,,,,
yellow,182,yellow-2024-03,2024-03,2025-02,measured,fixed-128,128,712192112,562.005691,1029852552,42250339,1029852552,42250339,6,6,True,bbdffc6ec75b4e79c493a13fde136230834913937d4e7f3349cd8150cb6d677d,938fdfc9163f0bd24038a53e87bd8723301cf57e2e9dd7bf75df99ff91a72638,,,,,,
yellow,182,yellow-2024-03,2024-03,2025-02,measured,enabled,704,712192112,355.287157,1029852168,42250339,1029852168,42250339,2,2,True,bbdffc6ec75b4e79c493a13fde136230834913937d4e7f3349cd8150cb6d677d,74fc94e5cc9432eae3e5c0245671487bec2ca0ec1503cc4bc6cf05cb56c6b66b,prior-enabled-data-shape,182,1030754598,42287368,1.4472985321472884,0.059376349246893535
yellow,183,yellow-2024-04,2024-04,2025-03,measured,enabled,704,722078577,366.710241,1043566272,42812968,1043566272,42812968,2,2,True,c693d80968069ae2563d6cdbb8d6b45d7b7591132204f82e8743d8504bf102cf,8b18ca75ebf1519d7728df911773064b06a72c52a42eeb76d8de61f3e485ca62,prior-enabled-data-shape,183,1044721331,42860353,1.4468249916465905,0.05935691015832835
yellow,183,yellow-2024-04,2024-04,2025-03,measured,fixed-1024,1024,722078577,389.231104,1043566272,42812968,1043566272,42812968,1,1,True,c693d80968069ae2563d6cdbb8d6b45d7b7591132204f82e8743d8504bf102cf,47a86768589e8eae4c9095c493982165b1a713498da16e5a354da6dd1994afeb,,,,,,
yellow,183,yellow-2024-04,2024-04,2025-03,measured,fixed-128,128,722078577,713.683632,1043566848,42812968,1043566848,42812968,7,7,True,c693d80968069ae2563d6cdbb8d6b45d7b7591132204f82e8743d8504bf102cf,6baecb639885a118eb301968ed08d273f8b5d5b82e03c4aba189cb6ecdf4c966,,,,,,
yellow,184,yellow-2024-05,2024-05,2025-04,measured,fixed-1024,1024,730297776,386.232806,1054687680,43269232,1054687680,43269232,1,1,True,a03367c8d56ed20dd22aa674741625e7b17d036432eb13b6cc379ca7cbfa2682,f0df0ba8e47629e3ce28080d01308662b861ed79bab6f46768ced3c17686bb1b,,,,,,
yellow,184,yellow-2024-05,2024-05,2025-04,measured,fixed-128,128,730297776,744.646927,1054688256,43269232,1054688256,43269232,7,7,True,a03367c8d56ed20dd22aa674741625e7b17d036432eb13b6cc379ca7cbfa2682,36c6175db05aed4258cac2b488906191ff763bd0664c1182df236a27bd02caf1,,,,,,
yellow,184,yellow-2024-05,2024-05,2025-04,measured,enabled,704,730297776,383.938143,1054687680,43269232,1054687680,43269232,2,2,True,a03367c8d56ed20dd22aa674741625e7b17d036432eb13b6cc379ca7cbfa2682,7d80ba32c3c6bb620b13279802d6ca1b9be288feba8d00c6f43087c6376874b7,prior-enabled-data-shape,184,1056434169,43340884,1.4465800172553518,0.0593468652456846
yellow,185,yellow-2024-06,2024-06,2025-05,measured,fixed-128,128,745582513,696.815493,1075845984,44137244,1075845984,44137244,8,8,True,acfe8ba89dbf4f777d7dfadcebf768dd30f48e84c32b88e8373109580d727388,26a4a2ac11105f4a29cb44978105ea94f81bf8228699ae5a7f5c2fd2ced8758b,,,,,,
yellow,185,yellow-2024-06,2024-06,2025-05,measured,fixed-1024,1024,745582513,444.662597,1075845408,44137244,1069671288,43883949,2,1,True,acfe8ba89dbf4f777d7dfadcebf768dd30f48e84c32b88e8373109580d727388,9320c4150ffe5dfbab9483346d4590aad6b0cf8f030cf00bc53b79117fc0f163,,,,,,
yellow,185,yellow-2024-06,2024-06,2025-05,measured,enabled,704,745582513,383.576347,1075845408,44137244,1075845408,44137244,2,2,True,acfe8ba89dbf4f777d7dfadcebf768dd30f48e84c32b88e8373109580d727388,a4a967f63b3ef4994a5666d3bd7e0549afda2cbbf6c1cd8e34c429fdaa2e725b,prior-enabled-data-shape,185,1078135737,44231203,1.446031415748115,0.05932435685274762
yellow,186,yellow-2024-07,2024-07,2025-06,measured,fixed-1024,1024,759265545,467.620197,1094949768,44921011,1073450208,44038980,2,1,True,4a0dd836a85e147b2f0ae795934291572063986d56e5d43470167a6085edba86,2dd92cc9d669bccc9ab347edd7ca7788bad485ab3d9823268b1a420d296b9a6a,,,,,,
yellow,186,yellow-2024-07,2024-07,2025-06,measured,fixed-128,128,759265545,788.449799,1094950344,44921011,1094950344,44921011,8,8,True,4a0dd836a85e147b2f0ae795934291572063986d56e5d43470167a6085edba86,4a928237b13aad68df16eb70b022fb161cbae39a3989818298001b2d47012101,,,,,,
yellow,186,yellow-2024-07,2024-07,2025-06,measured,enabled,704,759265545,360.838568,1094949960,44921011,1094949960,44921011,2,2,True,4a0dd836a85e147b2f0ae795934291572063986d56e5d43470167a6085edba86,c8609bfb12c459b9f6a24ad6c5008c5b9f682f2b64568f31ec712d286df63d3f,prior-enabled-data-shape,186,1097309821,45017831,1.4452253608404726,0.05929128679855572
yellow,187,yellow-2024-08,2024-08,2025-07,measured,fixed-128,128,773909841,881.001441,1114988136,45743071,1114988136,45743071,9,9,True,ef7a26a2220b0a8f9f9d89c3a21a077aa2cea2c326e267b7eb94be46bdf25b62,8dc9f56b66637f51a2a6503a14e4fdcf99831f9a124f4c7266d15b41456d5926,,,,,,
yellow,187,yellow-2024-08,2024-08,2025-07,measured,fixed-1024,1024,773909841,459.885375,1114987560,45743071,1067928960,43812464,2,1,True,ef7a26a2220b0a8f9f9d89c3a21a077aa2cea2c326e267b7eb94be46bdf25b62,6823c01247515f1865a7d6dfff1504e678f491f1b03f3096e543816a589718bb,,,,,,
yellow,187,yellow-2024-08,2024-08,2025-07,measured,enabled,704,773909841,363.369957,1114987560,45743071,1114987560,45743071,2,2,True,ef7a26a2220b0a8f9f9d89c3a21a077aa2cea2c326e267b7eb94be46bdf25b62,da39ffb6dfa576c292e6e64737cd1d5051941920289ae4ae871f96531ce9d6a9,prior-enabled-data-shape,187,1117671725,45853192,1.4441885415244644,0.059248752251437775
yellow,188,yellow-2024-09,2024-09,2025-08,measured,enabled,704,785136234,382.757949,1129488264,46337979,1129488264,46337979,2,2,True,133181e0d5927f8a2dd99707122f33a0427fd8e2dcb01590e3b8f42dd0e448e0,feb8c6e02b20f8c1fdd053c6025b02e4fb5a387ed0e15809b0e460ea841d96ea,prior-enabled-data-shape,188,1132919827,46478758,1.442959550742575,0.05919833583865184
yellow,188,yellow-2024-09,2024-09,2025-08,measured,fixed-128,128,785136234,882.486398,1129489224,46337979,1129489224,46337979,9,9,True,133181e0d5927f8a2dd99707122f33a0427fd8e2dcb01590e3b8f42dd0e448e0,324c2dd3d480a05c724b3a2e1af4b9a5b149ad05333e7ef24268e05a8bd66140,,,,,,
yellow,188,yellow-2024-09,2024-09,2025-08,measured,fixed-1024,1024,785136234,460.816835,1129488456,46337979,1070338776,43911329,2,1,True,133181e0d5927f8a2dd99707122f33a0427fd8e2dcb01590e3b8f42dd0e448e0,79ebc3c4fe01d4de76232ee4fa281161ec471858444b8590c5e39da335f0b899,,,,,,
yellow,189,yellow-2024-10,2024-10,2025-09,measured,fixed-128,128,796398993,899.649707,1144552416,46955964,1144552416,46955964,9,9,True,00f5f2cae81c0e2fe6b18865428a91b799235d43e0df2210aef6f9aaeb3c20d7,1018642c73f05145ee9192c04d5ff9fe70266f71d7cd3fa219cde4a7ae5bae53,,,,,,
yellow,189,yellow-2024-10,2024-10,2025-09,measured,enabled,704,796398993,369.420612,1144551648,46955964,1144551648,46955964,2,2,True,00f5f2cae81c0e2fe6b18865428a91b799235d43e0df2210aef6f9aaeb3c20d7,7e3ba83232599b84aa4d51678216dddd1e2c92eb8cb5109d937f0d6f55ba9f65,prior-enabled-data-shape,189,1148500747,47117966,1.442117276637385,0.05916376858639094
yellow,189,yellow-2024-10,2024-10,2025-09,measured,fixed-1024,1024,796398993,465.214511,1144551840,46955964,1059843120,43480738,2,1,True,00f5f2cae81c0e2fe6b18865428a91b799235d43e0df2210aef6f9aaeb3c20d7,866302c384e30f1f4c10814c5fe1bc3ad805f269654228eb02bd740d46fa07fc,,,,,,
yellow,190,yellow-2024-11,2024-11,2025-10,measured,enabled,704,807320511,409.851924,1159053024,47550892,1159053024,47550892,2,2,True,86a7a327b04ff13539ca6106a19c907c5147b75fc9df32eb6e015f6030ef50a8,15c4d85fdc12f132d9d6c0e3f345a1b25f9f81b9a51f0d9b172ea9cbaacb8526,prior-enabled-data-shape,190,1163122988,47717857,1.4407202246702016,0.05910645992160216
yellow,190,yellow-2024-11,2024-11,2025-10,measured,fixed-128,128,807320511,849.095249,1159053600,47550892,1159053600,47550892,9,9,True,86a7a327b04ff13539ca6106a19c907c5147b75fc9df32eb6e015f6030ef50a8,9cd837281e348b92f314fca25e2d70dc3f2bb33564ab3cab0d1f7918f52f26f9,,,,,,
yellow,190,yellow-2024-11,2024-11,2025-10,measured,fixed-1024,1024,807320511,457.463172,1159053024,47550892,1063818888,43643851,2,1,True,86a7a327b04ff13539ca6106a19c907c5147b75fc9df32eb6e015f6030ef50a8,5f492896212b5b220831f5b990aef1f8be1b4180bef7ed7386926e0993183a85,,,,,,
yellow,191,yellow-2024-12,2024-12,2025-11,measured,fixed-128,128,817796057,836.449859,1172096232,48085967,1172096232,48085967,10,10,True,4120100fd4121e1db41cd9c45d0e7edf4355298b80f1e6a360891e1775052c3e,f11c664974411890a7cbdd50f79e81239de32758ba094cf70d7dd937ff317fab,,,,,,
yellow,191,yellow-2024-12,2024-12,2025-11,measured,fixed-1024,1024,817796057,476.289516,1172095464,48085967,1067027088,43775470,2,1,True,4120100fd4121e1db41cd9c45d0e7edf4355298b80f1e6a360891e1775052c3e,e0a1064c1cccd309761269ccc20dca3336790fc3f1f7c69e35b235c5e4382b29,,,,,,
yellow,191,yellow-2024-12,2024-12,2025-11,measured,enabled,704,817796057,372.935149,1172095464,48085967,1172095464,48085967,2,2,True,4120100fd4121e1db41cd9c45d0e7edf4355298b80f1e6a360891e1775052c3e,fbf3851735964ba5bf72372d171303a7ab38b27b9a7e8e6fdd5aa058541e3857,prior-enabled-data-shape,191,1176472323,48265530,1.4385888908038857,0.059019030065551654
yellow,192,yellow-2025-01,2025-01,2025-12,measured,enabled,720,829973299,383.114251,1187613552,48722602,1187613552,48722602,2,2,True,3d597ae925280983583bfe3023ad40562b0db1951f014bdc72e30e80b2e49193,5f099867830a14916bc1e90ef5a571709affc87edf1c2bb9d1a0400cfabaa294,prior-enabled-data-shape,192,1192803250,48935517,1.4371585826452695,0.058960350794918695
yellow,192,yellow-2025-01,2025-01,2025-12,measured,fixed-1024,1024,829973299,483.026775,1187613552,48722602,1066820376,43766985,2,1,True,3d597ae925280983583bfe3023ad40562b0db1951f014bdc72e30e80b2e49193,a4caeef6ac1ece29a1cb07673499e6a67720f86e3a2503642649e2be4149fdc5,,,,,,
yellow,192,yellow-2025-01,2025-01,2025-12,measured,fixed-128,128,829973299,891.231191,1187614128,48722602,1187614128,48722602,10,10,True,3d597ae925280983583bfe3023ad40562b0db1951f014bdc72e30e80b2e49193,b0e0b8caf8c81201aa00a23d1fbd6fed1642dd3713c01e2be4f921781c7a38bb,,,,,,
yellow,193,yellow-2025-02,2025-02,2026-01,measured,enabled,720,834980141,376.761479,1193699160,48972265,1193699160,48972265,2,2,True,ca3c6d5a49a3340cb940234638af02a0a5a2e96807f51e117eea76681100ad92,57d8205a196728400fc707516b3dd7fff9d515680f9841fdf4c89551108c0619,prior-enabled-data-shape,193,1198763371,49180034,1.4356789010158073,0.058899645620424476
yellow,193,yellow-2025-02,2025-02,2026-01,measured,fixed-128,128,834980141,1065.00214,1193699928,48972265,1193699928,48972265,11,11,True,ca3c6d5a49a3340cb940234638af02a0a5a2e96807f51e117eea76681100ad92,db91dc54d0c663f377e12314421eee00b33a436605b846338d43d7d32fe83fc7,,,,,,
yellow,193,yellow-2025-02,2025-02,2026-01,measured,fixed-1024,1024,834980141,567.014187,1193699160,48972265,1070495976,43917783,2,1,True,ca3c6d5a49a3340cb940234638af02a0a5a2e96807f51e117eea76681100ad92,f7212d9f07b0b945a3ed8228aa40b4d6589335a578caa12d8cecc3d0df964d35,,,,,,
yellow,194,yellow-2025-03,2025-03,2026-02,measured,enabled,720,833320408,358.930413,1189368288,48794588,1189368288,48794588,2,2,True,5f2457e552e23917bd074d72f6d372bf4de0e1ae4cac92193c2ac06156b3cfa2,d9b4e2fb85e3cc7dc67d4858305d09ed19f7b7f31240a6186600a6241dc81b0c,prior-enabled-data-shape,194,1194345536,48998790,1.4332368736280174,0.05879946056037294
yellow,194,yellow-2025-03,2025-03,2026-02,measured,fixed-1024,1024,833320408,469.416326,1189368288,48794588,1070495976,43917783,2,1,True,5f2457e552e23917bd074d72f6d372bf4de0e1ae4cac92193c2ac06156b3cfa2,746e0b8cc6e38f282697886814a4581feb0dd37e00da31bbaf884b43ef2dd8e5,,,,,,
yellow,194,yellow-2025-03,2025-03,2026-02,measured,fixed-128,128,833320408,1035.558804,1189369056,48794588,1189369056,48794588,11,11,True,5f2457e552e23917bd074d72f6d372bf4de0e1ae4cac92193c2ac06156b3cfa2,8a83ae70a001805c73463513ac9e4930db27f46a77880d7b82a9c7fa424ba493,,,,,,
yellow,195,yellow-2025-04,2025-04,2026-03,measured,enabled,720,831246912,372.641406,1184668752,48601782,1184668752,48601782,2,2,True,cbda31d9b9711922d332f3ca04ce5d4407880fc83d618b014001a2dc16009a2c,baf5d76819f0d5c6982744725bc9beb31569fe15db3f8c95fa7e9708f5448182,prior-enabled-data-shape,195,1189435972,48797368,1.4309057332698603,0.05870381861525403
yellow,195,yellow-2025-04,2025-04,2026-03,measured,fixed-128,128,831246912,990.105383,1184669328,48601782,1184669328,48601782,11,11,True,cbda31d9b9711922d332f3ca04ce5d4407880fc83d618b014001a2dc16009a2c,28592f3507f4991924ac68740cff0994ec2402dbc32125fca4e8a3cd49c3ee81,,,,,,
yellow,195,yellow-2025-04,2025-04,2026-03,measured,fixed-1024,1024,831246912,470.959491,1184668752,48601782,1065796440,43724977,2,1,True,cbda31d9b9711922d332f3ca04ce5d4407880fc83d618b014001a2dc16009a2c,7cf85f88163dffb17bdb746e69f62f0555bda85ec7da1a17f22578c355d7cc67,,,,,,
yellow,196,yellow-2025-05,2025-05,2026-04,measured,enabled,720,828712203,401.610466,1181273016,48462469,1181273016,48462469,2,2,True,67a14ab21cf6ea1f9d8b14b4cc7ac1a09ee7a5cd808a4982ef5d512f2fd4e9e1,3d2a20c814db60ead6f12b9dbc67dae670cece33e2fc02508147c888435d1c27,prior-enabled-data-shape,196,1184738429,48604645,1.4296138331749857,0.05865081406768451
yellow,196,yellow-2025-05,2025-05,2026-04,measured,fixed-128,128,828712203,864.108935,1181273784,48462469,1181273784,48462469,10,10,True,67a14ab21cf6ea1f9d8b14b4cc7ac1a09ee7a5cd808a4982ef5d512f2fd4e9e1,071ade842ce0e068e9b7509411520b7c65f7cbb51514c1b8f8901e1fc02e98e3,,,,,,
yellow,196,yellow-2025-05,2025-05,2026-04,measured,fixed-1024,1024,828712203,477.657712,1181273016,48462469,1062400704,43585664,2,1,True,67a14ab21cf6ea1f9d8b14b4cc7ac1a09ee7a5cd808a4982ef5d512f2fd4e9e1,7ef2a4e9cc1041a97fdd6933db0d427e16932b3006db80e1f3e53c0074b94c13,,,,,,
yellow,197,yellow-2025-06,2025-06,2026-05,measured,fixed-1024,1024,820573512,485.303975,1169060832,47961460,1065913320,43729775,2,1,True,e3eac49d5d3a9bf32581c5834ec6e190796605a1715c3221ae93b070016b707f,672b80cd6c1e3027f060fc850ff098a4a1b6a1acb88d4af9fe29cec6c2d48e56,,,,,,
yellow,197,yellow-2025-06,2025-06,2026-05,measured,fixed-128,128,820573512,812.71718,1169061600,47961460,1169061600,47961460,10,10,True,e3eac49d5d3a9bf32581c5834ec6e190796605a1715c3221ae93b070016b707f,be1eb09835fdfe8bc3ac56db72e800dc581383fa150c00d02b69310a9c1f04b0,,,,,,
yellow,197,yellow-2025-06,2025-06,2026-05,measured,enabled,720,820573512,372.246669,1169060832,47961460,1169060832,47961460,2,2,True,e3eac49d5d3a9bf32581c5834ec6e190796605a1715c3221ae93b070016b707f,ccf9fa073bcd462eeea256761607a1d9492cf5035ab34cac483ea1728a44f36c,prior-enabled-data-shape,197,1171175101,48048201,1.4272640830368335,0.05855441380237984
green,0,green-2014-01,2014-01,2014-12,warmup,enabled,128,237956685,2487.662907,386027544,15837009,386027544,15837009,3,3,True,d876399a3e851b8e0f3b0c1c98339bba4d5b4196f01f6690e0f94b87b5da7eef,ae72e9fd634636321074a602a12310fa5bbca1b0377e141e20716694db039645,cold-start-fallback,0,,,,
green,0,green-2014-01,2014-01,2014-12,warmup,fixed-128,128,237956685,825.828389,386027544,15837009,386027544,15837009,3,3,True,d876399a3e851b8e0f3b0c1c98339bba4d5b4196f01f6690e0f94b87b5da7eef,39f86e3c050f1a38b44cc5f85b7c5988b43147f2ab2217b3b3cd2e9c7e061312,,,,,,
green,0,green-2014-01,2014-01,2014-12,warmup,fixed-1024,1024,237956685,517.215667,386027160,15837009,386027160,15837009,1,1,True,d876399a3e851b8e0f3b0c1c98339bba4d5b4196f01f6690e0f94b87b5da7eef,d7835068368aec76bb05bfeda546eb26d2e84b129b94dbd0b2c3f90f331e3357,,,,,,
green,0,green-2014-01,2014-01,2014-12,measured,fixed-1024,1024,237956685,503.108507,386027160,15837009,386027160,15837009,1,1,True,d876399a3e851b8e0f3b0c1c98339bba4d5b4196f01f6690e0f94b87b5da7eef,db931db0b45bf2106cdc547913f1053e2d14841bbfe0d7ee45409ebd163b0639,,,,,,
green,0,green-2014-01,2014-01,2014-12,measured,fixed-128,128,237956685,813.830571,386027544,15837009,386027544,15837009,3,3,True,d876399a3e851b8e0f3b0c1c98339bba4d5b4196f01f6690e0f94b87b5da7eef,39f3fb0ea1b116a0bbef60b737274fbdc9bd14fa86d30b6657b8b599c4a48083,,,,,,
green,0,green-2014-01,2014-01,2014-12,measured,enabled,128,237956685,775.637327,386027544,15837009,386027544,15837009,3,3,True,d876399a3e851b8e0f3b0c1c98339bba4d5b4196f01f6690e0f94b87b5da7eef,dca9b760c1ad3b71c3ad48754f82fb9bf8d804c9ad06ca8a4c8a5e4940918d4e,cold-start-fallback,0,,,,
green,1,green-2014-02,2014-02,2015-01,measured,enabled,624,248275674,475.650017,403202544,16541642,403202544,16541642,1,1,True,40a4bf8cd61ffd8ffd0296070df770332b765ec8ce5440d6d669ac11add118bf,320bfc143a13a473b73a61ac39083d64a14d9f776100ebba4db046922de5d567,prior-enabled-data-shape,1,402767624,16523781,1.6222597150401552,0.0665541672006399
green,1,green-2014-02,2014-02,2015-01,measured,fixed-128,128,248275674,770.33503,403202736,16541642,403202736,16541642,3,3,True,40a4bf8cd61ffd8ffd0296070df770332b765ec8ce5440d6d669ac11add118bf,16fb38ba471415d6ff90c47c2439202b6a6287a092127553f804271576fa8c45,,,,,,
green,1,green-2014-02,2014-02,2015-01,measured,fixed-1024,1024,248275674,468.627484,403202544,16541642,403202544,16541642,1,1,True,40a4bf8cd61ffd8ffd0296070df770332b765ec8ce5440d6d669ac11add118bf,5721a7285783e892e24b744e502fe36b79d22960e92df97afc63a633fd574417,,,,,,
green,2,green-2014-03,2014-03,2015-02,measured,enabled,624,256633945,478.476329,417086352,17111230,417086352,17111230,1,1,True,eb20ea022ce553a1ea93b4c1020d4b645410dffc12a3df23a0ceced4cc49c926,08d9f42ed6f524cdb63783b1f21ae13b461672b129d1da5685f48c97a3e60460,prior-enabled-data-shape,2,416776472,17098521,1.6240114768553604,0.06662610852483276
green,2,green-2014-03,2014-03,2015-02,measured,fixed-1024,1024,256633945,480.296694,417086352,17111230,417086352,17111230,1,1,True,eb20ea022ce553a1ea93b4c1020d4b645410dffc12a3df23a0ceced4cc49c926,af0c66475dd8c52b42e43a36ee459706de0528e342a5bbc9dbc31b12cab31b99,,,,,,
green,2,green-2014-03,2014-03,2015-02,measured,fixed-128,128,256633945,750.827742,417086352,17111230,417086352,17111230,3,3,True,eb20ea022ce553a1ea93b4c1020d4b645410dffc12a3df23a0ceced4cc49c926,9c2ee12c5f31f82df732eb7c152b192b1433129320bee525c3b7c8043853c28a,,,,,,
green,3,green-2014-04,2014-04,2015-03,measured,enabled,624,263087118,557.477563,427545720,17540333,427545720,17540333,1,1,True,62bc876f49c2b77da7bf2b4fd19f528e09312c378cdee64d6e56f6440afbbc38,003643a0f6548d4896bbca28cf7dc4fe2400eec1563b659edfb73adfed49bf70,prior-enabled-data-shape,3,427256499,17528471,1.6240114768553604,0.06662610852483276
green,3,green-2014-04,2014-04,2015-03,measured,fixed-1024,1024,263087118,457.023515,427545720,17540333,427545720,17540333,1,1,True,62bc876f49c2b77da7bf2b4fd19f528e09312c378cdee64d6e56f6440afbbc38,2cb47f5968ca64230c9b0d4f160dfaeece0d2c6cf5355a7413dcbdd5af1392c6,,,,,,
green,3,green-2014-04,2014-04,2015-03,measured,fixed-128,128,263087118,649.306819,427545912,17540333,427545912,17540333,3,3,True,62bc876f49c2b77da7bf2b4fd19f528e09312c378cdee64d6e56f6440afbbc38,7f6183a4a16cca1f2152f62c661e561d07ac1b0949e65cba39a1624d1f4c6e14,,,,,,
green,4,green-2014-05,2014-05,2015-04,measured,fixed-128,128,268567921,725.174813,436204704,17895572,436204704,17895572,3,3,True,e088b2eb01eb1a051c9d622a168c547240dfbded4868e41ad7df0a6cf23d93bd,f4da0a66c66f960c557e57987afee2eacde8e33c6ece9c770c8f22933d6562a6,,,,,,
green,4,green-2014-05,2014-05,2015-04,measured,fixed-1024,1024,268567921,464.796695,436204704,17895572,436204704,17895572,1,1,True,e088b2eb01eb1a051c9d622a168c547240dfbded4868e41ad7df0a6cf23d93bd,15ebf9d57c5cc2771958ed3f94f27b15f1aae06eb6beabf7f83c2406cd8a7375,,,,,,
green,4,green-2014-05,2014-05,2015-04,measured,enabled,624,268567921,463.438104,436204704,17895572,436204704,17895572,1,1,True,e088b2eb01eb1a051c9d622a168c547240dfbded4868e41ad7df0a6cf23d93bd,b74e3b6c63658c69359c98f9ae78501c6273586c6be2fd779db27d8bf3b65645,prior-enabled-data-shape,4,436452632,17905745,1.625110812153106,0.06667119672503312
green,5,green-2014-06,2014-06,2015-05,measured,enabled,624,273985599,464.428354,445109880,18260917,445109880,18260917,1,1,True,7054388ac70c5049ea0c1ef986ff93f7106555d08f3f73b17116473a00d4673c,414ec3fdad4214444e1dec3d4767d3c7ae2c70445a7aa0ecc1fa0e45c7ca8fc4,prior-enabled-data-shape,5,445004030,18256570,1.624187663127496,0.06663331917440728
green,5,green-2014-06,2014-06,2015-05,measured,fixed-1024,1024,273985599,453.44885,445109880,18260917,445109880,18260917,1,1,True,7054388ac70c5049ea0c1ef986ff93f7106555d08f3f73b17116473a00d4673c,32bf859a2cfe41a8429fc8e50aa061e0b08e59405facf4198522fde2fa896912,,,,,,
green,5,green-2014-06,2014-06,2015-05,measured,fixed-128,128,273985599,695.33221,445110072,18260917,445110072,18260917,3,3,True,7054388ac70c5049ea0c1ef986ff93f7106555d08f3f73b17116473a00d4673c,465fc2c196a8e4f1a043fb26502127b1546e48dd16e2742a9d312c3b35146c81,,,,,,
green,6,green-2014-07,2014-07,2015-06,measured,fixed-128,128,278495161,703.966345,452449776,18562026,452449776,18562026,3,3,True,29bae151abd7da47edfb86036d606499dcf7b900eff29ba3ef6cd5e39ae5ee1f,4239974ea6af2a41ab68ed55d5bfddd2a21330f4bdde101af9125240c8cf5c48,,,,,,
green,6,green-2014-07,2014-07,2015-06,measured,fixed-1024,1024,278495161,451.533081,452449392,18562026,452449392,18562026,1,1,True,29bae151abd7da47edfb86036d606499dcf7b900eff29ba3ef6cd5e39ae5ee1f,33111f33a103959417700707460844a7c21b2f0fabdf611f89b74c94f4336b9f,,,,,,
green,6,green-2014-07,2014-07,2015-06,measured,enabled,624,278495161,447.106513,452449392,18562026,452449392,18562026,1,1,True,29bae151abd7da47edfb86036d606499dcf7b900eff29ba3ef6cd5e39ae5ee1f,91742e1f7d3fbea6d4b04ca4a2e638bb6bfef97b2546a50a6096a741a167278a,prior-enabled-data-shape,6,452435997,18561476,1.6245739981392233,0.0666491854559115
green,7,green-2014-08,2014-08,2015-07,measured,fixed-128,128,282672151,618.005915,458974944,18829724,458974944,18829724,3,3,True,e8eae8ece6147766e3cb3be50f7195dee9d0ac9ded31468d77befc5a50e7aa14,f75a3f0111ed26738d2ab6de2119b7629feef4f0b3f1c4280ec75b1266ba7afe,,,,,,
green,7,green-2014-08,2014-08,2015-07,measured,fixed-1024,1024,282672151,446.372562,458974560,18829724,458974560,18829724,1,1,True,e8eae8ece6147766e3cb3be50f7195dee9d0ac9ded31468d77befc5a50e7aa14,3ba517ce24976337159d220bacff16ffdb01867b5c5301abb0026aa13b8f23f3,,,,,,
green,7,green-2014-08,2014-08,2015-07,measured,enabled,624,282672151,436.482444,458974560,18829724,458974560,18829724,1,1,True,e8eae8ece6147766e3cb3be50f7195dee9d0ac9ded31468d77befc5a50e7aa14,066131dffb076180cd303fc5b24017347e0c6feb714da6c090a9be689bd95b96,prior-enabled-data-shape,7,459221827,18839869,1.6245739981392233,0.0666491854559115
green,8,green-2014-09,2014-09,2015-08,measured,fixed-1024,1024,285686616,439.660737,463542480,19017126,463542480,19017126,1,1,True,35e768bd1f179e563f6806926cc0db333c56145174b95934a9badf739e38faf7,19aa8eb210dae3e66952c2e2baea99f7cff88356772a42f96331550d708cf0bf,,,,,,
green,8,green-2014-09,2014-09,2015-08,measured,fixed-128,128,285686616,625.03883,463542864,19017126,463542864,19017126,3,3,True,35e768bd1f179e563f6806926cc0db333c56145174b95934a9badf739e38faf7,9037c9e5fc3772317311c05b59eae1afda574028d21b15f204609457f34424f3,,,,,,
green,8,green-2014-09,2014-09,2015-08,measured,enabled,624,285686616,439.591635,463542480,19017126,463542480,19017126,1,1,True,35e768bd1f179e563f6806926cc0db333c56145174b95934a9badf739e38faf7,8329000c0b37804d5704bdff6a62d18d64eebac4e43637fcc9c7e1a0a8e24917,prior-enabled-data-shape,8,464119048,19040780,1.6245739981392233,0.0666491854559115
green,9,green-2014-10,2014-10,2015-09,measured,fixed-128,128,287852277,595.354349,466785600,19150160,466785600,19150160,3,3,True,49a90e9b7aab91259aaf97292f24b04b9911aa84b91397b90caddaf01f6b6714,5b8b789386577da52d6ce7664b6e66d76698485781ecaf3e2d9fd4d758c3cdf0,,,,,,
green,9,green-2014-10,2014-10,2015-09,measured,fixed-1024,1024,287852277,439.803389,466785216,19150160,466785216,19150160,1,1,True,49a90e9b7aab91259aaf97292f24b04b9911aa84b91397b90caddaf01f6b6714,d196b6ac9158ad1a7df95bb33a9eed71ba9f083b20ec0122f6b205bdd207d46e,,,,,,
green,9,green-2014-10,2014-10,2015-09,measured,enabled,624,287852277,441.357467,466785216,19150160,466785216,19150160,1,1,True,49a90e9b7aab91259aaf97292f24b04b9911aa84b91397b90caddaf01f6b6714,49b4e949f80bdd7da78e94318109fcdbe0d5d4a4bd43479c4f8ad17b0ab19bdf,prior-enabled-data-shape,9,467475401,19178477,1.6240114768553604,0.06662610852483276
green,10,green-2014-11,2014-11,2015-10,measured,enabled,624,290206337,453.286512,470179920,19289430,470179920,19289430,1,1,True,6864f4c415dd53a07ebf04dee5091b7093b9c9b0f4a80dfe6c5d170c8e72285f,6c58d7e325d2ab8baa3ef2351327f3ab282b72b80ab286cf974143f91b961ba9,prior-enabled-data-shape,10,471207812,19331601,1.6236992515049704,0.06661329718328
green,10,green-2014-11,2014-11,2015-10,measured,fixed-128,128,290206337,713.987363,470180112,19289430,470180112,19289430,3,3,True,6864f4c415dd53a07ebf04dee5091b7093b9c9b0f4a80dfe6c5d170c8e72285f,22140d5d697507de001c5582196d17cf573422d076ca274e6a0d3d3308253444,,,,,,
green,10,green-2014-11,2014-11,2015-10,measured,fixed-1024,1024,290206337,432.14999,470179920,19289430,470179920,19289430,1,1,True,6864f4c415dd53a07ebf04dee5091b7093b9c9b0f4a80dfe6c5d170c8e72285f,7a1aa211a57a1ad2477f0321205255b4dbc5e0818e4b8f39e3a6bce4a23df0fe,,,,,,
green,11,green-2014-12,2014-12,2015-11,measured,enabled,624,290315972,449.442981,469737000,19271255,469737000,19271255,1,1,True,4d68036351849ed974bae9435f24d4e873a9c278c4c23b77f3833198b2146f50,7164c0ad253465b960e3588e28a07e8fa61668dad37df0aa8e27c21a4e2a69ab,prior-enabled-data-shape,11,471053868,19325286,1.622555814795328,0.0665663875552364
green,11,green-2014-12,2014-12,2015-11,measured,fixed-128,128,290315972,613.552806,469737192,19271255,469737192,19271255,3,3,True,4d68036351849ed974bae9435f24d4e873a9c278c4c23b77f3833198b2146f50,861cedd7accb0784c13a4221b6ceb9944e6c04397956d46a9d8e0e072869de4a,,,,,,
green,11,green-2014-12,2014-12,2015-11,measured,fixed-1024,1024,290315972,439.573355,469737000,19271255,469737000,19271255,1,1,True,4d68036351849ed974bae9435f24d4e873a9c278c4c23b77f3833198b2146f50,9c4f65bc7105e1f18334adbb26ce12ae807770f39cc5405c2e01a55734267f09,,,,,,
green,12,green-2015-01,2015-01,2015-12,measured,fixed-1024,1024,290237111,486.758911,468823032,19233765,468823032,19233765,1,1,True,0a54044991cf62b348bc84c7daf17f3856620e078974618edb3d656eaf45335f,04223b1bef8a28b5a732ccd1c7a4656111d24378318fd0c0198a7b5521275338,,,,,,
green,12,green-2015-01,2015-01,2015-12,measured,enabled,624,290237111,437.964836,468823032,19233765,468823032,19233765,1,1,True,0a54044991cf62b348bc84c7daf17f3856620e078974618edb3d656eaf45335f,91cab5cd2657930f90f47b93aac95583a094842f37ecbd5f3944f99e17445f9e,prior-enabled-data-shape,12,470652496,19308818,1.621613769621145,0.06652773498817938
green,12,green-2015-01,2015-01,2015-12,measured,fixed-128,128,290237111,607.959276,468823416,19233765,468823416,19233765,3,3,True,0a54044991cf62b348bc84c7daf17f3856620e078974618edb3d656eaf45335f,da1061cee23530dc862b043d73c4c86539a81f993a7b2e4e8a7595086760f18c,,,,,,
green,13,green-2015-02,2015-02,2016-01,measured,fixed-1024,1024,289593238,438.275111,467282592,19170564,467282592,19170564,1,1,True,729f80c06c0574047dc3813242c6edc2195c8e3c5790ace5729f8e82f385a0c9,37c9c6f8743e953d3e9f439b9641a5035662e94a84099f5fd7bf3f5ecf573b42,,,,,,
green,13,green-2015-02,2015-02,2016-01,measured,fixed-128,128,289593238,609.180036,467282784,19170564,467282784,19170564,3,3,True,729f80c06c0574047dc3813242c6edc2195c8e3c5790ace5729f8e82f385a0c9,9978864e05f8ff73466a098b08a141adef54375d64a55e0a6ff97c53e484f720,,,,,,
green,13,green-2015-02,2015-02,2016-01,measured,enabled,640,289593238,428.180102,467282592,19170564,467282592,19170564,1,1,True,729f80c06c0574047dc3813242c6edc2195c8e3c5790ace5729f8e82f385a0c9,6eb5b6059d1856c61087cf21c5aa4b847f32c9a24d60fb5f89d5ac011ee61115,prior-enabled-data-shape,13,469186603,19248679,1.6201573158617828,0.06646798343345618
green,14,green-2015-03,2015-03,2016-02,measured,fixed-128,128,288768980,614.573711,465720192,19106456,465720192,19106456,3,3,True,959aeeb043cff534ce0d10644c7b981eed30e47d83e75b6d5585d0b00fd27029,682bf70b189648a383c6e5dca777785680aa27000261d105e09ab97b501e7887,,,,,,
green,14,green-2015-03,2015-03,2016-02,measured,enabled,640,288768980,443.314591,465720000,19106456,465720000,19106456,1,1,True,959aeeb043cff534ce0d10644c7b981eed30e47d83e75b6d5585d0b00fd27029,8d8ce9a896d94560261acd1cdd68e2e8359b1c62ea2af6d673f43983fd01eb46,prior-enabled-data-shape,14,467233936,19168565,1.6180198311651968,0.06638027824387148
green,14,green-2015-03,2015-03,2016-02,measured,fixed-1024,1024,288768980,431.788367,465720000,19106456,465720000,19106456,1,1,True,959aeeb043cff534ce0d10644c7b981eed30e47d83e75b6d5585d0b00fd27029,1df0f7eed60ac7bfd5eb95d628c9c129040664c259fda7f700305c3bbea2f107,,,,,,
green,15,green-2015-04,2015-04,2016-03,measured,fixed-128,128,286656585,594.768029,462157128,18960275,462157128,18960275,3,3,True,17c03d1fc7458886d3f5c07c5d0aba6ac9f2a16db220bda5db700e691b13de50,435cfbdb839130d2540fab404d32f051f5da54b81aeb86c1c3344a0c9942f4b9,,,,,,
green,15,green-2015-04,2015-04,2016-03,measured,fixed-1024,1024,286656585,431.36268,462156744,18960275,462156744,18960275,1,1,True,17c03d1fc7458886d3f5c07c5d0aba6ac9f2a16db220bda5db700e691b13de50,b64959ecec9fa1aa2bd7c3bc81a288e09defa24cd2c526bbaf73e8d26e39732a,,,,,,
green,15,green-2015-04,2015-04,2016-03,measured,enabled,640,286656585,435.797381,462156744,18960275,462156744,18960275,1,1,True,17c03d1fc7458886d3f5c07c5d0aba6ac9f2a16db220bda5db700e691b13de50,96cea4b9b5fd69cd3b049b97b6e711dfdec7d15a7c9afb51ce4793d2b80cff01,prior-enabled-data-shape,15,463039371,18996487,1.6153104280313761,0.06626914433419923
green,16,green-2015-05,2015-05,2016-04,measured,fixed-128,128,284970308,741.719063,459220584,18839807,459220584,18839807,3,3,True,2b8fa953a286105966bf1d6024d86ab3e1ed5646425a301ae8125e6457feb87f,7a5e1c78f51f5012b0c4d35ff883b0db1ad22b97b7fabfe9bff845018394e4ed,,,,,,
green,16,green-2015-05,2015-05,2016-04,measured,enabled,640,284970308,425.893442,459220392,18839807,459220392,18839807,1,1,True,2b8fa953a286105966bf1d6024d86ab3e1ed5646425a301ae8125e6457feb87f,27ca44186815fbbed55246d898436ee710d4f61902092b8391c4fc3803003392,prior-enabled-data-shape,16,459823113,18864534,1.6135825381392366,0.06619824458746512
green,16,green-2015-05,2015-05,2016-04,measured,fixed-1024,1024,284970308,426.516009,459220392,18839807,459220392,18839807,1,1,True,2b8fa953a286105966bf1d6024d86ab3e1ed5646425a301ae8125e6457feb87f,1f60b77c23e6cab3558b5ee7bda97b244d1354171ee92a1c26259dd7d37cae24,,,,,,
green,17,green-2015-06,2015-06,2016-05,measured,fixed-1024,1024,281757468,428.823249,453129840,18589938,453129840,18589938,1,1,True,95841e250a85c2d7d009c68323afa68992447ec3ed7f98aa6863a4c425d70dd7,825dbe086480f69c2190049e5cd27729a0c3b7fb06e76f4dd9c3788b3d7956ad,,,,,,
green,17,green-2015-06,2015-06,2016-05,measured,enabled,640,281757468,426.937738,453129840,18589938,453129840,18589938,1,1,True,95841e250a85c2d7d009c68323afa68992447ec3ed7f98aa6863a4c425d70dd7,40e2015bc882786dc841fe5eb11aaa4eac79a4f7a27460346b7eab75f195b02f,prior-enabled-data-shape,17,454411994,18642538,1.612777106460673,0.06616519544446914
green,17,green-2015-06,2015-06,2016-05,measured,fixed-128,128,281757468,594.88581,453130032,18589938,453130032,18589938,3,3,True,95841e250a85c2d7d009c68323afa68992447ec3ed7f98aa6863a4c425d70dd7,9ab9d1c86a5578bec35d6b2fbc7875dc66d661e56d77c03ce7b032195c5f6084,,,,,,
green,18,green-2015-07,2015-07,2016-06,measured,fixed-1024,1024,278536728,439.146392,447422712,18355797,447422712,18355797,1,1,True,f1fd7e2c16c7cbb340dc693815a44d5db51d1e09bb5d0fa617302707d42af647,3546df9bf15a21d3e82853d8ad98bd267698cf013d2a9ddae38963c24713f094,,,,,,
green,18,green-2015-07,2015-07,2016-06,measured,enabled,640,278536728,422.615632,447422712,18355797,447422712,18355797,1,1,True,f1fd7e2c16c7cbb340dc693815a44d5db51d1e09bb5d0fa617302707d42af647,3d1daf17e41b3c1c7c121176b8938ab8d673d06911acfe8e4d8760fa6daf5c75,prior-enabled-data-shape,18,449065656,18423205,1.6122313883003943,0.06614282033674544
green,18,green-2015-07,2015-07,2016-06,measured,fixed-128,128,278536728,713.275342,447422904,18355797,447422904,18355797,3,3,True,f1fd7e2c16c7cbb340dc693815a44d5db51d1e09bb5d0fa617302707d42af647,6018dfd9117a9e96502e2f456addd92098a5af57f6f22794a0745e86209392bc,,,,,,
green,19,green-2015-08,2015-08,2016-07,measured,enabled,640,275671472,428.079748,442324320,18146636,442324320,18146636,1,1,True,4fd68047d8928b054081c5d96e2b23ef763789d90ebae48cc0f48dfba0b2f48c,6ae3bce9e2a2df4dcc17156fed41a07fac108fccad4315211e02fb38dfc2af4f,prior-enabled-data-shape,19,444235620,18225047,1.6114675076955736,0.06611147362061313
green,19,green-2015-08,2015-08,2016-07,measured,fixed-1024,1024,275671472,421.945571,442324320,18146636,442324320,18146636,1,1,True,4fd68047d8928b054081c5d96e2b23ef763789d90ebae48cc0f48dfba0b2f48c,b1bcfeab5c0480f28dabfeaa05a7799cd81d9055e7f8a456eb1be365b1389cf4,,,,,,
green,19,green-2015-08,2015-08,2016-07,measured,fixed-128,128,275671472,593.389865,442324512,18146636,442324512,18146636,3,3,True,4fd68047d8928b054081c5d96e2b23ef763789d90ebae48cc0f48dfba0b2f48c,4098c549e1800572af6776df1f7b0f737f3aaabc4577ce1f85a1c271ca3fbd99,,,,,,
green,20,green-2015-09,2015-09,2016-08,measured,enabled,640,271670354,442.822199,435385536,17861968,435385536,17861968,1,1,True,bb8e1aeaca5a58d28bcd6363310e3007e80f95bcff1923173ed99fa1edb143c2,253cc52060434b6192d3e68214c54bf2830d53f8761427cac12c1bcdad6b46b1,prior-enabled-data-shape,20,436907475,17924405,1.6082265475213597,0.06597851028388714
green,20,green-2015-09,2015-09,2016-08,measured,fixed-128,128,271670354,723.275937,435385728,17861968,435385728,17861968,3,3,True,bb8e1aeaca5a58d28bcd6363310e3007e80f95bcff1923173ed99fa1edb143c2,a56ade7a0c02651977b5033b24fc29b2c15b5d5ddd37481f2bffc4b0bf2c6afe,,,,,,
green,20,green-2015-09,2015-09,2016-08,measured,fixed-1024,1024,271670354,432.123098,435385536,17861968,435385536,17861968,1,1,True,bb8e1aeaca5a58d28bcd6363310e3007e80f95bcff1923173ed99fa1edb143c2,4c857f24029f11c85660c4a0f9da7093e5610c808ca655ac795d484f2cfe056e,,,,,,
green,21,green-2015-10,2015-10,2016-09,measured,enabled,640,266989468,432.846921,427279632,17529414,427279632,17529414,1,1,True,c31492b5101c3e46ab57194d9c3d13e87a00584570ed48efbe2b50f2a59dc461,1971e7163ec9ef86d64030d1bf9ecd784cdadb624de284c4d79313ac02046dcc,prior-enabled-data-shape,21,428873968,17594823,1.6063329070197163,0.06590081362627337
green,21,green-2015-10,2015-10,2016-09,measured,fixed-128,128,266989468,595.156958,427279632,17529414,427279632,17529414,3,3,True,c31492b5101c3e46ab57194d9c3d13e87a00584570ed48efbe2b50f2a59dc461,7e738da4dd298bf1982a8c7cd0266d045992693f27c641fe1a9bd34df01ef338,,,,,,
green,21,green-2015-10,2015-10,2016-09,measured,fixed-1024,1024,266989468,432.104682,427279632,17529414,427279632,17529414,1,1,True,c31492b5101c3e46ab57194d9c3d13e87a00584570ed48efbe2b50f2a59dc461,bb429da7bb52b711ef27405b344e40ac8c6fdfb723d6ec893ecfef7190108b1a,,,,,,
green,22,green-2015-11,2015-11,2016-10,measured,fixed-128,128,261660593,599.74754,418066800,17151450,418066800,17151450,3,3,True,8201465fc4364214b9e2086d52413bccb53d1e6e22c970a85c5712643454c9db,1b2c46664e04ad41ae9746974251e022bb66dc9f1ccc6e33a0beda69304a4b78,,,,,,
green,22,green-2015-11,2015-11,2016-10,measured,fixed-1024,1024,261660593,430.41403,418066608,17151450,418066608,17151450,1,1,True,8201465fc4364214b9e2086d52413bccb53d1e6e22c970a85c5712643454c9db,d9d23f1ac1db54658acf1093b129654b8ebda0c62d2f43ff6920081593aab9ef,,,,,,
green,22,green-2015-11,2015-11,2016-10,measured,enabled,640,261660593,428.342669,418066608,17151450,418066608,17151450,1,1,True,8201465fc4364214b9e2086d52413bccb53d1e6e22c970a85c5712643454c9db,e714c804f521f53364dcd08b192044fc7c5181fd46c392060c5ac168c75662fe,prior-enabled-data-shape,22,419843385,17224341,1.6045342551803836,0.06582703632097267
green,23,green-2015-12,2015-12,2016-11,measured,fixed-1024,1024,256234791,434.580299,408761088,16769680,408761088,16769680,1,1,True,813a181172f269e2f26851fd564f56fe25280c9ac2bb2ded6a9c625eca00f976,70e9d5f7f6eb705b72d0a7b0cf0f9f0e7f87ccad32a4e4b7f913e4e9ae4d2e45,,,,,,
green,23,green-2015-12,2015-12,2016-11,measured,enabled,640,256234791,428.970497,408761088,16769680,408761088,16769680,1,1,True,813a181172f269e2f26851fd564f56fe25280c9ac2bb2ded6a9c625eca00f976,29f564c118981e60760e7e4bf852052d71d097c59b335975064967ddca17df4a,prior-enabled-data-shape,23,410648126,16847100,1.6026243923545667,0.06574868305284426
green,23,green-2015-12,2015-12,2016-11,measured,fixed-128,128,256234791,589.279222,408761280,16769680,408761280,16769680,3,3,True,813a181172f269e2f26851fd564f56fe25280c9ac2bb2ded6a9c625eca00f976,081b4c5ad4aea2e0a3e544c2cb1abefc6be51b4f1f787fe2a4d657614bb9a65e,,,,,,
green,24,green-2016-01,2016-01,2016-12,measured,fixed-1024,1024,250655443,421.458179,399397752,16385541,399397752,16385541,1,1,True,0a128b9fce904add674a10f5b6d0b42b3f6489ed382924191a1f0eaf1fcc63e0,d9f7b41cc958d9637d932d10a11a72bc7ea4e1305e81b7e180389ec4ad9338bf,,,,,,
green,24,green-2016-01,2016-01,2016-12,measured,enabled,640,250655443,417.243506,399397752,16385541,399397752,16385541,1,1,True,0a128b9fce904add674a10f5b6d0b42b3f6489ed382924191a1f0eaf1fcc63e0,5f5f87e453dba2dbc75cc6eeef5bad57a80ce56f6104a648c79d3ebc0046265c,prior-enabled-data-shape,24,401139289,16456990,1.600361374554295,0.06565582579459651
green,24,green-2016-01,2016-01,2016-12,measured,fixed-128,128,250655443,596.876401,399397752,16385541,399397752,16385541,3,3,True,0a128b9fce904add674a10f5b6d0b42b3f6489ed382924191a1f0eaf1fcc63e0,c6ab7141dd79fa13bf506f4c0bd946dd62050acb25c1f1d384a184b558dbf2ed,,,,,,
green,25,green-2016-02,2016-02,2017-01,measured,fixed-1024,1024,245188109,421.268066,390239376,16009814,390239376,16009814,1,1,True,6e3aae9009ee69ca00e1463415be4b5486226cd093d554125f1409f90ce4d4a6,e81cba139cb0d3630251ad537e7cdf5f9ba390ec699406a532853a865f5b1e43,,,,,,
green,25,green-2016-02,2016-02,2017-01,measured,fixed-128,128,245188109,608.608682,390239568,16009814,390239568,16009814,3,3,True,6e3aae9009ee69ca00e1463415be4b5486226cd093d554125f1409f90ce4d4a6,41c93210e068b98bf164ad1827dfdc73939170dd4d3532b94720e24ce7d7fc19,,,,,,
green,25,green-2016-02,2016-02,2017-01,measured,enabled,640,245188109,418.056702,390239376,16009814,390239376,16009814,1,1,True,6e3aae9009ee69ca00e1463415be4b5486226cd093d554125f1409f90ce4d4a6,49d85371e2bbe490d9d559e7b55aa1a805e9f27446675096765e06ff80bc5466,prior-enabled-data-shape,25,391747798,16071704,1.5977438681414284,0.0655484641510386
green,26,green-2016-03,2016-03,2017-02,measured,fixed-128,128,238266409,722.691169,378334584,15521405,378334584,15521405,3,3,True,b1929fcf18406329a335e267e9800e7b7643928a6eac89155c97bbaad2d18123,0f3afe800459d8d13c853e95622d2e4c328d4ffd8bc390170e6c2b5243d2acea,,,,,,
green,26,green-2016-03,2016-03,2017-02,measured,enabled,640,238266409,427.906854,378334392,15521405,378334392,15521405,1,1,True,b1929fcf18406329a335e267e9800e7b7643928a6eac89155c97bbaad2d18123,1aa406e61aac36468bd2584d0e1d9beee6cd1793c48f0d02e935d32b2e5d928d,prior-enabled-data-shape,26,380096849,15593712,1.5952599036404858,0.06544653805423324
green,26,green-2016-03,2016-03,2017-02,measured,fixed-1024,1024,238266409,434.712409,378334392,15521405,378334392,15521405,1,1,True,b1929fcf18406329a335e267e9800e7b7643928a6eac89155c97bbaad2d18123,04f27f1fa1ddaf88a8db36875f7d30025092045a1f1714c2b7011575726bfeb1,,,,,,
green,27,green-2016-04,2016-04,2017-03,measured,fixed-128,128,232248084,702.718516,368131944,15102839,368131944,15102839,3,3,True,2ee5dd6d1109654c9e463df182e0df224ce3ce1a45b14665123fd5f988c381eb,11ce8012d0e7814b737de6ff7f0c9ca2ab57dd4bc384fc5f1a652e77780ee279,,,,,,
green,27,green-2016-04,2016-04,2017-03,measured,enabled,640,232248084,421.183168,368131752,15102839,368131752,15102839,1,1,True,2ee5dd6d1109654c9e463df182e0df224ce3ce1a45b14665123fd5f988c381eb,4b072cb3ce9e1f471aec64dbdd5ed7479a6ba56843916f8a1477f507de21fedf,prior-enabled-data-shape,27,370067219,15182238,1.5934134412552932,0.0653707767279564
green,27,green-2016-04,2016-04,2017-03,measured,fixed-1024,1024,232248084,420.476661,368131752,15102839,368131752,15102839,1,1,True,2ee5dd6d1109654c9e463df182e0df224ce3ce1a45b14665123fd5f988c381eb,948eb6929c2eb3354848db16865c0a2890348e8c53762388435407572b3cd3b1,,,,,,
green,28,green-2016-05,2016-05,2017-04,measured,fixed-128,128,225636907,690.940329,356844408,14639757,356844408,14639757,3,3,True,433176b1613e40b6c6080bf44e8d0bac6d25247eae098bf6cbf5dace981885f1,e120e847905afda96cbad2ed1c37353fe9eb06f693da8001dbee66d70c616230,,,,,,
green,28,green-2016-05,2016-05,2017-04,measured,fixed-1024,1024,225636907,427.655836,356844216,14639757,356844216,14639757,1,1,True,433176b1613e40b6c6080bf44e8d0bac6d25247eae098bf6cbf5dace981885f1,29a0935089d52ef997e11e7bf4b50947a53ba1bb3fe7ba87e4707d1d9dd228b3,,,,,,
green,28,green-2016-05,2016-05,2017-04,measured,enabled,640,225636907,427.2533,356844216,14639757,356844216,14639757,1,1,True,433176b1613e40b6c6080bf44e8d0bac6d25247eae098bf6cbf5dace981885f1,3a7c2d71414e2b792d4ed6a6c03ffc055b9b75e730f852d064053c3d04e1ed46,prior-enabled-data-shape,28,359121844,14733198,1.5915917684246261,0.0652960458208844
green,29,green-2016-06,2016-06,2017-05,measured,fixed-1024,1024,218647534,418.551062,345204696,14162241,345204696,14162241,1,1,True,a5c0477651b77bdcdaaa74becd632109a9369faee756aeb96c415ce92ebc8aa1,10b42658c76321669f3b1c5034cde3c85c676938f66825c02042fe7317f9d3dc,,,,,,
green,29,green-2016-06,2016-06,2017-05,measured,fixed-128,128,218647534,604.059454,345204888,14162241,345204888,14162241,3,3,True,a5c0477651b77bdcdaaa74becd632109a9369faee756aeb96c415ce92ebc8aa1,c5bd9d331cac139d455f055068ce598ee0a4a688b9a8fa1e4ac11221bd67c5ae,,,,,,
green,29,green-2016-06,2016-06,2017-05,measured,enabled,640,218647534,422.889568,345204696,14162241,345204696,14162241,1,1,True,a5c0477651b77bdcdaaa74becd632109a9369faee756aeb96c415ce92ebc8aa1,dadd47b98cb14f2eff5d5bec57478a40e1c566088e470b97bdc70f06fd4dc988,prior-enabled-data-shape,29,347182308,14243371,1.587862903494718,0.06514306848851699
green,30,green-2016-07,2016-07,2017-06,measured,fixed-1024,1024,212457709,424.548879,334765944,13733981,334765944,13733981,1,1,True,2f832a58d1e71950c1e93d92d8a10173ced0f0c3e35ed41c43a6fa3d78fdb01f,dff6c8db8d995c6d2dc281bb97874fd232042912b9b045f1ed6da22b4ce76e50,,,,,,
green,30,green-2016-07,2016-07,2017-06,measured,enabled,640,212457709,432.396419,334765944,13733981,334765944,13733981,1,1,True,2f832a58d1e71950c1e93d92d8a10173ced0f0c3e35ed41c43a6fa3d78fdb01f,9dbf3e2de5f92610c853105e2890bff1c88207d989eb3ea7d23f14e802c750d0,prior-enabled-data-shape,30,336762428,13815893,1.5850798235218164,0.06502890676161617
green,30,green-2016-07,2016-07,2017-06,measured,fixed-128,128,212457709,675.879896,334766136,13733981,334766136,13733981,3,3,True,2f832a58d1e71950c1e93d92d8a10173ced0f0c3e35ed41c43a6fa3d78fdb01f,77abfe720700f57e4908016e3ea21f4da0da90cb0f6f1358f9975302b1afc0c8,,,,,,
green,31,green-2016-08,2016-08,2017-07,measured,enabled,640,206379537,437.590139,324583824,13316254,324583824,13316254,1,1,True,3cc1daa6785640dd64c0ae279c256c81af1082a72244c4495977ab3b0963c5ff,0a1f7e76e39ac80a2b9e6234fa97e713e44b03d97ed6029be8c6707618fa865b,prior-enabled-data-shape,31,326388732,13390302,1.5814975517280956,0.06488192554421073
green,31,green-2016-08,2016-08,2017-07,measured,fixed-1024,1024,206379537,428.93175,324583824,13316254,324583824,13316254,1,1,True,3cc1daa6785640dd64c0ae279c256c81af1082a72244c4495977ab3b0963c5ff,ff6fb9b60c08b28dd6db17dfee69b3117630789aab66e23a044ae8327ba3160f,,,,,,
green,31,green-2016-08,2016-08,2017-07,measured,fixed-128,128,206379537,375.109042,324583824,13316254,324583824,13316254,2,2,True,3cc1daa6785640dd64c0ae279c256c81af1082a72244c4495977ab3b0963c5ff,0626a1ad1e0f57b94a3674957828512e75972cc207f1c110b0b2bede9c2d538a,,,,,,
green,32,green-2016-09,2016-09,2017-08,measured,enabled,656,200851054,424.556064,315314736,12935986,315314736,12935986,1,1,True,8dcf05e1c7e9bc5336be57a4a2831c0b983408af8478b973dbcd44b3e261bf4d,21bb8704e0f1323de737b4a3bf69e61a36c961a71d32a90d6b93ba1dfc25a92b,prior-enabled-data-shape,32,317107290,13009527,1.5788181539701243,0.06477201339028137
green,32,green-2016-09,2016-09,2017-08,measured,fixed-128,128,200851054,476.738806,315314736,12935986,315314736,12935986,2,2,True,8dcf05e1c7e9bc5336be57a4a2831c0b983408af8478b973dbcd44b3e261bf4d,d0199859890126fcae1e2e1a36417c08639a6623fe40eecb84aba8cbabca53f6,,,,,,
green,32,green-2016-09,2016-09,2017-08,measured,fixed-1024,1024,200851054,420.882459,315314736,12935986,315314736,12935986,1,1,True,8dcf05e1c7e9bc5336be57a4a2831c0b983408af8478b973dbcd44b3e261bf4d,c7e677815ac2f2b0462311857e5f6632a84d8619c14bcb2a23596e3056fee298,,,,,,
green,33,green-2016-10,2016-10,2017-09,measured,enabled,656,196832747,424.395606,308491896,12656077,308491896,12656077,1,1,True,6b007ce12ce5b47b3e25c14ab4632bc007557f434b124b2dcda7d6817139d502,7ce2f3f13f7a5c2098622a293e25946afdaf2d61c6a4dda007b16288f8513d65,prior-enabled-data-shape,33,310145961,12723931,1.575682735051991,0.06464336391766326
green,33,green-2016-10,2016-10,2017-09,measured,fixed-128,128,196832747,371.881078,308492088,12656077,308492088,12656077,2,2,True,6b007ce12ce5b47b3e25c14ab4632bc007557f434b124b2dcda7d6817139d502,635e5d74bd83ef04f9a5ed4bae8662a12358c6f38a5de1fd767ea1b62e1b7568,,,,,,
green,33,green-2016-10,2016-10,2017-09,measured,fixed-1024,1024,196832747,429.978578,308491896,12656077,308491896,12656077,1,1,True,6b007ce12ce5b47b3e25c14ab4632bc007557f434b124b2dcda7d6817139d502,8f0329477b7832b24b5b81da8aa5aa553b06069b31bdd0e39d7ca2155cab5c99,,,,,,
green,34,green-2016-11,2016-11,2017-10,measured,enabled,656,192161597,428.199261,300525360,12329242,300525360,12329242,1,1,True,319989345c2ca90456ce41f07060a7a67b0660f901efb1eb22cc06a934837a8a,c8a9da017b67d2bbde92148aae58b2d78447a69578d08b2c1c82ad5d0d5f9769,prior-enabled-data-shape,34,302222531,12398868,1.5727519729826702,0.06452313147693514
green,34,green-2016-11,2016-11,2017-10,measured,fixed-128,128,192161597,502.421358,300525552,12329242,300525552,12329242,2,2,True,319989345c2ca90456ce41f07060a7a67b0660f901efb1eb22cc06a934837a8a,cbe5890e5383bdc169d2c556bfde24b91bcacf503562cc3261a6abd250f4d1d9,,,,,,
green,34,green-2016-11,2016-11,2017-10,measured,fixed-1024,1024,192161597,435.33141,300525360,12329242,300525360,12329242,1,1,True,319989345c2ca90456ce41f07060a7a67b0660f901efb1eb22cc06a934837a8a,45d4881611f1cdc28bf2a682b8a4daa520b884eda6a162f1ea89e75ab36239cd,,,,,,
green,35,green-2016-12,2016-12,2017-11,measured,fixed-128,128,188221389,476.658757,293845848,12055201,293845848,12055201,2,2,True,4e252e469e2566b7ee8eac18075a66528beec4ffd238e391aed750858dc8cc5d,da4ba1d4e8f0012af5f329552c76f3c6caa37038027f0798bf3497ccb537fecb,,,,,,
green,35,green-2016-12,2016-12,2017-11,measured,enabled,656,188221389,423.733834,293845656,12055201,293845656,12055201,1,1,True,4e252e469e2566b7ee8eac18075a66528beec4ffd238e391aed750858dc8cc5d,9a756f9cabfea94e3509dafdaf88ee12a3f4ff414fc151528c3e17ec0a90486f,prior-enabled-data-shape,35,295487509,12122561,1.569893359882493,0.06440586565206673
green,35,green-2016-12,2016-12,2017-11,measured,fixed-1024,1024,188221389,419.17491,293845656,12055201,293845656,12055201,1,1,True,4e252e469e2566b7ee8eac18075a66528beec4ffd238e391aed750858dc8cc5d,dec1e0e7c4b258f085e2acbf2f4600ce797be2117b71ebc68f0bb697b31ada60,,,,,,
green,36,green-2017-01,2017-01,2017-12,measured,fixed-128,128,183687081,486.712456,286091016,11737059,286091016,11737059,2,2,True,7e46808a735411e98db6e4678f6c624db6792279f1480c7afb4f3a533b729c15,15a8ce28d61a17e1c2295abe030744c3ee754217f9d2d5f87d2fc235ba337071,,,,,,
green,36,green-2017-01,2017-01,2017-12,measured,enabled,656,183687081,409.011579,286090824,11737059,286090824,11737059,1,1,True,7e46808a735411e98db6e4678f6c624db6792279f1480c7afb4f3a533b729c15,beea177b0c175d030e360c63a1296d346f96b1759318f108f0fe0977eb7b1cad,prior-enabled-data-shape,36,287888965,11810829,1.5672793308117576,0.06429863522658656
green,36,green-2017-01,2017-01,2017-12,measured,fixed-1024,1024,183687081,423.949287,286090824,11737059,286090824,11737059,1,1,True,7e46808a735411e98db6e4678f6c624db6792279f1480c7afb4f3a533b729c15,61e17c65d2374cd5ab365f9313d5a58fc5533e37400a63c76b7f3cf9bd5bb032,,,,,,
green,37,green-2017-02,2017-02,2018-01,measured,enabled,656,179655017,418.923515,279343440,11460238,279343440,11460238,1,1,True,ec693a7ae63d53467692fdee8d23597b8eb043583cdf7f414d96848d9fd23cfb,bde557cb73d88cfe2434e7ac018dfa03d59744fa94b2c8ab9f2c223534c21cf1,prior-enabled-data-shape,37,280966070,11526810,1.5639199751238537,0.06416080107827164
green,37,green-2017-02,2017-02,2018-01,measured,fixed-128,128,179655017,379.852226,279343440,11460238,279343440,11460238,2,2,True,ec693a7ae63d53467692fdee8d23597b8eb043583cdf7f414d96848d9fd23cfb,a97830f97b96cab9a408a472324c4c7decb1856b1c41a8b4f357f7806938a0d2,,,,,,
green,37,green-2017-02,2017-02,2018-01,measured,fixed-1024,1024,179655017,424.678843,279343440,11460238,279343440,11460238,1,1,True,ec693a7ae63d53467692fdee8d23597b8eb043583cdf7f414d96848d9fd23cfb,fe66d849037364a1df047411461fa6ff0cec087e8f2c6d07b9ec678076a897a6,,,,,,
green,38,green-2017-03,2017-03,2018-02,measured,fixed-1024,1024,176066067,419.910264,273173616,11207122,273173616,11207122,1,1,True,8777e1fff193432d7ac1c1baa34f7df7aad61f14ca79497def744a86f4ebcc59,7a53d29c41d586ebf4422bfc925d773a70322cbcd758bb76691c5733a6261ca9,,,,,,
green,38,green-2017-03,2017-03,2018-02,measured,enabled,656,176066067,414.783244,273173616,11207122,273173616,11207122,1,1,True,8777e1fff193432d7ac1c1baa34f7df7aad61f14ca79497def744a86f4ebcc59,c5bb15e00e3a89e6b049c03d7e1adb62ff26fc6a67702ab6b538c94fb7d53062,prior-enabled-data-shape,38,274869127,11276677,1.5611703726190227,0.06404798659731493
green,38,green-2017-03,2017-03,2018-02,measured,fixed-128,128,176066067,486.812728,273173808,11207122,273173808,11207122,2,2,True,8777e1fff193432d7ac1c1baa34f7df7aad61f14ca79497def744a86f4ebcc59,f8ad1aabc4296fe406cdc96983b88d7e80848dc8ff2c663a44a0088cbcd88304,,,,,,
green,39,green-2017-04,2017-04,2018-03,measured,fixed-1024,1024,171605370,426.770515,265335096,10885541,265335096,10885541,1,1,True,f37e86203d2f1523d142e864f6786b194e42a131962a3b7d6daddbbdcd95a5e4,c418e83c6dc21315baf174120752e1dff02f301cdede9dcf59280b654d87509a,,,,,,
green,39,green-2017-04,2017-04,2018-03,measured,enabled,656,171605370,407.795902,265335096,10885541,265335096,10885541,1,1,True,f37e86203d2f1523d142e864f6786b194e42a131962a3b7d6daddbbdcd95a5e4,79e7d1fc43cd4d7bc01b271b52d6bb1590a7aaf6e7c029163d678abdacb2059a,prior-enabled-data-shape,39,267273678,10965074,1.5574901753705803,0.06389703040683628
green,39,green-2017-04,2017-04,2018-03,measured,fixed-128,128,171605370,485.204109,265335288,10885541,265335288,10885541,2,2,True,f37e86203d2f1523d142e864f6786b194e42a131962a3b7d6daddbbdcd95a5e4,0d4c09251e7b8fb6bfc20600712c972e1d510a5ba50a4e6e7e596738252a5e5f,,,,,,
green,40,green-2017-05,2017-05,2018-04,measured,enabled,656,167613537,422.0732,258474624,10604080,258474624,10604080,1,1,True,18a213976690e09c735346306ec3cc239c6e996882cece6a43aad18444250d42,12d23f75160dd18577148326e83a8af9ecc58afce8fd487cf5fba8d38df444b7,prior-enabled-data-shape,40,260620287,10692109,1.5548880552553677,0.06379024750530624
green,40,green-2017-05,2017-05,2018-04,measured,fixed-1024,1024,167613537,422.632829,258474624,10604080,258474624,10604080,1,1,True,18a213976690e09c735346306ec3cc239c6e996882cece6a43aad18444250d42,0784dd98290c62efce9fa0d193c6f173a55ead7350702c0df7fd37db5d7fbe4b,,,,,,
green,40,green-2017-05,2017-05,2018-04,measured,fixed-128,128,167613537,373.656799,258474624,10604080,258474624,10604080,2,2,True,18a213976690e09c735346306ec3cc239c6e996882cece6a43aad18444250d42,71e5878d41df5b9a50e2a3433059e1b3cec3792707f645c824f87eba4aab43ca,,,,,,
green,41,green-2017-06,2017-06,2018-05,measured,fixed-1024,1024,163882072,439.292244,252066072,10341169,252066072,10341169,1,1,True,d383145832aeabef6a1c2a0f19f224c86b00a399a6d58be1490f4c12631a4d9a,ef8fd74e0e7f0484d5771c486312b5d5933d326778f3942776b7b38cd05fcd38,,,,,,
green,41,green-2017-06,2017-06,2018-05,measured,fixed-128,128,163882072,506.924611,252066264,10341169,252066264,10341169,2,2,True,d383145832aeabef6a1c2a0f19f224c86b00a399a6d58be1490f4c12631a4d9a,13877994d6106f89a5e34fe1fe1b2b44ee745aaded1b1d9084e1a5cb70c56f1a,,,,,,
green,41,green-2017-06,2017-06,2018-05,measured,enabled,656,163882072,487.300183,252066072,10341169,252066072,10341169,1,1,True,d383145832aeabef6a1c2a0f19f224c86b00a399a6d58be1490f4c12631a4d9a,b3c43b1b1a97cc6cf25528f79720dd3100f68dd17154285becddcea7e778402a,prior-enabled-data-shape,41,254269656,10431575,1.5515403998886395,0.06365293546314066
green,42,green-2017-07,2017-07,2018-06,measured,fixed-128,128,160517323,528.189069,246266880,10103248,246266880,10103248,2,2,True,add38ca69011fc332d726607409b4d48739ea8c1cf77526d5960185d38c41453,4740fd74963f361426ff3b3c0aa4b0abc3a47d9ee1fa4d4ff8ac2a39057867ba,,,,,,
green,42,green-2017-07,2017-07,2018-06,measured,enabled,656,160517323,420.480205,246266688,10103248,246266688,10103248,1,1,True,add38ca69011fc332d726607409b4d48739ea8c1cf77526d5960185d38c41453,5c178e56afbe8144817585f931b57df6ebb9c8accdc176bcb01711e2c138a0aa,prior-enabled-data-shape,42,248190831,10182187,1.546193432058682,0.0634335685415905
green,42,green-2017-07,2017-07,2018-06,measured,fixed-1024,1024,160517323,420.221151,246266688,10103248,246266688,10103248,1,1,True,add38ca69011fc332d726607409b4d48739ea8c1cf77526d5960185d38c41453,2d30e02843ac85803523a48035cee90f661111369f041cb70d39548c64979f6d,,,,,,
green,43,green-2017-08,2017-08,2018-07,measured,fixed-1024,1024,157234071,417.319442,240650472,9872839,240650472,9872839,1,1,True,59708bdbe3c1c590cecafefedf9fa255ccf68dbce7d2c715d92884b1112cc029,2c2f356feb0a8914a447eb74977d0e4a2f184c856d8c5eb1e325b5c46afff329,,,,,,
green,43,green-2017-08,2017-08,2018-07,measured,enabled,672,157234071,405.028929,240650472,9872839,240650472,9872839,1,1,True,59708bdbe3c1c590cecafefedf9fa255ccf68dbce7d2c715d92884b1112cc029,6adb73960db8dc32c1e7ca220eef5b776393cda955e19244f773b74870646fd9,prior-enabled-data-shape,43,242468586,9947422,1.5420868065089517,0.06326505716540066
green,43,green-2017-08,2017-08,2018-07,measured,fixed-128,128,157234071,360.894913,240650664,9872839,240650664,9872839,2,2,True,59708bdbe3c1c590cecafefedf9fa255ccf68dbce7d2c715d92884b1112cc029,6ffa49801ac5e16116bf27d5de4a9b82fe38a361d49a796b73a54d7ebbacc8ac,,,,,,
green,44,green-2017-09,2017-09,2018-08,measured,fixed-128,128,154487987,349.462688,235980456,9681247,235980456,9681247,2,2,True,7ed5c96a9bee0db51a25e18efd608392f37aaba00130edeca1b3a580acecddfb,69cf4db206345df3d57a1231dbe51a2cfe9fdea0a9aba5924a357c31689a2440,,,,,,
green,44,green-2017-09,2017-09,2018-08,measured,enabled,672,154487987,416.323016,235980456,9681247,235980456,9681247,1,1,True,7ed5c96a9bee0db51a25e18efd608392f37aaba00130edeca1b3a580acecddfb,47ff175d2ade46f114eb38947bd6c9662e2cdf9984c64b582ba016526fdf4d37,prior-enabled-data-shape,44,237617084,9748390,1.5380942462089446,0.06310128297621231
green,44,green-2017-09,2017-09,2018-08,measured,fixed-1024,1024,154487987,427.428316,235980456,9681247,235980456,9681247,1,1,True,7ed5c96a9bee0db51a25e18efd608392f37aaba00130edeca1b3a580acecddfb,8884688bc220168066931832b0e96b043f0637f8d3075c89011f20df463a2cfe,,,,,,
green,45,green-2017-10,2017-10,2018-09,measured,fixed-1024,1024,151698601,412.022126,231095016,9480815,231095016,9480815,1,1,True,cb494f3726d9bf1a1cce8917b0fb61be908d5293f25ff77b0e27dc7c4579234d,253a2e944dc51cc8084b1387a74da5f381bd0f3b1ac270edb13b7b4cedc10076,,,,,,
green,45,green-2017-10,2017-10,2018-09,measured,fixed-128,128,151698601,359.540382,231095016,9480815,231095016,9480815,2,2,True,cb494f3726d9bf1a1cce8917b0fb61be908d5293f25ff77b0e27dc7c4579234d,769d108d52dfc1e1d32e238f3efac0a55adad846a706c20f190779402205c303,,,,,,
green,45,green-2017-10,2017-10,2018-09,measured,enabled,672,151698601,415.335839,231095016,9480815,231095016,9480815,1,1,True,cb494f3726d9bf1a1cce8917b0fb61be908d5293f25ff77b0e27dc7c4579234d,ae5db0957ff072abcd2c19f0b0bcf26ce013dabdb7a9dfd58cbbbcb2865b1a85,prior-enabled-data-shape,45,232736949,9548182,1.534206298718301,0.06294179226998446
green,46,green-2017-11,2017-11,2018-10,measured,fixed-1024,1024,149054699,416.67343,226369872,9286966,226369872,9286966,1,1,True,e8ce3a542b7a84b69ddb7086c864463af905f5fd0469704ccfea7c74964afe33,a36462c6424653ded4738fc67dc52fe5104bfe4ab1a0f2f84a809416b30f7d0b,,,,,,
green,46,green-2017-11,2017-11,2018-10,measured,enabled,672,149054699,405.194979,226369872,9286966,226369872,9286966,1,1,True,e8ce3a542b7a84b69ddb7086c864463af905f5fd0469704ccfea7c74964afe33,de68213c82e4e1c1d2903794c2c0d8fde605b57514e0c13a9d693394ca80ddfc,prior-enabled-data-shape,46,228131749,9359250,1.5305236992814362,0.06279071029077407
green,46,green-2017-11,2017-11,2018-10,measured,fixed-128,128,149054699,369.861082,226370064,9286966,226370064,9286966,2,2,True,e8ce3a542b7a84b69ddb7086c864463af905f5fd0469704ccfea7c74964afe33,5a64d01787a4577ea7445b6945b086f0346434023770c54a0520c03b4ccf9630,,,,,,
green,47,green-2017-12,2017-12,2018-11,measured,enabled,672,146304468,407.142671,221473344,9086080,221473344,9086080,1,1,True,654a94de47fa88b84a2792a141298673137f10a3916cb46f50d74baae924080b,4376a9bafaf5be8de7483506e5bba5a4f4bfdcd3a38fbcec7980e386501d6b90,prior-enabled-data-shape,47,223480128,9168413,1.52750036156533,0.06266666546700489
green,47,green-2017-12,2017-12,2018-11,measured,fixed-128,128,146304468,369.716289,221473344,9086080,221473344,9086080,2,2,True,654a94de47fa88b84a2792a141298673137f10a3916cb46f50d74baae924080b,1d0c5adaa460fc4cf07589064f22affddf8ccfbec5d5e3a2db048847adf898d4,,,,,,
green,47,green-2017-12,2017-12,2018-11,measured,fixed-1024,1024,146304468,415.616927,221473344,9086080,221473344,9086080,1,1,True,654a94de47fa88b84a2792a141298673137f10a3916cb46f50d74baae924080b,a0a39903cfcebb633414d760de7bd53de62e9f542d3414e526df652bfdd4ffce,,,,,,
green,48,green-2018-01,2018-01,2018-12,measured,fixed-1024,1024,143866460,405.201999,216930768,8899718,216930768,8899718,1,1,True,51da81a7767207a4851e569b14f7a75a3ac3d2b67ac1fe0e8d06e75ad3e1922c,db1f455bcc07ccecf55517b654a878f11cd1a4833f68f28eefe759dc4328818f,,,,,,
green,48,green-2018-01,2018-01,2018-12,measured,enabled,672,143866460,422.937733,216930768,8899718,216930768,8899718,1,1,True,51da81a7767207a4851e569b14f7a75a3ac3d2b67ac1fe0e8d06e75ad3e1922c,eedca44fcc1cdb0472c5c091b62a3fdaeeb05ab1c18ca4b7547a20655500d2d0,prior-enabled-data-shape,48,219163668,8991324,1.5233826447746872,0.062497708861533934
green,48,green-2018-01,2018-01,2018-12,measured,fixed-128,128,143866460,352.856203,216930768,8899718,216930768,8899718,2,2,True,51da81a7767207a4851e569b14f7a75a3ac3d2b67ac1fe0e8d06e75ad3e1922c,feaab2f36654435c1e6b2fe122026c564cfde5e82294cbcb1c5cddf6d9bbad84,,,,,,
green,49,green-2018-02,2018-02,2019-01,measured,fixed-1024,1024,142349667,406.115895,213990120,8779079,213990120,8779079,1,1,True,37db9f8fc7a2b2e409e8783e92b7f398196cf340c279e34baff7b1cc65cc98e6,eae43e6621de8585663b9d112be6fffa34e56b39fd0b6c19b11ec19261087dd1,,,,,,
green,49,green-2018-02,2018-02,2019-01,measured,fixed-128,128,142349667,369.902029,213990312,8779079,213990312,8779079,2,2,True,37db9f8fc7a2b2e409e8783e92b7f398196cf340c279e34baff7b1cc65cc98e6,624b0427e677c65aa0e45c21912fdc573241ae1a1ce581cdbac4a2e9b94f27dd,,,,,,
green,49,green-2018-02,2018-02,2019-01,measured,enabled,672,142349667,409.772136,213990120,8779079,213990120,8779079,1,1,True,37db9f8fc7a2b2e409e8783e92b7f398196cf340c279e34baff7b1cc65cc98e6,ae1db17c0652fccfa883ea62f75e425e0d3b53abd94699c9386e1a0397e10da2,prior-enabled-data-shape,49,216186917,8869204,1.5187033586911607,0.062305757968757494
green,50,green-2018-03,2018-03,2019-02,measured,fixed-1024,1024,140405131,404.127715,210246048,8625476,210246048,8625476,1,1,True,0cd507eceeb5035ffc4e24e801a8113b236c702315504cf5978231f9090c45cf,ed8493c3996cdeac38ad053ba6112e149096c9e11ad951a5cb9dec68db0b87f1,,,,,,
green,50,green-2018-03,2018-03,2019-02,measured,fixed-128,128,140405131,361.811105,210246240,8625476,210246240,8625476,2,2,True,0cd507eceeb5035ffc4e24e801a8113b236c702315504cf5978231f9090c45cf,ab18054af8398a480a50dafee339f67031ce7071be641a89908c4f2f34b7956f,,,,,,
green,50,green-2018-03,2018-03,2019-02,measured,enabled,672,140405131,401.25482,210246048,8625476,210246048,8625476,1,1,True,0cd507eceeb5035ffc4e24e801a8113b236c702315504cf5978231f9090c45cf,d461123707a6d36c945ec91a2fcbb240f1361255d2a5ff28cb9145dde1d1bddd,prior-enabled-data-shape,50,212543023,8719708,1.5137838715903058,0.062103913326830185
green,51,green-2018-04,2018-04,2019-03,measured,fixed-128,128,137861817,369.010958,205537272,8432293,205537272,8432293,2,2,True,0eb302be306f926d3c6fa538a6e897ac1ea6d3199879c2ef0282009e9e0f777a,861d4b3be50a069fcaf7c669a8ecdcafeffd60aa942d04d2f9499756372836c2,,,,,,
green,51,green-2018-04,2018-04,2019-03,measured,enabled,672,137861817,398.197414,205537272,8432293,205537272,8432293,1,1,True,0eb302be306f926d3c6fa538a6e897ac1ea6d3199879c2ef0282009e9e0f777a,450da4411881aa7540279752257116a1308353a49d4e2db7bcb25473b1cdb534,prior-enabled-data-shape,51,207876595,8528265,1.5078619992456894,0.06186096467515778
green,51,green-2018-04,2018-04,2019-03,measured,fixed-1024,1024,137861817,410.73819,205537272,8432293,205537272,8432293,1,1,True,0eb302be306f926d3c6fa538a6e897ac1ea6d3199879c2ef0282009e9e0f777a,43eae9d4f3213b045df69c3a025683aa139e6e823341d7e9505c2cac18de99a1,,,,,,
green,52,green-2018-05,2018-05,2019-04,measured,fixed-1024,1024,134520376,411.613913,199893744,8200762,199893744,8200762,1,1,True,10793b83a925d1f9ea7e6dc09d6c0989a63f45995cfca496aae5dd87b5ce3f6a,a852d9276f765fd4959ade2b32b333aade5a7c63ff8f1b30a13e85608abec329,,,,,,
green,52,green-2018-05,2018-05,2019-04,measured,fixed-128,128,134520376,457.77019,199893744,8200762,199893744,8200762,2,2,True,10793b83a925d1f9ea7e6dc09d6c0989a63f45995cfca496aae5dd87b5ce3f6a,f814ea6b613a7b0fc00234b62f5361a9488a22e34a53f318de34340f2ccfc9c8,,,,,,
green,52,green-2018-05,2018-05,2019-04,measured,enabled,688,134520376,395.432961,199893744,8200762,199893744,8200762,1,1,True,10793b83a925d1f9ea7e6dc09d6c0989a63f45995cfca496aae5dd87b5ce3f6a,b48dfef6aa840c2429723341850420e4d1930e120a0f85e675f08ad97a0fdfcb,prior-enabled-data-shape,52,202220574,8296226,1.503270956018464,0.06167263461178311
green,53,green-2018-06,2018-06,2019-05,measured,fixed-1024,1024,130798495,505.36749,193773072,7949662,193773072,7949662,1,1,True,e57e364cff3c70754e27f51906dbdfe6a0a3338d6b2e28b51bc162fe0dc57522,d3fae28652c12f45d89e4ae69576a75e014dcc4e110fa5a36d1aae828dc6c8ce,,,,,,
green,53,green-2018-06,2018-06,2019-05,measured,fixed-128,128,130798495,373.470726,193773072,7949662,193773072,7949662,2,2,True,e57e364cff3c70754e27f51906dbdfe6a0a3338d6b2e28b51bc162fe0dc57522,2656527a318e1f7c34f48f830f860aaf268bbb47c1b8fbf91429ee5e9d80658a,,,,,,
green,53,green-2018-06,2018-06,2019-05,measured,enabled,688,130798495,411.411757,193773072,7949662,193773072,7949662,1,1,True,e57e364cff3c70754e27f51906dbdfe6a0a3338d6b2e28b51bc162fe0dc57522,3f611596293e0c9bb88ba9c81107a0ef4a3be0ba72cf35ee07033e4d0a0813d5,prior-enabled-data-shape,53,195860838,8035314,1.49742425011519,0.06143276914858617
green,54,green-2018-07,2018-07,2019-06,measured,fixed-128,128,127416012,474.400552,188110704,7717354,188110704,7717354,2,2,True,55262ed3b9636b437eb76fc8f35eb90618d574dc47fabee36eae1ef21c8abcf0,140a4c3eb1189cd753b5098fbb88c597b9b425ca267d5fb33b9804a6eb3c2691,,,,,,
green,54,green-2018-07,2018-07,2019-06,measured,enabled,688,127416012,399.701201,188110512,7717354,188110512,7717354,1,1,True,55262ed3b9636b437eb76fc8f35eb90618d574dc47fabee36eae1ef21c8abcf0,74bb0a39052f8903151f4dee49e12adc43316c1ec74f30da4f06fce8e87cac3f,prior-enabled-data-shape,54,189963690,7793377,1.490893392185597,0.06116481839202801
green,54,green-2018-07,2018-07,2019-06,measured,fixed-1024,1024,127416012,412.882417,188110512,7717354,188110512,7717354,1,1,True,55262ed3b9636b437eb76fc8f35eb90618d574dc47fabee36eae1ef21c8abcf0,a2611a604a247dc7004ec9890ea0eef770d9c03b6fcb9036efb9021df4df75bc,,,,,,
green,55,green-2018-08,2018-08,2019-07,measured,fixed-1024,1024,124169514,398.47473,182903304,7503723,182903304,7503723,1,1,True,94b330bf6d204965e6e6d26df90267d81f7b59157bb8d210ed0501e37c0b43eb,48cc7c465465b10e4a56b4513988034020911931a256e0ad99e6aa6c89565d66,,,,,,
green,55,green-2018-08,2018-08,2019-07,measured,enabled,688,124169514,403.312062,182903304,7503723,182903304,7503723,1,1,True,94b330bf6d204965e6e6d26df90267d81f7b59157bb8d210ed0501e37c0b43eb,99bc559c0695953ca12c6db6ca56d3a34fe1b79aa50fee2cddf3389aa18754fc,prior-enabled-data-shape,55,184512635,7569743,1.4859737234157002,0.060962972628027745
green,55,green-2018-08,2018-08,2019-07,measured,fixed-128,128,124169514,480.996782,182903496,7503723,182903496,7503723,2,2,True,94b330bf6d204965e6e6d26df90267d81f7b59157bb8d210ed0501e37c0b43eb,0d9742f2fbbd79c37f31d9c710b2a0d7ad8550da7a27d07a33bbcf7254fe6608,,,,,,
green,56,green-2018-09,2018-09,2019-08,measured,fixed-1024,1024,120707947,398.519839,177391752,7277603,177391752,7277603,1,1,True,8951755956f0df76a628254f1b7a9072925d085ef6a2bd23442e98544af8d2d4,af23233c2fa83d6672961ddca2fd2d5b86b2fc6cca3c9a8bd785226ddc0e87cf,,,,,,
green,56,green-2018-09,2018-09,2019-08,measured,enabled,688,120707947,395.05307,177391752,7277603,177391752,7277603,1,1,True,8951755956f0df76a628254f1b7a9072925d085ef6a2bd23442e98544af8d2d4,67ea51fc6bc0fee62c41fffec2024f073abc86b881e008b90d545f429d8fd71f,prior-enabled-data-shape,56,178824303,7336379,1.4814625504674193,0.06077793173384755
green,56,green-2018-09,2018-09,2019-08,measured,fixed-128,128,120707947,464.265942,177391752,7277603,177391752,7277603,2,2,True,8951755956f0df76a628254f1b7a9072925d085ef6a2bd23442e98544af8d2d4,cf1feabc3d18c7c5269f747d73bd662b546d49699634d258f953447a692ba0dd,,,,,,
green,57,green-2018-10,2018-10,2019-09,measured,fixed-128,128,117167770,425.401423,171713136,7044634,171713136,7044634,2,2,True,1fdd1fee41c99d51a43052bf4457df7ebf998e173f04828b80c9229bcc46778e,9953d65eb8b4b0e8322ccb753aecfc33bc78089f10ab1c3a245b553ef55a85aa,,,,,,
green,57,green-2018-10,2018-10,2019-09,measured,fixed-1024,1024,117167770,396.332124,171713136,7044634,171713136,7044634,1,1,True,1fdd1fee41c99d51a43052bf4457df7ebf998e173f04828b80c9229bcc46778e,a11bc40e7b1a0e9eaa18f7b68d63135322a68967840ec69282ad18e996e1dce2,,,,,,
green,57,green-2018-10,2018-10,2019-09,measured,enabled,688,117167770,394.900676,171713136,7044634,171713136,7044634,1,1,True,1fdd1fee41c99d51a43052bf4457df7ebf998e173f04828b80c9229bcc46778e,79ddf843412ac136fc94e332d5484d26354b9525442ee202796890019bdac800,prior-enabled-data-shape,57,172980529,7096637,1.476349079266427,0.06056816469816996
green,58,green-2018-11,2018-11,2019-10,measured,fixed-128,128,113070778,368.294151,165485280,6789132,165485280,6789132,2,2,True,1a0c34fff1d2251b55a1d51f8f449d2e3e24e5f63f9fa2e62fe3e92e91326785,4f329c12b49250c5f3bb155d5cd255ead05c5fbd72caa6417dfd590ee12303c3,,,,,,
green,58,green-2018-11,2018-11,2019-10,measured,fixed-1024,1024,113070778,405.839131,165485280,6789132,165485280,6789132,1,1,True,1a0c34fff1d2251b55a1d51f8f449d2e3e24e5f63f9fa2e62fe3e92e91326785,2e1913a422c17f5ac01fe771e8e0c561c36fa49be48a84ca48319af3a54fa892,,,,,,
green,58,green-2018-11,2018-11,2019-10,measured,enabled,688,113070778,402.425798,165485280,6789132,165485280,6789132,1,1,True,1a0c34fff1d2251b55a1d51f8f449d2e3e24e5f63f9fa2e62fe3e92e91326785,d48f04b816abf3e7f8b108f6813761c0c49b58878f329ff42b7cf8c8e217b3dc,prior-enabled-data-shape,58,166554722,6833012,1.4730129651630914,0.060431282673780944
green,59,green-2018-12,2018-12,2019-11,measured,fixed-1024,1024,109562448,397.570739,160030296,6565345,160030296,6565345,1,1,True,672fa2bb7aa8c06565977c449bd40b2d4503a5784ae0a7496c0063f6a8cc6f25,154f9c63b21f9c1bf8af49d075b6115aad21f4c8ab2e879ffcc1b1cc78e2ef13,,,,,,
green,59,green-2018-12,2018-12,2019-11,measured,enabled,704,109562448,413.913742,160030296,6565345,160030296,6565345,1,1,True,672fa2bb7aa8c06565977c449bd40b2d4503a5784ae0a7496c0063f6a8cc6f25,09e3a57f3e55ab7c2dda0613f7b268b910b330d19a82bc87a0b9affae11445e6,prior-enabled-data-shape,59,161012386,6605630,1.46959464069089,0.06029100138700893
green,59,green-2018-12,2018-12,2019-11,measured,fixed-128,128,109562448,456.327921,160030488,6565345,160030488,6565345,2,2,True,672fa2bb7aa8c06565977c449bd40b2d4503a5784ae0a7496c0063f6a8cc6f25,cfd97fb630e1f595dc7f6bb160032b0b36d510152a18fa3e7f6e033c6107aed0,,,,,,
green,60,green-2019-01,2019-01,2019-12,measured,fixed-128,128,105302506,425.075378,153586776,6300985,153586776,6300985,2,2,True,ad642f5d3a03f381f2a2524656ea46c6de6bc7e19746e16f0edbb85606ec2341,bc37006e2aed77b3d7d761e208861b8fd7226f72963253216ec7b375d650b725,,,,,,
green,60,green-2019-01,2019-01,2019-12,measured,fixed-1024,1024,105302506,407.162521,153586584,6300985,153586584,6300985,1,1,True,ad642f5d3a03f381f2a2524656ea46c6de6bc7e19746e16f0edbb85606ec2341,320f5fca88d7ba620905bff082f66b422696f4935c7f9a3daa7ecafddf278688,,,,,,
green,60,green-2019-01,2019-01,2019-12,measured,enabled,704,105302506,409.757501,153586584,6300985,153586584,6300985,1,1,True,ad642f5d3a03f381f2a2524656ea46c6de6bc7e19746e16f0edbb85606ec2341,4b5f80ee96f16874f0374da498c0cbe05e5de883a4beba563b14c7c1321dd48f,prior-enabled-data-shape,60,154324210,6331243,1.4655321681039077,0.06012433282633953
green,61,green-2019-02,2019-02,2020-01,measured,fixed-128,128,101413824,456.816334,148118448,6076650,148118448,6076650,2,2,True,8150c2f89c2dcfb69fb3b6382134779333636b52a7987520236ce7b6a804ad82,22bd56fc67f7493fde88372da6904c96eb88503c84281497708a030d26fb9f16,,,,,,
green,61,green-2019-02,2019-02,2020-01,measured,enabled,704,101413824,400.561675,148118448,6076650,148118448,6076650,1,1,True,8150c2f89c2dcfb69fb3b6382134779333636b52a7987520236ce7b6a804ad82,017727fb10275a67b2c011b71f29f4f81c9bd3e56fc6856130fbbd0c15d59779,prior-enabled-data-shape,61,148424689,6089211,1.4635548010468276,0.060043205858192644
green,61,green-2019-02,2019-02,2020-01,measured,fixed-1024,1024,101413824,411.243958,148118448,6076650,148118448,6076650,1,1,True,8150c2f89c2dcfb69fb3b6382134779333636b52a7987520236ce7b6a804ad82,8bcfa5e48080d1c881232a7c3c9c9564eb351ca224d792929ee4f033231c99d5,,,,,,
green,62,green-2019-03,2019-03,2020-02,measured,fixed-128,128,97746427,393.120253,142830144,5859688,142830144,5859688,2,2,True,5f65cb93d04276ae25b9d1a2715222f6c761508ee3987fce1818ff6c0bad9d3e,04f50cc4833650be338ce6d617781dea909a438688ac20d47be5f4d09e1a7c6c,,,,,,
green,62,green-2019-03,2019-03,2020-02,measured,enabled,704,97746427,400.81251,142829952,5859688,142829952,5859688,1,1,True,5f65cb93d04276ae25b9d1a2715222f6c761508ee3987fce1818ff6c0bad9d3e,009f2c652fb95f8c37e0a973737e78c5ab8767f4cbb3db627b1f5961768103db,prior-enabled-data-shape,62,142771451,5857290,1.460630890613178,0.0599233142362792
green,62,green-2019-03,2019-03,2020-02,measured,fixed-1024,1024,97746427,424.462085,142829952,5859688,142829952,5859688,1,1,True,5f65cb93d04276ae25b9d1a2715222f6c761508ee3987fce1818ff6c0bad9d3e,fc0e0bc87d8e0aa4f853819cba18ea164ed29f4193e8ed17e1dd86b7af2d3e50,,,,,,
green,63,green-2019-04,2019-04,2020-03,measured,fixed-128,128,91005146,411.507268,132603096,5440121,132603096,5440121,2,2,True,1aa20f5d56be07e0511d81d71af6e9033a705402d4cecfb3d22ea79b5cb14aef,7731916c01dbe3ffa4305c76375fab1eb501f4a368bc20c7dd134670e5191b6d,,,,,,
green,63,green-2019-04,2019-04,2020-03,measured,enabled,704,91005146,391.796306,132603096,5440121,132603096,5440121,1,1,True,1aa20f5d56be07e0511d81d71af6e9033a705402d4cecfb3d22ea79b5cb14aef,9bca8d109ee9a1cbda0a885fdd594ea684f2a99dd880eb7674285f2652c11f1e,prior-enabled-data-shape,63,132979394,5455563,1.4612293910241854,0.059947848528519615
green,63,green-2019-04,2019-04,2020-03,measured,fixed-1024,1024,91005146,382.193338,132603096,5440121,132603096,5440121,1,1,True,1aa20f5d56be07e0511d81d71af6e9033a705402d4cecfb3d22ea79b5cb14aef,7a27fc58b1a6e280b57bbebbb2b6f7e491b36d331cdf69e9343fd035dbcd5712,,,,,,
green,64,green-2019-05,2019-05,2020-04,measured,enabled,704,82305721,378.467204,119630424,4907913,119630424,4907913,1,1,True,84cf2d32034061c4db6fdd0a145b030e48298ab5264e9ac948ba9bc504c2ea77,0a5cd4fc682d8f23eb86f4f1929b7b563ca50edfab458b00898887e67757b0fc,prior-enabled-data-shape,64,120218279,4932032,1.460630890613178,0.0599233142362792
green,64,green-2019-05,2019-05,2020-04,measured,fixed-1024,1024,82305721,390.567741,119630424,4907913,119630424,4907913,1,1,True,84cf2d32034061c4db6fdd0a145b030e48298ab5264e9ac948ba9bc504c2ea77,596d1a2ae5dc3e423b7c84771ad57c5739bbdde66ba0e95ff26ae58d3380a007,,,,,,
green,64,green-2019-05,2019-05,2020-04,measured,fixed-128,128,82305721,392.189545,119630424,4907913,119630424,4907913,1,1,True,84cf2d32034061c4db6fdd0a145b030e48298ab5264e9ac948ba9bc504c2ea77,925bfa4ae990056508fd13ca32530646f1f909d8aa64b2859069a14caac3e58f,,,,,,
green,65,green-2019-06,2019-06,2020-05,measured,fixed-1024,1024,74337635,385.044515,107733264,4419822,107733264,4419822,1,1,True,4f6e8d4089da844cc8e9bbfbb9a1256296f5d8326d947ae5b864bc1563691936,7a0955ae8d9cb285c3213676f44e4891bade360dabb920179b56c92b15305df1,,,,,,
green,65,green-2019-06,2019-06,2020-05,measured,fixed-128,128,74337635,371.016535,107733264,4419822,107733264,4419822,1,1,True,4f6e8d4089da844cc8e9bbfbb9a1256296f5d8326d947ae5b864bc1563691936,442849ca30f8ac8530efa9aa54ff6d22e00bea7ba00c07ca8c1262aca01b9e7c,,,,,,
green,65,green-2019-06,2019-06,2020-05,measured,enabled,704,74337635,368.135001,107733264,4419822,107733264,4419822,1,1,True,4f6e8d4089da844cc8e9bbfbb9a1256296f5d8326d947ae5b864bc1563691936,887eb3ec595d1b17feccde2b1758f6d18bd0ccde735724cdc5e0a81a4f0dc344,prior-enabled-data-shape,65,108572724,4454262,1.4605350844476588,0.05991934590692488
green,66,green-2019-07,2019-07,2020-06,measured,fixed-128,128,66994139,373.22206,96931920,3976694,96931920,3976694,1,1,True,02308a526a1620b6606df893bd1eafa6985e6013755eec3d8485cca83d4a80b2,e1f09f298404c831b9320ba0d8aee22c6b199be87ce6f33c0a6edfd65b83da31,,,,,,
green,66,green-2019-07,2019-07,2020-06,measured,enabled,704,66994139,365.126495,96931920,3976694,96931920,3976694,1,1,True,02308a526a1620b6606df893bd1eafa6985e6013755eec3d8485cca83d4a80b2,493b60c870830757bff17683e86466fdd71bdfddb272fd4d3e233c12dd22b379,prior-enabled-data-shape,66,97616790,4004787,1.457094481228567,0.05977816902793607
green,66,green-2019-07,2019-07,2020-06,measured,fixed-1024,1024,66994139,385.213861,96931920,3976694,96931920,3976694,1,1,True,02308a526a1620b6606df893bd1eafa6985e6013755eec3d8485cca83d4a80b2,9bcd0eeaeb8e78405eb918a1b96a69912545284fcede8e354936ecde4b96c90c,,,,,,
green,67,green-2019-08,2019-08,2020-07,measured,fixed-128,128,60381214,375.308981,87218904,3578209,87218904,3578209,1,1,True,600debba9dfd5963fbf9464f0b9c65a85adeece1d3a3a7cb16c569975da678a4,77bbf3419c0cb2e0a67e72452275b6720b10f129fff4c839df36519130079a18,,,,,,
green,67,green-2019-08,2019-08,2020-07,measured,enabled,704,60381214,378.041373,87218904,3578209,87218904,3578209,1,1,True,600debba9dfd5963fbf9464f0b9c65a85adeece1d3a3a7cb16c569975da678a4,3c1625bb18ceb2d41e560688320fdf87cbc2533ac31f0cca50ea18c2fa895efc,prior-enabled-data-shape,67,87763404,3600549,1.453488561262953,0.059630277705725945
green,67,green-2019-08,2019-08,2020-07,measured,fixed-1024,1024,60381214,366.745584,87218904,3578209,87218904,3578209,1,1,True,600debba9dfd5963fbf9464f0b9c65a85adeece1d3a3a7cb16c569975da678a4,b06c2e49ad07b75c7fdcfd5b9246796348c7b0f4489c17b04013af5c947b5adc,,,,,,
green,68,green-2019-09,2019-09,2020-08,measured,fixed-1024,1024,54329470,368.882644,78233496,3209577,78233496,3209577,1,1,True,76a821d96eaf8ea7a053efb76e0773e49a83177e2d6eec3058f0fe599951bcd7,c070b1407d2b3078b294a735d878bc2a27c31193101ab951205708c764d76720,,,,,,
green,68,green-2019-09,2019-09,2020-08,measured,enabled,704,54329470,370.281375,78233496,3209577,78233496,3209577,1,1,True,76a821d96eaf8ea7a053efb76e0773e49a83177e2d6eec3058f0fe599951bcd7,07bf2ad8126b9a424659d182f84bb44d60e845743c2987228e91081c8c2f8d2b,prior-enabled-data-shape,68,78736580,3230216,1.4492425539230567,0.05945604807040202
green,68,green-2019-09,2019-09,2020-08,measured,fixed-128,128,54329470,368.420918,78233496,3209577,78233496,3209577,1,1,True,76a821d96eaf8ea7a053efb76e0773e49a83177e2d6eec3058f0fe599951bcd7,5018d7236d8fa7e3525415595ec40282f06905b35b28d58fc5937dcfc42c7d6d,,,,,,
green,69,green-2019-10,2019-10,2020-09,measured,fixed-1024,1024,48224195,379.526318,69432312,2848501,69432312,2848501,1,1,True,e11b9d151e3478d09592e445ddd634c1c5bcffa1e701bb25af5042acc4910cad,10ce4d146cfef5d209dbf14a3d46968c3eb822a6720fbb6ca11465ed0e21bd5f,,,,,,
green,69,green-2019-10,2019-10,2020-09,measured,fixed-128,128,48224195,368.798004,69432312,2848501,69432312,2848501,1,1,True,e11b9d151e3478d09592e445ddd634c1c5bcffa1e701bb25af5042acc4910cad,7149614f9e64c7e1e60c7c9d6f14248358a56586f41f84e4d47d48ebee38aac0,,,,,,
green,69,green-2019-10,2019-10,2020-09,measured,enabled,704,48224195,367.124839,69432312,2848501,69432312,2848501,1,1,True,e11b9d151e3478d09592e445ddd634c1c5bcffa1e701bb25af5042acc4910cad,be3ed9ee335b5bae1fc80c2719ac62bb19393b0ea0d0159b0c703c2234357a73,prior-enabled-data-shape,69,69774220,2862532,1.4468716435030236,0.05935883436012216
green,70,green-2019-11,2019-11,2020-10,measured,fixed-1024,1024,42090335,384.142396,60138888,2467235,60138888,2467235,1,1,True,a6c7a5c1506e012a4164140df027b7c0e8bee3c02b053743bca8eea5d84b4295,d5665e3dc9bc6009ba27a32e51e1b197f548e529a0e226972e115737b91a7861,,,,,,
green,70,green-2019-11,2019-11,2020-10,measured,enabled,704,42090335,375.811817,60138888,2467235,60138888,2467235,1,1,True,a6c7a5c1506e012a4164140df027b7c0e8bee3c02b053743bca8eea5d84b4295,ffd949e38fafc36d59a0e11756c84589ca40d1d1c3d9b1ed53a4b2852e4d2cbd,prior-enabled-data-shape,70,60798262,2494286,1.4444708581049728,0.059260302384778155
green,70,green-2019-11,2019-11,2020-10,measured,fixed-128,128,42090335,380.461172,60138888,2467235,60138888,2467235,1,1,True,a6c7a5c1506e012a4164140df027b7c0e8bee3c02b053743bca8eea5d84b4295,b988f99bb49d202352b97001edca69501aa15fb0dc18efe5620fa0c62ee09fe4,,,,,,
green,71,green-2019-12,2019-12,2020-11,measured,fixed-128,128,36122347,382.41753,51342048,2106340,51342048,2106340,1,1,True,97a8be5ca62678383ad27fd8bbba18432dd6b8a5c76ba66b90854ccd0d819b78,01f5ebb9d91f33390826efe292ef295c1dec3f07e3f4506530db96d934ee3047,,,,,,
green,71,green-2019-12,2019-12,2020-11,measured,enabled,704,36122347,379.30482,51342048,2106340,51342048,2106340,1,1,True,97a8be5ca62678383ad27fd8bbba18432dd6b8a5c76ba66b90854ccd0d819b78,7d2b2fe13e2efa67a6c2e274fece2250bd3d8b8dc48498ea504efa0ab2676eed,prior-enabled-data-shape,71,52015554,2133970,1.4399826834312943,0.059076169894534215
green,71,green-2019-12,2019-12,2020-11,measured,fixed-1024,1024,36122347,376.660292,51342048,2106340,51342048,2106340,1,1,True,97a8be5ca62678383ad27fd8bbba18432dd6b8a5c76ba66b90854ccd0d819b78,b90bfcabd3fef6a1e5be4541831434e1f5b7f12b938d5c521385abe3f3a83205,,,,,,
green,72,green-2020-01,2020-01,2020-12,measured,fixed-128,128,30057673,371.611974,42270720,1734176,42270720,1734176,1,1,True,b4bed7f422627e813eb61d182ad886469e1132a4f3f32f653a76b2f13f2f49ee,ff4a6af38f64e968e9a58f2bea19f8b2dcbe00507ac76fd32351103e7ab5e472,,,,,,
green,72,green-2020-01,2020-01,2020-12,measured,fixed-1024,1024,30057673,361.007106,42270720,1734176,42270720,1734176,1,1,True,b4bed7f422627e813eb61d182ad886469e1132a4f3f32f653a76b2f13f2f49ee,60f7bd3ece670a870718eae1901aee03001f9e6590433edcf266a66a366405db,,,,,,
green,72,green-2020-01,2020-01,2020-12,measured,enabled,704,30057673,372.521548,42270720,1734176,42270720,1734176,1,1,True,b4bed7f422627e813eb61d182ad886469e1132a4f3f32f653a76b2f13f2f49ee,7e35632120ff3155db4d291085e1890a68786804623c4468b1821f7ea0dc0dfb,prior-enabled-data-shape,72,43276487,1775443,1.4397816697614134,0.05906788075985509
green,73,green-2020-02,2020-02,2021-01,measured,enabled,720,24207894,352.809411,33221280,1362924,33221280,1362924,1,1,True,828cfe704cb0be3982db3d1e5276023b88a9fb8d76b0ef1d42b909d53f69019f,b2394b57ae6609f34a9ae759842aa593ec393aa7e06b657a894b2bbfcd1d436c,prior-enabled-data-shape,73,34588364,1419009,1.428805163940843,0.058617613758598024
green,73,green-2020-02,2020-02,2021-01,measured,fixed-128,128,24207894,370.565767,33221280,1362924,33221280,1362924,1,1,True,828cfe704cb0be3982db3d1e5276023b88a9fb8d76b0ef1d42b909d53f69019f,b279c6b619fd1ca8205cfebb1ff4bc81d3aaee730de6491623e7c9d941e35eb8,,,,,,
green,73,green-2020-02,2020-02,2021-01,measured,fixed-1024,1024,24207894,367.389479,33221280,1362924,33221280,1362924,1,1,True,828cfe704cb0be3982db3d1e5276023b88a9fb8d76b0ef1d42b909d53f69019f,7bad5867320c2dcc40aea52b1d5db3523bd58a014e3c9fcdc1b23e263e0dbf66,,,,,,
green,74,green-2020-03,2020-03,2021-02,measured,enabled,720,18704178,333.81654,25078656,1028864,25078656,1028864,1,1,True,92898eb280024486b02fa56794c335befb94ffbb0469106489dea388a3740bc8,09b284275320ab6fbbdaa8c2aa1e94a2f7a5e431071f112d288ad7fb4c1b7e82,prior-enabled-data-shape,74,26584950,1090664,1.4213375448721535,0.05831127196690736
green,74,green-2020-03,2020-03,2021-02,measured,fixed-1024,1024,18704178,333.944004,25078656,1028864,25078656,1028864,1,1,True,92898eb280024486b02fa56794c335befb94ffbb0469106489dea388a3740bc8,b03695a55696109f5c4ea6c43ad007b9eacc2ef0030c1dd45c65663f268e99bf,,,,,,
green,74,green-2020-03,2020-03,2021-02,measured,fixed-128,128,18704178,338.107737,25078656,1028864,25078656,1028864,1,1,True,92898eb280024486b02fa56794c335befb94ffbb0469106489dea388a3740bc8,2d0a4aca42943119be37235595f6feaae52ad36c8711c1e3ec66b3a0f7e0a424,,,,,,
green,75,green-2020-04,2020-04,2021-03,measured,fixed-128,128,16159125,315.496652,21674184,889195,21674184,889195,1,1,True,1a0565a174265b95e9293e14ca270e21b8ec8ccea16510c2e4d0f86f0ad0ae74,da480e5e81baeb9f1193e446b7a1d36bc0de18cca29d776f10ad07e489d55fc6,,,,,,
green,75,green-2020-04,2020-04,2021-03,measured,enabled,736,16159125,311.323693,21674184,889195,21674184,889195,1,1,True,1a0565a174265b95e9293e14ca270e21b8ec8ccea16510c2e4d0f86f0ad0ae74,b4fbacbeaea5f105590ff13cf61d6ea244e2fb1335d40951747c5a236eb6040c,prior-enabled-data-shape,75,22724908,932300,1.4063204427035985,0.05769495196783863
green,75,green-2020-04,2020-04,2021-03,measured,fixed-1024,1024,16159125,312.528479,21674184,889195,21674184,889195,1,1,True,1a0565a174265b95e9293e14ca270e21b8ec8ccea16510c2e4d0f86f0ad0ae74,479d3c2721d97a4251ff76ab231acf73eed6a9d4f41e0a3bce3763acc27545d8,,,,,,
green,76,green-2020-05,2020-05,2021-04,measured,fixed-128,128,16980516,315.848191,22924512,940492,22924512,940492,1,1,True,1dcd7b18e58b31138288e1ba16583530a4af40ed501779c324bec2bd80ace8df,28f9f32e1edb2e32a98dd3188a3ff17859fdd223743b4edc6f1dc87cd520e8a3,,,,,,
green,76,green-2020-05,2020-05,2021-04,measured,enabled,752,16980516,311.824005,22924512,940492,22924512,940492,1,1,True,1dcd7b18e58b31138288e1ba16583530a4af40ed501779c324bec2bd80ace8df,592301ecb7f3ef5488516ef558ec75cd971d324caab3768527dc56b6cdd443cb,prior-enabled-data-shape,76,23302914,956017,1.3723325126919343,0.0563008083231032
green,76,green-2020-05,2020-05,2021-04,measured,fixed-1024,1024,16980516,317.3483,22924512,940492,22924512,940492,1,1,True,1dcd7b18e58b31138288e1ba16583530a4af40ed501779c324bec2bd80ace8df,f25bb564ae46cb43ca783b1c36d7822df0bf6a9a919da69f1aa10e5eea033727,,,,,,
green,77,green-2020-06,2020-06,2021-05,measured,fixed-1024,1024,17557938,309.079644,23675880,971311,23675880,971311,1,1,True,90a0e83a8b0e9c2492101bda27a413000893cd195313152f5681349e411e33e0,c9adae5ebd3fb468d9e88960afcc73d8a5343ed0c64295d9a0c8da5be4ca2482,,,,,,
green,77,green-2020-06,2020-06,2021-05,measured,enabled,752,17557938,316.647403,23675880,971311,23675880,971311,1,1,True,90a0e83a8b0e9c2492101bda27a413000893cd195313152f5681349e411e33e0,c46e0bc749184f0d521e8adf74155dce59dd337204b3fe1235c3293f401db871,prior-enabled-data-shape,77,23704059,972473,1.3500480197421563,0.055386538312498866
green,77,green-2020-06,2020-06,2021-05,measured,fixed-128,128,17557938,308.617106,23675880,971311,23675880,971311,1,1,True,90a0e83a8b0e9c2492101bda27a413000893cd195313152f5681349e411e33e0,0e64531623cda1d565d68f3b33bb52d252c148bb2551f8575f744e734a314110,,,,,,
green,78,green-2020-07,2020-07,2021-06,measured,enabled,752,18029456,308.306264,24251760,994938,24251760,994938,1,1,True,d799dc18f40c05fb4b40d182129849450f2ca7dbcca8df93d95e4e9b5f45d647,c31da4169245216fea2d62c96914bc786c473c3e583bc813d2dd6040bcd2f5be,prior-enabled-data-shape,78,24340631,998589,1.3500480197421563,0.055386538312498866
green,78,green-2020-07,2020-07,2021-06,measured,fixed-128,128,18029456,303.821904,24251760,994938,24251760,994938,1,1,True,d799dc18f40c05fb4b40d182129849450f2ca7dbcca8df93d95e4e9b5f45d647,77d23702136a3efa9c06191c08560264135bf0efacadf6a1770a2225ecd5ae77,,,,,,
green,78,green-2020-07,2020-07,2021-06,measured,fixed-1024,1024,18029456,309.561824,24251760,994938,24251760,994938,1,1,True,d799dc18f40c05fb4b40d182129849450f2ca7dbcca8df93d95e4e9b5f45d647,e8ebecb4c7d0f19e65cbd5ea0a2f7c75424112bd28220e8f1ffc70ae06de42a7,,,,,,
green,79,green-2020-08,2020-08,2021-07,measured,enabled,752,18339389,403.265292,24530376,1006371,24530376,1006371,1,1,True,282850d58822f1d71a6fb41fd84c3049d2b99254689733e414845079dadf27d8,9789db46dc5891e5d1eea61e5e2f613056900f9560eaaae28e1ec2d21657aa9e,prior-enabled-data-shape,79,24729622,1014541,1.348443080275144,0.0553203343126055
green,79,green-2020-08,2020-08,2021-07,measured,fixed-128,128,18339389,302.642219,24530376,1006371,24530376,1006371,1,1,True,282850d58822f1d71a6fb41fd84c3049d2b99254689733e414845079dadf27d8,a609158a1f8d5c86a18cc8adb91b5b31ca6a99ea9f1de6b7f362417e0ec03d87,,,,,,
green,79,green-2020-08,2020-08,2021-07,measured,fixed-1024,1024,18339389,318.953237,24530376,1006371,24530376,1006371,1,1,True,282850d58822f1d71a6fb41fd84c3049d2b99254689733e414845079dadf27d8,9c2de3dc2b176d90de915947eaa84f6272c1bf04b35843337fab1e06d36e0711,,,,,,
green,80,green-2020-09,2020-09,2021-08,measured,enabled,768,18450570,302.749247,24589800,1008807,24589800,1008807,1,1,True,f2936997793a31775a4b876bc17a069606502d6180b084e0705a835d7e5cb865,44e8bc735616467f4620a2e568f56c0d4983e3e5d655db0965d8d798096692fa,prior-enabled-data-shape,80,24818208,1018177,1.3451187878325337,0.055184027737719875
green,80,green-2020-09,2020-09,2021-08,measured,fixed-128,128,18450570,299.884092,24589800,1008807,24589800,1008807,1,1,True,f2936997793a31775a4b876bc17a069606502d6180b084e0705a835d7e5cb865,215bfeeb329fcdfcc5815ccb12af8253a66f9ad648da6a89789cc9fbe08979bc,,,,,,
green,80,green-2020-09,2020-09,2021-08,measured,fixed-1024,1024,18450570,315.222032,24589800,1008807,24589800,1008807,1,1,True,f2936997793a31775a4b876bc17a069606502d6180b084e0705a835d7e5cb865,ab5849a06add60c4a1d226d4426d65c8ac7fa014062f9ce3cbe50d897d5b09ef,,,,,,
green,81,green-2020-10,2020-10,2021-09,measured,fixed-1024,1024,18747055,370.719302,24778008,1016529,24778008,1016529,1,1,True,fa0a68eaba7d2492a7db5ad545ba806f5eb9ce423c69a1d5a7a672d18ced374c,f0f2f5581797e0449ebc2c58e4a8941dfd85e009a793cc64011fc61014876b63,,,,,,
green,81,green-2020-10,2020-10,2021-09,measured,fixed-128,128,18747055,302.160868,24778008,1016529,24778008,1016529,1,1,True,fa0a68eaba7d2492a7db5ad545ba806f5eb9ce423c69a1d5a7a672d18ced374c,7142658bf6d559a618e9238bf33f17c1317f3880c8aeea9f916684245f56f559,,,,,,
green,81,green-2020-10,2020-10,2021-09,measured,enabled,768,18747055,304.208382,24778008,1016529,24778008,1016529,1,1,True,fa0a68eaba7d2492a7db5ad545ba806f5eb9ce423c69a1d5a7a672d18ced374c,ca1f640aa248b85979f6d1ec95d1bda5b83824f3417400cc8be5d8a382480279,prior-enabled-data-shape,81,25145366,1031602,1.3412968833399086,0.05502742258630959
green,82,green-2020-11,2020-11,2021-10,measured,fixed-1024,1024,19183339,304.685942,25162464,1032300,25162464,1032300,1,1,True,c276b9f64ba2f425b9d9f4b9139477ae00733ad695e6e9bfad65203129311998,a2a5bd9ab363e7e5fcc7b5a4af0ebc8cdd5cc70109990728a1f20d50959b4293,,,,,,
green,82,green-2020-11,2020-11,2021-10,measured,enabled,768,19183339,325.737503,25162464,1032300,25162464,1032300,1,1,True,c276b9f64ba2f425b9d9f4b9139477ae00733ad695e6e9bfad65203129311998,866a73fee8547902f352e7e3c9ed626a6b4e0d54409543d47e95a7bb893ed677,prior-enabled-data-shape,82,25659226,1052683,1.3375786946882473,0.054874837978517166
green,82,green-2020-11,2020-11,2021-10,measured,fixed-128,128,19183339,318.36306,25162464,1032300,25162464,1032300,1,1,True,c276b9f64ba2f425b9d9f4b9139477ae00733ad695e6e9bfad65203129311998,559e3ffd4ba236ce68f4fbb81dfa7d7b4424681392a2655d077148f3c7e0195e,,,,,,
green,83,green-2020-12,2020-12,2021-11,measured,fixed-128,128,19696006,317.211204,25640736,1051924,25640736,1051924,1,1,True,97b88a111c4044284c9a105144ed6d725e043b8e537779cd597474d93f1494aa,344ba3546617f7b12b361e914ad075ebfba746f10b08e6a9c30a343bf9e56274,,,,,,
green,83,green-2020-12,2020-12,2021-11,measured,fixed-1024,1024,19696006,304.73287,25640736,1051924,25640736,1051924,1,1,True,97b88a111c4044284c9a105144ed6d725e043b8e537779cd597474d93f1494aa,b2b2b99e7f127c6b7e6f36d93a20a7de1476211f85f72dc0e98c6ff3234ab025,,,,,,
green,83,green-2020-12,2020-12,2021-11,measured,enabled,768,19696006,315.22774,25640736,1051924,25640736,1051924,1,1,True,97b88a111c4044284c9a105144ed6d725e043b8e537779cd597474d93f1494aa,7e7874e94bb900fa534a6e58da0b32427e2c59516d5dc43474f62051740b73f2,prior-enabled-data-shape,83,26249642,1076903,1.3327393137447787,0.05467619699553997
green,84,green-2021-01,2021-01,2021-12,measured,enabled,768,20245707,317.393452,26051016,1068755,26051016,1068755,1,1,True,69ec8a20686dd5c2335cf796492856c2843555750631e1d914416a9297990b61,606811269519cd27a338cc1d5bed49c7812f70ef57d36b9e62a7d36f46f09dce,prior-enabled-data-shape,84,26758778,1097791,1.3217013552261943,0.05422339668817316
green,84,green-2021-01,2021-01,2021-12,measured,fixed-128,128,20245707,319.91158,26051016,1068755,26051016,1068755,1,1,True,69ec8a20686dd5c2335cf796492856c2843555750631e1d914416a9297990b61,96649efcc73275c438038389e6d99a7e94fb1c794aab77b4ba907586bf01c709,,,,,,
green,84,green-2021-01,2021-01,2021-12,measured,fixed-1024,1024,20245707,307.360193,26051016,1068755,26051016,1068755,1,1,True,69ec8a20686dd5c2335cf796492856c2843555750631e1d914416a9297990b61,fd2ce9b0fc319c1c1eb0f24752a2595e1d6189fc93e21586dc671cf7f92f4cb6,,,,,,
green,85,green-2021-02,2021-02,2022-01,measured,enabled,784,20166479,304.284571,25709280,1054732,25709280,1054732,1,1,True,df7fd21576932c0ca563345b54cad03be85d06533995d5f50281ba63f884b1c3,87a25eb6b77953cc8be65816a8fb246ecf6f47dd6c12927f73a46f84a974cb7b,prior-enabled-data-shape,85,26452032,1085205,1.3116832267834082,0.05381232120226828
green,85,green-2021-02,2021-02,2022-01,measured,fixed-1024,1024,20166479,303.360312,25709280,1054732,25709280,1054732,1,1,True,df7fd21576932c0ca563345b54cad03be85d06533995d5f50281ba63f884b1c3,fe75ab7b1c51567850770ae03d6da8481e79b81161ab618721901d8c58931514,,,,,,
green,85,green-2021-02,2021-02,2022-01,measured,fixed-128,128,20166479,317.391302,25709280,1054732,25709280,1054732,1,1,True,df7fd21576932c0ca563345b54cad03be85d06533995d5f50281ba63f884b1c3,c06b6a48f11e1e7b6d1e2709fd72023d30fa687674280ebf27c0713c235cf1aa,,,,,,
green,86,green-2021-03,2021-03,2022-02,measured,fixed-128,128,20449062,311.77481,25826856,1059559,25826856,1059559,1,1,True,28cb1e0d62ed63efd296d5303b9a9f41226ee5ff6185cc55169751bca2edb328,003d979f82bd43b74ba804b90576e63d6c68d1b5b01867c699513c8949cf63a2,,,,,,
green,86,green-2021-03,2021-03,2022-02,measured,fixed-1024,1024,20449062,316.898187,25826856,1059559,25826856,1059559,1,1,True,28cb1e0d62ed63efd296d5303b9a9f41226ee5ff6185cc55169751bca2edb328,2abb59428a9b2fd78b6c8c8764a5f637e4131bbd9bff0c3b2100472793a2bbdc,,,,,,
green,86,green-2021-03,2021-03,2022-02,measured,enabled,784,20449062,318.83647,25826856,1059559,25826856,1059559,1,1,True,28cb1e0d62ed63efd296d5303b9a9f41226ee5ff6185cc55169751bca2edb328,e9fc21fb51a996a6a657a7f177dce2a0ef83859578fe93c4e4845efd0c5321bc,prior-enabled-data-shape,86,26621082,1092143,1.3018241363248975,0.0534079853550004
green,87,green-2021-04,2021-04,2022-03,measured,fixed-128,128,20590086,323.476729,25697976,1054269,25697976,1054269,1,1,True,c866a11e6dae85f4ea10e253829489bd76ad528420ae23d1adb2bdd7e52bbc4f,6cb1bbda21b223eb8caf034f858e5916c7f5d43966cc12fd6d9aefa0f15a2ca4,,,,,,
green,87,green-2021-04,2021-04,2022-03,measured,fixed-1024,1024,20590086,304.402594,25697976,1054269,25697976,1054269,1,1,True,c866a11e6dae85f4ea10e253829489bd76ad528420ae23d1adb2bdd7e52bbc4f,b163d43c3461cc74399ec16c031d8babc3752cd4d958af3d00fcc333fcd658e2,,,,,,
green,87,green-2021-04,2021-04,2022-03,measured,enabled,800,20590086,310.982979,25697976,1054269,25697976,1054269,1,1,True,c866a11e6dae85f4ea10e253829489bd76ad528420ae23d1adb2bdd7e52bbc4f,28e676c32421b053099069d3e45a485296f63c043e4f7cbe001bb9c91774c855,prior-enabled-data-shape,87,26494143,1086934,1.286742715381587,0.052789216005151116
green,88,green-2021-05,2021-05,2022-04,measured,fixed-128,128,20625485,314.40073,25434624,1043464,25434624,1043464,1,1,True,7e5d86661e921a04e5662bc82e2c8f3d1def903fbdb169ae3542d4fb60b7b71c,0276e23006198e6ec9c4663deb4f482a40d9e98dda1e53039260235810931e61,,,,,,
green,88,green-2021-05,2021-05,2022-04,measured,fixed-1024,1024,20625485,306.202534,25434624,1043464,25434624,1043464,1,1,True,7e5d86661e921a04e5662bc82e2c8f3d1def903fbdb169ae3542d4fb60b7b71c,e8150326f8499ebf65366619419473427d6e6559eaa73c07c2bc1eb83d2d5d08,,,,,,
green,88,green-2021-05,2021-05,2022-04,measured,enabled,800,20625485,312.959483,25434624,1043464,25434624,1043464,1,1,True,7e5d86661e921a04e5662bc82e2c8f3d1def903fbdb169ae3542d4fb60b7b71c,10ca5bdfada19d132dd8922303a07667750b29c518405d9c50e747cccc9d7ce2,prior-enabled-data-shape,88,26294445,1078739,1.2748521940790953,0.05230124703474513
green,89,green-2021-06,2021-06,2022-05,measured,fixed-128,128,20555113,303.154513,25159272,1032175,25159272,1032175,1,1,True,6ba137d73bd54189280c539168d3e6bc98caeeed85f1053225d146ec29fc9e17,f85fd4b36b7a379dbdeca6240a9fc454133b5a593ace9fdb1810cc692c287769,,,,,,
green,89,green-2021-06,2021-06,2022-05,measured,fixed-1024,1024,20555113,301.099608,25159272,1032175,25159272,1032175,1,1,True,6ba137d73bd54189280c539168d3e6bc98caeeed85f1053225d146ec29fc9e17,a625bd225f0829872a089bb0a51a65b6830da4d4194904516acfb0e353fa085e,,,,,,
green,89,green-2021-06,2021-06,2022-05,measured,enabled,816,20555113,302.021311,25159272,1032175,25159272,1032175,1,1,True,6ba137d73bd54189280c539168d3e6bc98caeeed85f1053225d146ec29fc9e17,97ccb9c11df42fb5a049f5b5254a8ebc6147e8fd742be46608ec3ceaf22f31b0,prior-enabled-data-shape,89,25960797,1065054,1.2629848743184406,0.051814552667501325
green,90,green-2021-07,2021-07,2022-06,measured,enabled,816,20408079,314.15284,24842016,1019156,24842016,1019156,1,1,True,0c64cc9cf98f49da0d68c57183f305ab37770e2f3ab76059c65d503dea4b75a5,ba5acabe0c7ee06704c2ea9f52c0977ab7d8b118d2d8c9ad6a88cc969fba1561,prior-enabled-data-shape,90,25470818,1044950,1.2480752144502942,0.05120274874034038
green,90,green-2021-07,2021-07,2022-06,measured,fixed-128,128,20408079,303.278585,24842016,1019156,24842016,1019156,1,1,True,0c64cc9cf98f49da0d68c57183f305ab37770e2f3ab76059c65d503dea4b75a5,a5891bf08e615ce0ed7afcb48c3e6207c8c75fac36defdc7419130932a869ad7,,,,,,
green,90,green-2021-07,2021-07,2022-06,measured,fixed-1024,1024,20408079,303.589046,24842016,1019156,24842016,1019156,1,1,True,0c64cc9cf98f49da0d68c57183f305ab37770e2f3ab76059c65d503dea4b75a5,db5d51d793e329be5f68c6963cdb8057b8608d6ece9787214a84eb47102d84db,,,,,,
green,91,green-2021-08,2021-08,2022-07,measured,enabled,832,20102302,301.409721,24366744,999657,24366744,999657,1,1,True,f7b6cba9d608b9c263a51be3957a83c0faf83cebc66ef545f32f227b8b4c94dc,4f6199bcd5cab66a8daa141731c4e640dbd20797e1029543be58880e5abdf065,prior-enabled-data-shape,91,24789453,1016996,1.2331648928497925,0.05059100428426289
green,91,green-2021-08,2021-08,2022-07,measured,fixed-128,128,20102302,303.341662,24366744,999657,24366744,999657,1,1,True,f7b6cba9d608b9c263a51be3957a83c0faf83cebc66ef545f32f227b8b4c94dc,5b42f39c223eb3904f1841c866f66855f23e44e4356849128d8b426d6e5ab314,,,,,,
green,91,green-2021-08,2021-08,2022-07,measured,fixed-1024,1024,20102302,303.87887,24366744,999657,24366744,999657,1,1,True,f7b6cba9d608b9c263a51be3957a83c0faf83cebc66ef545f32f227b8b4c94dc,e67ab412dc14b555ad28ea6a370f4ee0c7b530c2ef65cccd3df37a02b5787a50,,,,,,
green,92,green-2021-09,2021-09,2022-08,measured,enabled,832,19834676,319.087526,23938536,982087,23938536,982087,1,1,True,c77040fc7fce36d30a73de563a8f3a994c0a0c96a2efebc47788d95c1e4c33cf,bda95da72fa583dcd5db5a10b7c261c790bb41bf618ea22420b64e33fc871248,prior-enabled-data-shape,92,24277464,995998,1.223990935977827,0.05021500003429803
green,92,green-2021-09,2021-09,2022-08,measured,fixed-1024,1024,19834676,316.937403,23938536,982087,23938536,982087,1,1,True,c77040fc7fce36d30a73de563a8f3a994c0a0c96a2efebc47788d95c1e4c33cf,758140cf8ddcfb877c312edbe432e098010546c0b94b61513c56e557329fdc6a,,,,,,
green,92,green-2021-09,2021-09,2022-08,measured,fixed-128,128,19834676,315.573818,23938536,982087,23938536,982087,1,1,True,c77040fc7fce36d30a73de563a8f3a994c0a0c96a2efebc47788d95c1e4c33cf,b06f724501f8bf67f7869e5dd0b629e547e201b11201c9675ee9dd63a35795cb,,,,,,
green,93,green-2021-10,2021-10,2022-09,measured,fixed-1024,1024,19396626,311.77086,23288280,955409,23288280,955409,1,1,True,42db1a2364659e35c0f71749cabdba62e7d01c37b5b9e2e307232ad9a9e7b6f5,3c45d5a8332d09520a8d589663e6774614eb01096c953d6f57792c7cd6eb297f,,,,,,
green,93,green-2021-10,2021-10,2022-09,measured,enabled,848,19396626,307.254399,23288280,955409,23288280,955409,1,1,True,42db1a2364659e35c0f71749cabdba62e7d01c37b5b9e2e307232ad9a9e7b6f5,f4cc694928639601c4da3e43f6135cdc7f6be48e5ae859e476c8ad6a049b2c35,prior-enabled-data-shape,93,23610811,968645,1.217263810082272,0.049938850197512465
green,93,green-2021-10,2021-10,2022-09,measured,fixed-128,128,19396626,320.781282,23288280,955409,23288280,955409,1,1,True,42db1a2364659e35c0f71749cabdba62e7d01c37b5b9e2e307232ad9a9e7b6f5,0f281901dac8f50190e00355bf7c61b267cab02830e45b4c8a8adad5dcbd259b,,,,,,
green,94,green-2021-11,2021-11,2022-10,measured,fixed-1024,1024,18673875,301.763448,22274880,913840,22274880,913840,1,1,True,26ce85036ec3c743c943f13be8ba7f708b959d1ef89c0cac9e92880e513d7eee,a19f61534c5db6f26ba76d1d0178ee548a8fc515d477103b71384fc9f7f330ca,,,,,,
green,94,green-2021-11,2021-11,2022-10,measured,enabled,848,18673875,324.245761,22274880,913840,22274880,913840,1,1,True,26ce85036ec3c743c943f13be8ba7f708b959d1ef89c0cac9e92880e513d7eee,52c3a61694f768a22d32b9c3d6d342ef0af1aa5a3412fe02879ef925f4f307ad,prior-enabled-data-shape,94,22635295,928623,1.2121369980413188,0.04972848383234915
green,94,green-2021-11,2021-11,2022-10,measured,fixed-128,128,18673875,324.181835,22274880,913840,22274880,913840,1,1,True,26ce85036ec3c743c943f13be8ba7f708b959d1ef89c0cac9e92880e513d7eee,ebb5cfe11b3cce6c809aea6359c52edfb5283462b79f2292cb3d820f924e5f32,,,,,,
green,95,green-2021-12,2021-12,2022-11,measured,enabled,848,17815054,409.971089,21155808,867924,21155808,867924,1,1,True,46692e56c03fb6f6faa7bb9fbd5db4226c59bfe50b52700416578d2009cc24c0,90ad4b5fca18f390d3ad8121ef32a076d59b5da49b90653830525b2218097f2d,prior-enabled-data-shape,95,21501048,882088,1.2069033040922876,0.049513639648058785
green,95,green-2021-12,2021-12,2022-11,measured,fixed-1024,1024,17815054,311.18077,21155808,867924,21155808,867924,1,1,True,46692e56c03fb6f6faa7bb9fbd5db4226c59bfe50b52700416578d2009cc24c0,338e1460362b2cd90603282ab3c064817271576467cdc9cac4f8bf39f0c558df,,,,,,
green,95,green-2021-12,2021-12,2022-11,measured,fixed-128,128,17815054,311.162047,21155808,867924,21155808,867924,1,1,True,46692e56c03fb6f6faa7bb9fbd5db4226c59bfe50b52700416578d2009cc24c0,89f74fc5780e0a3887015b7265e72ecbeb5edc184505e3aa420dd6c192877f9c,,,,,,
green,96,green-2022-01,2022-01,2022-12,measured,fixed-128,128,17326176,308.570504,20484912,840402,20484912,840402,1,1,True,a0df69cbe84d63309a3127c8c283d1929e15e009e100c88506a4a71a8a997b89,44ef95858c09ef96924cd2ef1dd06cedd75a07ee132d67deb82e2b4331f6bb99,,,,,,
green,96,green-2022-01,2022-01,2022-12,measured,enabled,848,17326176,310.398706,20484912,840402,20484912,840402,1,1,True,a0df69cbe84d63309a3127c8c283d1929e15e009e100c88506a4a71a8a997b89,476a11c6eda6119f61036c45621acc90322aae9a9ee1b674997f3346394ece17,prior-enabled-data-shape,96,20802424,853426,1.200635615699349,0.04925645315839982
green,96,green-2022-01,2022-01,2022-12,measured,fixed-1024,1024,17326176,306.931473,20484912,840402,20484912,840402,1,1,True,a0df69cbe84d63309a3127c8c283d1929e15e009e100c88506a4a71a8a997b89,88e87114cafa65b9803592f1bfc1f6f9562d4844c027b2e588a0309961cf3b96,,,,,,
green,97,green-2022-02,2022-02,2023-01,measured,enabled,864,17498887,297.526436,20624208,846118,20624208,846118,1,1,True,88583dce9e335dd3cf9760864772af9414541588f483d714a0f3e06bd1c93e6d,dcadf204d0f36ca68a83ef44be70cbbdf62126c07e91bf0b3ec53b021964d68a,prior-enabled-data-shape,97,20873311,856340,1.1928365162559993,0.04893681680958023
green,97,green-2022-02,2022-02,2023-01,measured,fixed-1024,1024,17498887,312.172098,20624208,846118,20624208,846118,1,1,True,88583dce9e335dd3cf9760864772af9414541588f483d714a0f3e06bd1c93e6d,f30007fbca334bae2219c95d5255ee9628dbb291aa2b457d2068b395e77b7e5a,,,,,,
green,97,green-2022-02,2022-02,2023-01,measured,fixed-128,128,17498887,303.395576,20624208,846118,20624208,846118,1,1,True,88583dce9e335dd3cf9760864772af9414541588f483d714a0f3e06bd1c93e6d,df4534597855aa4d3cdf71b8f9c4c311a4682caad9295d8a50f3678f745bab0a,,,,,,
green,98,green-2022-03,2022-03,2023-02,measured,fixed-128,128,17604365,320.088028,20512320,841528,20512320,841528,1,1,True,4285c2bdbed4b953bf33b91a7c1c474f07265ed14944853ebad85fc8202f6678,8957faa4d206e685b06a07968dbedb56bea0b50977bc5f14a6ab85385b6ba1c8,,,,,,
green,98,green-2022-03,2022-03,2023-02,measured,enabled,864,17604365,316.879824,20512320,841528,20512320,841528,1,1,True,4285c2bdbed4b953bf33b91a7c1c474f07265ed14944853ebad85fc8202f6678,6d8970eb74ac95d943f3c34f5f4c28bda9667ee0856b9760dc8a5d99d87cd718,prior-enabled-data-shape,98,20905610,857660,1.1875242140719866,0.04871857250615126
green,98,green-2022-03,2022-03,2023-02,measured,fixed-1024,1024,17604365,313.647583,20512320,841528,20512320,841528,1,1,True,4285c2bdbed4b953bf33b91a7c1c474f07265ed14944853ebad85fc8202f6678,b35ac6198efa2495a715dbd2da8dda6673971753440cd3ac5da51756799df1c6,,,,,,
green,99,green-2022-04,2022-04,2023-03,measured,fixed-128,128,17719802,306.280211,20353992,835035,20353992,835035,1,1,True,daf03a671eb1e7eb2fb141204ec6c354e345e0a7e9dd71ed6b382053377629f3,15d1bd78d628cd78adbcd7d6db9cac04ae831bb2cbc37bd3ef42ef48aadbd1a6,,,,,,
green,99,green-2022-04,2022-04,2023-03,measured,enabled,864,17719802,308.792661,20353992,835035,20353992,835035,1,1,True,daf03a671eb1e7eb2fb141204ec6c354e345e0a7e9dd71ed6b382053377629f3,57df669e87e4cc0848a647a5be3efa71131a68d798e0b6a38abf6abcb7425202,prior-enabled-data-shape,99,20950300,859495,1.1823100492572625,0.04850475950377048
green,99,green-2022-04,2022-04,2023-03,measured,fixed-1024,1024,17719802,310.722308,20353992,835035,20353992,835035,1,1,True,daf03a671eb1e7eb2fb141204ec6c354e345e0a7e9dd71ed6b382053377629f3,bca2bda7868683fa4ed3349473b623e6fc68a3d03694bd3ae1f03a2d03fc7e5c,,,,,,
green,100,green-2022-05,2022-05,2023-04,measured,enabled,864,17719906,310.709976,20092104,824291,20092104,824291,1,1,True,9978d865b84557ff11f396938e553341c88f5a86dd26731cd1560e956a25d1ce,6f193b64389c9b4b8333cca69496cbde7601ea2d58d5c269dbfd1e87fe1dded8,prior-enabled-data-shape,100,20884701,856805,1.1786011304604687,0.04835267523014464
green,100,green-2022-05,2022-05,2023-04,measured,fixed-128,128,17719906,311.727768,20092104,824291,20092104,824291,1,1,True,9978d865b84557ff11f396938e553341c88f5a86dd26731cd1560e956a25d1ce,0f722f32ba8267e5b9cd9e0d9cd6ca4c3f27ec61d3b429902f4f8a5531e9f6e1,,,,,,
green,100,green-2022-05,2022-05,2023-04,measured,fixed-1024,1024,17719906,314.611899,20092104,824291,20092104,824291,1,1,True,9978d865b84557ff11f396938e553341c88f5a86dd26731cd1560e956a25d1ce,b14063fac41a62e15867b11096afe09bb81916cf7d9eb8653a65976136179203,,,,,,
green,101,green-2022-06,2022-06,2023-05,measured,fixed-128,128,17804111,315.780168,19904016,816574,19904016,816574,1,1,True,45887a96e3ba0736047a6c8b8c09f329770bb1e5bc2afcd2f6b857d072e5364d,b02f5770ea73ef3d4f6facad7e7f623a1041ad4b94da27c793a93a4fb2f55576,,,,,,
green,101,green-2022-06,2022-06,2023-05,measured,enabled,880,17804111,313.795911,19904016,816574,19904016,816574,1,1,True,45887a96e3ba0736047a6c8b8c09f329770bb1e5bc2afcd2f6b857d072e5364d,d091a3b6d8a116b513ea115651eaee6fc17f71d570584a2addd5cb94ccc6dd97,prior-enabled-data-shape,101,20745061,851076,1.1651837484623842,0.04780223541150164
green,101,green-2022-06,2022-06,2023-05,measured,fixed-1024,1024,17804111,315.074482,19904016,816574,19904016,816574,1,1,True,45887a96e3ba0736047a6c8b8c09f329770bb1e5bc2afcd2f6b857d072e5364d,cad81ff71aab25273532e131fc19fe1a6e41dc1fad838fb8db1a7fd3f6b69eed,,,,,,
green,102,green-2022-07,2022-07,2023-06,measured,enabled,896,17838137,317.153855,19704912,808406,19704912,808406,1,1,True,41c1f0f8af6cfb642410c9c418a72ea4baffb2ca5eeb1fc4c05e48b000548506,25820897eb41e8e1376352a7364284141eca00e9baf92d50e681656f2a673222,prior-enabled-data-shape,102,20489918,840611,1.1486579816185305,0.04712439789112768
green,102,green-2022-07,2022-07,2023-06,measured,fixed-128,128,17838137,305.837214,19704912,808406,19704912,808406,1,1,True,41c1f0f8af6cfb642410c9c418a72ea4baffb2ca5eeb1fc4c05e48b000548506,00de322e9005f6e6d10cd820ed06dd02926aa6f77576ab1124d470e46577c1f6,,,,,,
green,102,green-2022-07,2022-07,2023-06,measured,fixed-1024,1024,17838137,316.90537,19704912,808406,19704912,808406,1,1,True,41c1f0f8af6cfb642410c9c418a72ea4baffb2ca5eeb1fc4c05e48b000548506,62b3b570d0547606074bccbdd745e58e8f9bad8e39090ed98a4374e161f33432,,,,,,
green,103,green-2022-08,2022-08,2023-07,measured,enabled,896,17995784,318.747968,19635576,805557,19635576,805557,1,1,True,4f9f126f05580d14cf26346c2ddf12da5587ece074ba276063393481463b17f8,55dd99f56c3fef32dc4fa0fbe6e2bae0ed9761eb9f551b864f2f6ff1763c1331,prior-enabled-data-shape,103,20404914,837124,1.133871929117457,0.04651779755490802
green,103,green-2022-08,2022-08,2023-07,measured,fixed-1024,1024,17995784,307.06292,19635576,805557,19635576,805557,1,1,True,4f9f126f05580d14cf26346c2ddf12da5587ece074ba276063393481463b17f8,72810c267f8c73a8486af1012a61c8dd1ad4a8a89e689a0250e5fe08c9231b2c,,,,,,
green,103,green-2022-08,2022-08,2023-07,measured,fixed-128,128,17995784,312.955673,19635576,805557,19635576,805557,1,1,True,4f9f126f05580d14cf26346c2ddf12da5587ece074ba276063393481463b17f8,807c13b2cb322ebd63220d4ef95b0c1a78ff516ea8304d054beae3e90f2ab2e1,,,,,,
green,104,green-2022-09,2022-09,2023-08,measured,enabled,912,18127062,305.59839,19506936,800277,19506936,800277,1,1,True,e0116e8b9662715dbce2954f754d5908c4dd52894286bc2ee121bdcb9065693c,6774468f5622723ad1d38d132f7d9229dd567993fe3346acd0e9ffefa4710aeb,prior-enabled-data-shape,104,20265057,831386,1.1179449510284452,0.045864351216412885
green,104,green-2022-09,2022-09,2023-08,measured,fixed-1024,1024,18127062,315.976295,19506936,800277,19506936,800277,1,1,True,e0116e8b9662715dbce2954f754d5908c4dd52894286bc2ee121bdcb9065693c,bb38a22bf8862223cb189f2ade8c4d0748f0881cd6568c59836406247cc38514,,,,,,
green,104,green-2022-09,2022-09,2023-08,measured,fixed-128,128,18127062,313.162145,19506936,800277,19506936,800277,1,1,True,e0116e8b9662715dbce2954f754d5908c4dd52894286bc2ee121bdcb9065693c,3f66bf40f4cca2259cf2fe871cd01b10d180a2a2c1a8aaa3af09d7d7fb307056,,,,,,
green,105,green-2022-10,2022-10,2023-09,measured,enabled,928,18243450,319.323971,19420152,796717,19420152,796717,1,1,True,b4e0be2e9f5d1cc7a18ae2f2ec6cb148691387d485f620a4579e33f384b5a18d,aa959af273b9cfc66500335c223a5e04cb462c49a48d59d93c6fdea629b59a69,prior-enabled-data-shape,105,20152641,826774,1.1046507827583116,0.045318970248967146
green,105,green-2022-10,2022-10,2023-09,measured,fixed-1024,1024,18243450,312.456378,19420152,796717,19420152,796717,1,1,True,b4e0be2e9f5d1cc7a18ae2f2ec6cb148691387d485f620a4579e33f384b5a18d,c98937dbc0a6db55859be6d0c598617a64404e18baf73c25db8376bd83120c37,,,,,,
green,105,green-2022-10,2022-10,2023-09,measured,fixed-128,128,18243450,306.089626,19420152,796717,19420152,796717,1,1,True,b4e0be2e9f5d1cc7a18ae2f2ec6cb148691387d485f620a4579e33f384b5a18d,21028a970d47bfcaf0f3af8357e306b207c96a5614af46b0d6c33257b76be367,,,,,,
green,106,green-2022-11,2022-11,2023-10,measured,fixed-128,128,18385908,305.293944,19343328,793572,19343328,793572,1,1,True,9ff6da2274219041aab0541604d6e61c0edf98a958eeb17062cab855f1d2b74f,e7793253f8de66448e2be66fc28a36c3503b52b22a9574b794ba81c537ba5e7b,,,,,,
green,106,green-2022-11,2022-11,2023-10,measured,fixed-1024,1024,18385908,309.024463,19343328,793572,19343328,793572,1,1,True,9ff6da2274219041aab0541604d6e61c0edf98a958eeb17062cab855f1d2b74f,633d37cec57ed8988935997b0f4f4f015c5e4f6d0c6005261c92b622a633badb,,,,,,
green,106,green-2022-11,2022-11,2023-10,measured,enabled,944,18385908,310.187702,19343328,793572,19343328,793572,1,1,True,9ff6da2274219041aab0541604d6e61c0edf98a958eeb17062cab855f1d2b74f,eba3f2467c84996e03d6f09491cca9a0eb3f229c20ef3d17d7983e41aa6869e0,prior-enabled-data-shape,106,20061248,823020,1.0911208980947982,0.044763651308550936
green,107,green-2022-12,2022-12,2023-11,measured,enabled,944,18636289,303.308977,19385184,795284,19385184,795284,1,1,True,0c1ebc7874e0e4b6d9dc5f0b284661e83932a790ba384ccca0c0697a18f0c144,381e1c089879383c20260385e6449f99eefc6413dd4264da2c69a3d8a46aa3c3,prior-enabled-data-shape,107,20054927,822758,1.0761223192153258,0.04414819125129047
green,107,green-2022-12,2022-12,2023-11,measured,fixed-1024,1024,18636289,308.49429,19385184,795284,19385184,795284,1,1,True,0c1ebc7874e0e4b6d9dc5f0b284661e83932a790ba384ccca0c0697a18f0c144,aab9938beda07fb6fbf03a57f69a055de5d7576a61cd540992b2f802526430fc,,,,,,
green,107,green-2022-12,2022-12,2023-11,measured,fixed-128,128,18636289,307.594968,19385184,795284,19385184,795284,1,1,True,0c1ebc7874e0e4b6d9dc5f0b284661e83932a790ba384ccca0c0697a18f0c144,15a7b82627f3557cc629c9eb64230ed3c3f9e39824b688f7082da9ae36efe706,,,,,,
green,108,green-2023-01,2023-01,2023-12,measured,fixed-128,128,18639981,315.331538,19184736,787060,19184736,787060,1,1,True,26d7dfe629576dcba2281e6306c265b0c210005310f9b200b196715eccc6bb29,0c465acc0d927e95a257faf5e8f6dd59a15e9741c024f1abb0893130d14da15a,,,,,,
green,108,green-2023-01,2023-01,2023-12,measured,fixed-1024,1024,18639981,306.593379,19184736,787060,19184736,787060,1,1,True,26d7dfe629576dcba2281e6306c265b0c210005310f9b200b196715eccc6bb29,3fb0bf44ba4562a21373f20b0f695a2277dba65be1d141520d584744c5965a17,,,,,,
green,108,green-2023-01,2023-01,2023-12,measured,enabled,960,18639981,310.361765,19184736,787060,19184736,787060,1,1,True,26d7dfe629576dcba2281e6306c265b0c210005310f9b200b196715eccc6bb29,ede04e9299e56134499cc0dafd15502b96198a24a970e4125c218a958b19bd04,prior-enabled-data-shape,108,19842259,814034,1.0644999712225485,0.043671399872282926
green,109,green-2023-02,2023-02,2024-01,measured,fixed-128,128,18575263,292.718274,18900480,775400,18900480,775400,1,1,True,4efb293c217358c4cb24212e9d38fe943c6fe7667c5dea1664e4d760ec359608,04c7a174ac60e05ba759e28826cf212a7f3e2537e003678e8b7fb2fd9f65406e,,,,,,
green,109,green-2023-02,2023-02,2024-01,measured,fixed-1024,1024,18575263,387.433906,18900480,775400,18900480,775400,1,1,True,4efb293c217358c4cb24212e9d38fe943c6fe7667c5dea1664e4d760ec359608,8239682e5728840d83cedb48f9f1403084b72a64bb9af12c4e067c27b7273ef2,,,,,,
green,109,green-2023-02,2023-02,2024-01,measured,enabled,976,18575263,298.452707,18900480,775400,18900480,775400,1,1,True,4efb293c217358c4cb24212e9d38fe943c6fe7667c5dea1664e4d760ec359608,e1466fdd8237294b403e2c0d6a7109837d55b771ed24c12c9dfa9472e745afa0,prior-enabled-data-shape,109,19542543,801745,1.0520735772201188,0.04316196948227958
green,110,green-2023-03,2023-03,2024-02,measured,enabled,992,18325328,290.361556,18626688,764168,18626688,764168,1,1,True,4fd48da89fe9f79688e2198756723989bb6b33230c26fd13dbdd91adf147b621,e3429bc11987746cbbe751a78b091e905707e7a2fcf9c2d23c0a0204499616b9,prior-enabled-data-shape,110,19061727,782014,1.0401847706912035,0.04267394651370775
green,110,green-2023-03,2023-03,2024-02,measured,fixed-128,128,18325328,287.599128,18626688,764168,18626688,764168,1,1,True,4fd48da89fe9f79688e2198756723989bb6b33230c26fd13dbdd91adf147b621,bf99519291a83a52567b886fd5412903142b94be22a1f082ee91793439e93724,,,,,,
green,110,green-2023-03,2023-03,2024-02,measured,fixed-1024,1024,18325328,287.117273,18626688,764168,18626688,764168,1,1,True,4fd48da89fe9f79688e2198756723989bb6b33230c26fd13dbdd91adf147b621,cf269347d91e3483f783bca23807e318227441a2f7ed8881aa5eb7483d264c75,,,,,,
green,111,green-2023-04,2023-04,2024-03,measured,fixed-1024,1024,17966701,299.637598,18271224,749581,18271224,749581,1,1,True,56eeb4d5ac3ea888818a27d45e74cbe3dd0f8ff0b23bf8c44227d40503489455,1b4772152ed05c64fb0a155ef76e5868fea7c3c442439baed6eaeba3d76a5a06,,,,,,
green,111,green-2023-04,2023-04,2024-03,measured,fixed-128,128,17966701,292.32104,18271224,749581,18271224,749581,1,1,True,56eeb4d5ac3ea888818a27d45e74cbe3dd0f8ff0b23bf8c44227d40503489455,ca3e8c772ef48379b6f154e1514a2b4c5243f860cb40a13669088e5eba4e519b,,,,,,
green,111,green-2023-04,2023-04,2024-03,measured,enabled,992,17966701,289.998992,18271224,749581,18271224,749581,1,1,True,56eeb4d5ac3ea888818a27d45e74cbe3dd0f8ff0b23bf8c44227d40503489455,30fd401acb70c4a26b06e2dcbf9db8a16aa2a54c328ba17e423194440cec5f21,prior-enabled-data-shape,111,18491779,758631,1.0292250834375851,0.04222429196682121
green,112,green-2023-05,2023-05,2024-04,measured,enabled,1008,17742736,290.937629,18053664,740660,18053664,740660,1,1,True,7e84d06737f59123ed7e6d4809e64ed75940af280dbb726899bb30f3be0ca4af,e14d2287ea76c211a3a57fb308644bcb1148099a7faf55006400a380843813e0,prior-enabled-data-shape,112,18053377,740647,1.0175080697376937,0.04174368890497001
green,112,green-2023-05,2023-05,2024-04,measured,fixed-128,128,17742736,304.727757,18053664,740660,18053664,740660,1,1,True,7e84d06737f59123ed7e6d4809e64ed75940af280dbb726899bb30f3be0ca4af,4b5a1abc758b3464bfd2a1ee2d1b7b3826208a5e555ffa7c39163dce3d16a77c,,,,,,
green,112,green-2023-05,2023-05,2024-04,measured,fixed-1024,1024,17742736,297.139268,18053664,740660,18053664,740660,1,1,True,7e84d06737f59123ed7e6d4809e64ed75940af280dbb726899bb30f3be0ca4af,7f7b93d451e9e52fce0a4552feba3a9b8df2fa76f5e4775f7e9e6e91dc7e8802,,,,,,
green,113,green-2023-06,2023-06,2024-05,measured,fixed-128,128,17522807,298.64609,17854488,732489,17854488,732489,1,1,True,814223e29d100777e4622059bf8f5d4f92a3709d8b2133620e6c7e7848330415,72b1baa17f9968458b9289155c331cf8ff220b36f1ed20d4e6aeba63d7624a84,,,,,,
green,113,green-2023-06,2023-06,2024-05,measured,fixed-1024,1024,17522807,303.540527,17854488,732489,17854488,732489,1,1,True,814223e29d100777e4622059bf8f5d4f92a3709d8b2133620e6c7e7848330415,a4c727debb03a429fb6a59f67ab4832c486bf48dd6880769d17a9844ae805ad5,,,,,,
green,113,green-2023-06,2023-06,2024-05,measured,enabled,1008,17522807,289.358969,17854488,732489,17854488,732489,1,1,True,814223e29d100777e4622059bf8f5d4f92a3709d8b2133620e6c7e7848330415,70924bdc8097d388915adc8861fe3df7bfca8133e8ac6f6b80ac403a54d12f67,prior-enabled-data-shape,113,17829881,731479,1.0175242420334722,0.04174440740142896
green,114,green-2023-07,2023-07,2024-06,measured,fixed-128,128,17285317,290.404602,17591208,721687,17591208,721687,1,1,True,7bd4c29267b8e7ca47816ca4ae68bac10ff5c142dc68de23da42fd728fb61d0e,14ecc2fe3a17cdc966038ad4789b4ae670f1361aada388453b3b38709154f402,,,,,,
green,114,green-2023-07,2023-07,2024-06,measured,fixed-1024,1024,17285317,301.466076,17591208,721687,17591208,721687,1,1,True,7bd4c29267b8e7ca47816ca4ae68bac10ff5c142dc68de23da42fd728fb61d0e,2d81c6ae9ee21150b6c800ce1a827e887383bdd926d102058ff483bc10321579,,,,,,
green,114,green-2023-07,2023-07,2024-06,measured,enabled,1008,17285317,291.764814,17591208,721687,17591208,721687,1,1,True,7bd4c29267b8e7ca47816ca4ae68bac10ff5c142dc68de23da42fd728fb61d0e,f9860d214e137545317b99590456cdd35c0570b83ae919e287cf9d16b2d292a5,prior-enabled-data-shape,114,17588229,721565,1.0175242420334722,0.04174440740142896
green,115,green-2023-08,2023-08,2024-07,measured,fixed-128,128,17066290,296.002744,17359416,712181,17359416,712181,1,1,True,0ff2e74f5a13a0f4b01375123d1ea6e5b49b3de83f532f5cc7f5ee998bc7f326,78c6883ed9993e291a7b4566e55e19970e99ff45c3d22a4f67ba8b730d8f692e,,,,,,
green,115,green-2023-08,2023-08,2024-07,measured,enabled,1008,17066290,290.556904,17359416,712181,17359416,712181,1,1,True,0ff2e74f5a13a0f4b01375123d1ea6e5b49b3de83f532f5cc7f5ee998bc7f326,c33fda597ee04d44766c60b0c823510f2c32d81e20bfce89193263b25a6d69e7,prior-enabled-data-shape,115,17368305,712542,1.01769658028256,0.04175144719648474
green,115,green-2023-08,2023-08,2024-07,measured,fixed-1024,1024,17066290,301.758265,17359416,712181,17359416,712181,1,1,True,0ff2e74f5a13a0f4b01375123d1ea6e5b49b3de83f532f5cc7f5ee998bc7f326,7c43bb289432c8ac66a54ddf4ec7518739a627e3d26f029803abeaaddce47d64,,,,,,
green,116,green-2023-09,2023-09,2024-08,measured,fixed-128,128,16855431,304.190237,17143080,703303,17143080,703303,1,1,True,b7ea71b367f99b5bc27d486dd6b6fd3a9f3b5123c3fcaa3400f6c24f25581143,3c1cdd486be7913751d99437f5866c582927adfd1e25458167d11b83d442dc4a,,,,,,
green,116,green-2023-09,2023-09,2024-08,measured,fixed-1024,1024,16855431,301.575661,17143080,703303,17143080,703303,1,1,True,b7ea71b367f99b5bc27d486dd6b6fd3a9f3b5123c3fcaa3400f6c24f25581143,31fbe02b681ead81a74c4ac1328106f35668c410d1eff782ac7e16337063fda5,,,,,,
green,116,green-2023-09,2023-09,2024-08,measured,enabled,1008,16855431,302.272332,17143080,703303,17143080,703303,1,1,True,b7ea71b367f99b5bc27d486dd6b6fd3a9f3b5123c3fcaa3400f6c24f25581143,578b8bef68289c96edc23f23040721f983ca191b9d5fc91fb8435bef6a8a4cc1,prior-enabled-data-shape,116,17150810,703620,1.0175242420334722,0.04174440740142896
green,117,green-2023-10,2023-10,2024-09,measured,fixed-128,128,16620063,300.919266,16874304,692272,16874304,692272,1,1,True,2d14d622a0671139ec11f130f78b10bf8382ad0b97fc03e8be7d77ba217a208f,b594eb32fc3fd249eddf366eb5fdc8eb4154bbb731fad76fd950d6f8d85356f2,,,,,,
green,117,green-2023-10,2023-10,2024-09,measured,enabled,1008,16620063,292.775156,16874304,692272,16874304,692272,1,1,True,2d14d622a0671139ec11f130f78b10bf8382ad0b97fc03e8be7d77ba217a208f,111c8c04a630f7f6cb9eaf39a75237895faac43cedae0eb76c7b5e4bd0e9d912,prior-enabled-data-shape,117,16905525,693560,1.0171757306362426,0.04173027646899238
green,117,green-2023-10,2023-10,2024-09,measured,fixed-1024,1024,16620063,289.378354,16874304,692272,16874304,692272,1,1,True,2d14d622a0671139ec11f130f78b10bf8382ad0b97fc03e8be7d77ba217a208f,8de604173a906e46c44409904ebd1730614507babfefd5355c503a3cfac944d3,,,,,,
green,118,green-2023-11,2023-11,2024-10,measured,fixed-1024,1024,16386694,288.846435,16629744,682242,16629744,682242,1,1,True,9b50cec5edf13f32d47d4522204f0cb23fe54e3bf0998bf847cde555888ddd21,15afa0577cacb075de886af7c88a2a70112775bf760fa5711580a2e899a83591,,,,,,
green,118,green-2023-11,2023-11,2024-10,measured,enabled,1008,16386694,290.273609,16629744,682242,16629744,682242,1,1,True,9b50cec5edf13f32d47d4522204f0cb23fe54e3bf0998bf847cde555888ddd21,88375ff04d41d4e48e7c3fb870a4844bca51232f6fa21e20570e3c99edf91a79,prior-enabled-data-shape,118,16668147,683821,1.0171757306362426,0.04173027646899238
green,118,green-2023-11,2023-11,2024-10,measured,fixed-128,128,16386694,299.736666,16629744,682242,16629744,682242,1,1,True,9b50cec5edf13f32d47d4522204f0cb23fe54e3bf0998bf847cde555888ddd21,7980c701d49be01be753a23d8e2ca8f36e1ed55a838981596c3f21186f04496f,,,,,,
green,119,green-2023-12,2023-12,2024-11,measured,enabled,1008,16130677,289.682635,16342056,670439,16342056,670439,1,1,True,96a4b87b136e1f931ca2ddbb977fa5088f369f36bab756de42bc676a20e9c273,76bcec393cbf1f2de6401bcd7cbf28cc6d3ff6867e87d93d6abef0e2730527a7,prior-enabled-data-shape,119,16405958,673062,1.0170656567607201,0.04172560167699064
green,119,green-2023-12,2023-12,2024-11,measured,fixed-1024,1024,16130677,289.90858,16342056,670439,16342056,670439,1,1,True,96a4b87b136e1f931ca2ddbb977fa5088f369f36bab756de42bc676a20e9c273,3f290d95a251040dc29a2214f96748fdae2af90310e2d372a85ac0696326315c,,,,,,
green,119,green-2023-12,2023-12,2024-11,measured,fixed-128,128,16130677,296.956567,16342056,670439,16342056,670439,1,1,True,96a4b87b136e1f931ca2ddbb977fa5088f369f36bab756de42bc676a20e9c273,7c35a93f436ad20cb53f0c7fcea95a3b1e637b46f83461e40a1d76e06bc5f283,,,,,,
green,120,green-2024-01,2024-01,2024-12,measured,fixed-1024,1024,15920032,289.97263,16092912,660218,16092912,660218,1,1,True,e749bfb8dee30608a2329f22e5523c6e63ffdbc85bc9ad007d05c33911ce26bc,48bef971f985fd5d52836f9d76bd24450a6d830443bfba9fa4115b59220bfb0b,,,,,,
green,120,green-2024-01,2024-01,2024-12,measured,enabled,1008,15920032,296.852426,16092912,660218,16092912,660218,1,1,True,e749bfb8dee30608a2329f22e5523c6e63ffdbc85bc9ad007d05c33911ce26bc,6178754f6a2289ca907e8aa176182159e6e4634431a33b31c63ef44aba70b245,prior-enabled-data-shape,120,16163564,663114,1.015297234432866,0.04165279036547575
green,120,green-2024-01,2024-01,2024-12,measured,fixed-128,128,15920032,309.464301,16092912,660218,16092912,660218,1,1,True,e749bfb8dee30608a2329f22e5523c6e63ffdbc85bc9ad007d05c33911ce26bc,33a7d37584166bc7c738491f48532c6193b2c6d3ecc3f22bca308082de370bb9,,,,,,
green,121,green-2024-02,2024-02,2025-01,measured,fixed-128,128,15736199,305.60659,15892440,651993,15892440,651993,1,1,True,f3cba006ac431dacc17268bbe299a602e66f3f1bab92f1201657209d10f61901,7c984d6190765e9e7a2aae9d3e864709b9a091a38c76728813aa65e331254241,,,,,,
green,121,green-2024-02,2024-02,2025-01,measured,fixed-1024,1024,15736199,304.647117,15892440,651993,15892440,651993,1,1,True,f3cba006ac431dacc17268bbe299a602e66f3f1bab92f1201657209d10f61901,580670569ea08f7ca0db311c5ef71cf343055a327f4410e63161a85ea92f437e,,,,,,
green,121,green-2024-02,2024-02,2025-01,measured,enabled,1008,15736199,291.589626,15892440,651993,15892440,651993,1,1,True,f3cba006ac431dacc17268bbe299a602e66f3f1bab92f1201657209d10f61901,df1fe4b465a14e2d0297288cfad4f16b3fe1a67ab5a86e4602f1a7d596f6da3d,prior-enabled-data-shape,121,15969601,655159,1.0148321558942883,0.04163390126159676
green,122,green-2024-03,2024-03,2025-02,measured,fixed-128,128,15569868,302.159675,15722808,645037,15722808,645037,1,1,True,897396c739f7cead4eb739cb5c3f99557192377c4aa50e1df77083aa0496cc1f,4fa9ee54fac0b98f8dec449a6df2372b98c55c06d18f25a91465d61f1391027c,,,,,,
green,122,green-2024-03,2024-03,2025-02,measured,enabled,1008,15569868,291.815762,15722808,645037,15722808,645037,1,1,True,897396c739f7cead4eb739cb5c3f99557192377c4aa50e1df77083aa0496cc1f,ad0c3ebceb53013c1c6ab1be91fdf4b830de3cd0157d429e10b44c589e5bf74d,prior-enabled-data-shape,122,15773898,647130,1.013104161716213,0.04156297965671249
green,122,green-2024-03,2024-03,2025-02,measured,fixed-1024,1024,15569868,300.956947,15722808,645037,15722808,645037,1,1,True,897396c739f7cead4eb739cb5c3f99557192377c4aa50e1df77083aa0496cc1f,29e72905c94a59bd53c0b693041ec91fd7a952aa73e63fda415f2c65a0e94857,,,,,,
green,123,green-2024-04,2024-04,2025-03,measured,enabled,1008,15451006,302.486327,15578664,639119,15578664,639119,1,1,True,0aa88cd504aa2369b7a05631c9984efbf4e67fcc350da00e1204a6e7cad37b1f,52d1e3b9c625b2676315ebff5712503ce0056bea13833e3dea345f906a34e22b,prior-enabled-data-shape,123,15618793,640767,1.0108592746547242,0.041470896540911475
green,123,green-2024-04,2024-04,2025-03,measured,fixed-1024,1024,15451006,301.096093,15578664,639119,15578664,639119,1,1,True,0aa88cd504aa2369b7a05631c9984efbf4e67fcc350da00e1204a6e7cad37b1f,bb429e9114378b49a5211ebcdb393a2b67aaa80df2e9eb5c5496034ef886d20c,,,,,,
green,123,green-2024-04,2024-04,2025-03,measured,fixed-128,128,15451006,301.360681,15578664,639119,15578664,639119,1,1,True,0aa88cd504aa2369b7a05631c9984efbf4e67fcc350da00e1204a6e7cad37b1f,fdb7a324d727c795e7adb32c0bca60f805b5877e4f5ce3e2889cfeb086c1f35c,,,,,,
green,124,green-2024-05,2024-05,2025-04,measured,fixed-1024,1024,15373731,298.583736,15472800,634780,15472800,634780,1,1,True,32517bc83f3efba90d771d41b681d6c39e59596c05688bf18fdca4330b53ac48,729976845d052aca255dfe60be2319665afe020fc0e2046436096f17c94cf2b4,,,,,,
green,124,green-2024-05,2024-05,2025-04,measured,enabled,1008,15373731,291.536022,15472800,634780,15472800,634780,1,1,True,32517bc83f3efba90d771d41b681d6c39e59596c05688bf18fdca4330b53ac48,37d3adcde8f74f7ab5441779c417a52158bb89d208cd14ec548d04a206904ac2,prior-enabled-data-shape,124,15526373,636975,1.0099287636105772,0.04143268650834932
green,124,green-2024-05,2024-05,2025-04,measured,fixed-128,128,15373731,308.792754,15472800,634780,15472800,634780,1,1,True,32517bc83f3efba90d771d41b681d6c39e59596c05688bf18fdca4330b53ac48,a1eeffac6ef3634423fed1446adfec2dade9ba7f2363dc8dfdbca90bc828458f,,,,,,
green,125,green-2024-06,2024-06,2025-05,measured,fixed-128,128,15258617,400.767776,15336192,629176,15336192,629176,1,1,True,cb9f066c151edc94e5b82b30a50bc16f977c2bd8ba0096a5a7510397fa363c28,4ebe52eec409d48634309e9b7ae65a19987c5a5b9459291411c51e8185ab4a19,,,,,,
green,125,green-2024-06,2024-06,2025-05,measured,fixed-1024,1024,15258617,301.202323,15336192,629176,15336192,629176,1,1,True,cb9f066c151edc94e5b82b30a50bc16f977c2bd8ba0096a5a7510397fa363c28,a16f9e52f7e1d6adddef22c30507c451c69f3987cc983dd39969e122f0f0599a,,,,,,
green,125,green-2024-06,2024-06,2025-05,measured,enabled,1008,15258617,299.319552,15336192,629176,15336192,629176,1,1,True,cb9f066c151edc94e5b82b30a50bc16f977c2bd8ba0096a5a7510397fa363c28,66321e8cf687d7da19d3972450fdbe2c721e9cb12588b538e7aa3990960c7897,prior-enabled-data-shape,125,15408500,632142,1.0098228193071386,0.04142854647194183
green,126,green-2024-07,2024-07,2025-06,measured,fixed-1024,1024,15145357,300.737078,15205680,623818,15205680,623818,1,1,True,539b296fe78e6a15f6e1110c65d6d19eac8f55f7a8aecb28c6ee435cb8623e37,05f71121d74d04681bc26c61d7a54d147f587a58a76a193cff173d15900d5794,,,,,,
green,126,green-2024-07,2024-07,2025-06,measured,enabled,1008,15145357,298.199896,15205680,623818,15205680,623818,1,1,True,539b296fe78e6a15f6e1110c65d6d19eac8f55f7a8aecb28c6ee435cb8623e37,47f475ec68996676c282b4c77fbea4157de504d76bb480951642796e92280550,prior-enabled-data-shape,126,15270490,626476,1.008262115748321,0.041364232205980636
green,126,green-2024-07,2024-07,2025-06,measured,fixed-128,128,15145357,287.794618,15205680,623818,15205680,623818,1,1,True,539b296fe78e6a15f6e1110c65d6d19eac8f55f7a8aecb28c6ee435cb8623e37,7b134aa8fbf380195eddcb17eba18bef47be0e2fedafd82d934dee412f91f475,,,,,,
green,127,green-2024-08,2024-08,2025-07,measured,fixed-1024,1024,15082764,291.967178,15117168,620186,15117168,620186,1,1,True,00c26b0eff69eb8dad90ca5a901082dc43e9d56c2385c28b84c00365df751c39,a23f5cc8264bc25c1faedd4eb8a8069e88c164e978f08ffbff2b8539d8c05ffc,,,,,,
green,127,green-2024-08,2024-08,2025-07,measured,fixed-128,128,15082764,291.054853,15117168,620186,15117168,620186,1,1,True,00c26b0eff69eb8dad90ca5a901082dc43e9d56c2385c28b84c00365df751c39,835f26e5980b3c6c8e9e70b5e1042a63b77270add02710554b2bc2ddbade6582,,,,,,
green,127,green-2024-08,2024-08,2025-07,measured,enabled,1024,15082764,287.10381,15117168,620186,15117168,620186,1,1,True,00c26b0eff69eb8dad90ca5a901082dc43e9d56c2385c28b84c00365df751c39,f0347b82ae01b31ff91656ac42585805a3729f21e697f30136af744f6c7f1645,prior-enabled-data-shape,127,15179958,622766,1.006444044064515,0.04128991199338664
green,128,green-2024-09,2024-09,2025-08,measured,enabled,1024,14965392,301.074953,14983896,614721,14983896,614721,1,1,True,0b3bc5fec8747cea297a848c16ae1bca9ba3dea579a5910e950ad6e41eb5c646,9554ffec66c29a84343a5e82437a9c3cb9170043a6b76defd0072fb591076aa0,prior-enabled-data-shape,128,15041476,617085,1.0050840125287894,0.04123414330407533
green,128,green-2024-09,2024-09,2025-08,measured,fixed-1024,1024,14965392,307.485458,14983896,614721,14983896,614721,1,1,True,0b3bc5fec8747cea297a848c16ae1bca9ba3dea579a5910e950ad6e41eb5c646,c89866e0df1281bc0adf81d96a55402df7a86de96cf3ede798de34ae6d7a400d,,,,,,
green,128,green-2024-09,2024-09,2025-08,measured,fixed-128,128,14965392,298.130812,14983896,614721,14983896,614721,1,1,True,0b3bc5fec8747cea297a848c16ae1bca9ba3dea579a5910e950ad6e41eb5c646,641f66bf08d51e56a6b51e65465b4b296b9d88ca63f45f7020f8a2361f443bcf,,,,,,
green,129,green-2024-10,2024-10,2025-09,measured,fixed-128,128,14849037,303.766413,14848656,609174,14848656,609174,1,1,True,af964d99c5c8fd55e8de3913e2ea5cc220b770602dfa05e3553426fd65fc3d12,5d4e6e2a49d3a24c605b6de222240a524378cd47ec5b546d4a1a767f7fd855fd,,,,,,
green,129,green-2024-10,2024-10,2025-09,measured,enabled,1024,14849037,300.393383,14848656,609174,14848656,609174,1,1,True,af964d99c5c8fd55e8de3913e2ea5cc220b770602dfa05e3553426fd65fc3d12,4ed4a80c7bb07ea444bb6cf6ee5ae39ffb8b1ad89736d2789d949ef6cea9873a,prior-enabled-data-shape,129,14908180,611613,1.003982936816874,0.04118872866450094
green,129,green-2024-10,2024-10,2025-09,measured,fixed-1024,1024,14849037,299.094295,14848656,609174,14848656,609174,1,1,True,af964d99c5c8fd55e8de3913e2ea5cc220b770602dfa05e3553426fd65fc3d12,36997965ac2da2f2bc20e91a88e8ca6a0cab7b2d957354432bb4655f104bf3d2,,,,,,
green,130,green-2024-11,2024-11,2025-10,measured,fixed-128,128,14700991,298.560285,14684616,602443,14684616,602443,1,1,True,4d22d53a92651de48ac5ea77004759b2fd42670da766c55c0291aab6dee1f77a,58107a0e4bdf19cde1a94daf4232b1231c3fe633f456b8955bd116902df8b575,,,,,,
green,130,green-2024-11,2024-11,2025-10,measured,fixed-1024,1024,14700991,302.926812,14684616,602443,14684616,602443,1,1,True,4d22d53a92651de48ac5ea77004759b2fd42670da766c55c0291aab6dee1f77a,91ad5e78eff8c18f769c61edbba7b2de68aa25f1f7da42d6260b1e02b4cad4df,,,,,,
green,130,green-2024-11,2024-11,2025-10,measured,enabled,1024,14700991,288.11288,14684616,602443,14684616,602443,1,1,True,4d22d53a92651de48ac5ea77004759b2fd42670da766c55c0291aab6dee1f77a,1fadbb07072766615fc6cde3116530d03f28bf4116f77e67b23fe8571592d412,prior-enabled-data-shape,130,14734524,604488,1.0022810142756329,0.04111885593383282
green,131,green-2024-12,2024-12,2025-11,measured,enabled,1024,14601078,297.485221,14555256,597133,14555256,597133,1,1,True,8b2c263628ef46ea7c2a0c30376dba169e130f53cf62e61aadb5d14712f0d8ee,f9c3c9e29e23137b5d8c5089f8c3c24da993215dbef25e3cc7c48005cc428110,prior-enabled-data-shape,131,14619132,599756,1.0012364527437705,0.04107617094159645
green,131,green-2024-12,2024-12,2025-11,measured,fixed-128,128,14601078,325.952041,14555256,597133,14555256,597133,1,1,True,8b2c263628ef46ea7c2a0c30376dba169e130f53cf62e61aadb5d14712f0d8ee,362e3940ac074f39d27c268309d704a5722631f914aecd2f8a0e943a64386c1c,,,,,,
green,131,green-2024-12,2024-12,2025-11,measured,fixed-1024,1024,14601078,300.262958,14555256,597133,14555256,597133,1,1,True,8b2c263628ef46ea7c2a0c30376dba169e130f53cf62e61aadb5d14712f0d8ee,11f6a9ea301772232068e80c41f9915332dd3e72350be6a3880861f76041e7ce,,,,,,
green,132,green-2025-01,2025-01,2025-12,measured,fixed-1024,1024,14459917,297.305542,14414952,591375,14414952,591375,1,1,True,93802ae657b3ce7694a343b8768aae0ce4e43dd6263e1d028c22a935b0f5d811,4aa3da58555e4272af2e2e29c0f954d38c1ff5aad2fbb96941afc5b8d31c14f5,,,,,,
green,132,green-2025-01,2025-01,2025-12,measured,enabled,1024,14459917,299.500207,14414952,591375,14414952,591375,1,1,True,93802ae657b3ce7694a343b8768aae0ce4e43dd6263e1d028c22a935b0f5d811,2970e3c8b61b1669c9f97d40f85c7793500d994d6758ac1dbae87dcdf1011007,prior-enabled-data-shape,132,14459546,593211,0.9999743417704461,0.04102447855709431
green,132,green-2025-01,2025-01,2025-12,measured,fixed-128,128,14459917,298.697732,14414952,591375,14414952,591375,1,1,True,93802ae657b3ce7694a343b8768aae0ce4e43dd6263e1d028c22a935b0f5d811,a370ae15a8e8820cb1f134f087a2f315fee8251ea30dec2d4161455ecf63fc4a,,,,,,
green,133,green-2025-02,2025-02,2026-01,measured,fixed-128,128,14273122,299.151127,14218584,583321,14218584,583321,1,1,True,905683f9ad7124a690162a9a605a3b606ed977313b8075922d20b35ad2e328d8,a073c487a192a873c562005ac0bfc6b2a5aa708ffcb1aa581716c5089d079799,,,,,,
green,133,green-2025-02,2025-02,2026-01,measured,fixed-1024,1024,14273122,300.319905,14218584,583321,14218584,583321,1,1,True,905683f9ad7124a690162a9a605a3b606ed977313b8075922d20b35ad2e328d8,e945724b3d05718ba6f2351b0820b25c086124080755b070cf2306b971cfb0cb,,,,,,
green,133,green-2025-02,2025-02,2026-01,measured,enabled,1024,14273122,288.308896,14218584,583321,14218584,583321,1,1,True,905683f9ad7124a690162a9a605a3b606ed977313b8075922d20b35ad2e328d8,7b7b313521b1c98ecc5a74ec33de5e1bd8780a7d080c61bf81af604f93d53db7,prior-enabled-data-shape,133,14257224,584909,0.9988861295133097,0.04097975435805654
green,134,green-2025-03,2025-03,2026-02,measured,fixed-128,128,14076401,287.387383,13993176,574073,13993176,574073,1,1,True,99b89810ab69220ebe93f493070297b44d0b54050a494053d78aaca8866ef7c1,bf525dc91611b6e8daeb9fdab0a86da441cd05d1c12662c6d6af58c99578f026,,,,,,
green,134,green-2025-03,2025-03,2026-02,measured,fixed-1024,1024,14076401,287.500962,13993176,574073,13993176,574073,1,1,True,99b89810ab69220ebe93f493070297b44d0b54050a494053d78aaca8866ef7c1,cbe0ebad34821f1808239520f6659a7792e178a9532de616ea9e26a8f95819fd,,,,,,
green,134,green-2025-03,2025-03,2026-02,measured,enabled,1024,14076401,297.732292,13993176,574073,13993176,574073,1,1,True,99b89810ab69220ebe93f493070297b44d0b54050a494053d78aaca8866ef7c1,68b70be27270ac7d336c18f87ff89ef75d10846205c5f57c8a3287c81d58b6d6,prior-enabled-data-shape,134,14032629,575690,0.9968903694260486,0.040897537655299125
green,135,green-2025-04,2025-04,2026-03,measured,enabled,1024,13905421,295.262832,13814352,566742,13814352,566742,1,1,True,b46ea052398d8510fe781b1025cd269e93f718c677148ca736810e482c32b967,5338e7c6ab99e59b1edcc60987b73f796a8af14191932df5a5db4eb8761a18d1,prior-enabled-data-shape,135,13861782,568683,0.9968617385647827,0.040896500929588894
green,135,green-2025-04,2025-04,2026-03,measured,fixed-128,128,13905421,299.586,13814352,566742,13814352,566742,1,1,True,b46ea052398d8510fe781b1025cd269e93f718c677148ca736810e482c32b967,39a5851679554dc40e04563c6a193db4cca6a2be2623973dba0ae73a4f3c7d0f,,,,,,
green,135,green-2025-04,2025-04,2026-03,measured,fixed-1024,1024,13905421,288.581281,13814352,566742,13814352,566742,1,1,True,b46ea052398d8510fe781b1025cd269e93f718c677148ca736810e482c32b967,902f6185998709fc646c450b87d08fe243e6edba39b2de10aaabc1a1a41825c0,,,,,,
green,136,green-2025-05,2025-05,2026-04,measured,enabled,1024,13712090,288.056577,13622016,558848,13622016,558848,1,1,True,6d6087c9049aa5b00ff2f8dd2e1ea2b968e6214aef161341e7cdcab60cd56ad6,f396405a194e91f48c09cef6ed247148e772a45415f758910cbc45b258be43d8,prior-enabled-data-shape,136,13659696,560392,0.9961789719165856,0.040868493942670704
green,136,green-2025-05,2025-05,2026-04,measured,fixed-1024,1024,13712090,303.604319,13622016,558848,13622016,558848,1,1,True,6d6087c9049aa5b00ff2f8dd2e1ea2b968e6214aef161341e7cdcab60cd56ad6,a6353fc404d4d101187c313941e087fbfdde8d91e9280c4d9b3a7903f3329f95,,,,,,
green,136,green-2025-05,2025-05,2026-04,measured,fixed-128,128,13712090,296.720425,13622016,558848,13622016,558848,1,1,True,6d6087c9049aa5b00ff2f8dd2e1ea2b968e6214aef161341e7cdcab60cd56ad6,3ba9bb38ee1c36670b331a48dcd0e4769a84f17111977f7fd9bf348d3179467b,,,,,,
green,137,green-2025-06,2025-06,2026-05,measured,fixed-128,128,13476239,287.354648,13366704,548370,13366704,548370,1,1,True,10f2d3e1e93ccb7e571d988f49590cf389f47f5af3d3be0fcc8ff226050adc18,49481e927c151034df74afa2f5a9bdd6c3480014ed559e1a75c010170454063c,,,,,,
green,137,green-2025-06,2025-06,2026-05,measured,enabled,1024,13476239,294.14443,13366704,548370,13366704,548370,1,1,True,10f2d3e1e93ccb7e571d988f49590cf389f47f5af3d3be0fcc8ff226050adc18,205848c0673007dc2d450de358841f1e7433b296dd897d6793906aab68440bfd,prior-enabled-data-shape,137,13396562,549597,0.9940876222551489,0.04078265460041953
green,137,green-2025-06,2025-06,2026-05,measured,fixed-1024,1024,13476239,284.909434,13366704,548370,13366704,548370,1,1,True,10f2d3e1e93ccb7e571d988f49590cf389f47f5af3d3be0fcc8ff226050adc18,9cc8b493f544118b28cab92cce4cd133042c882545eac9621382810b52ce68f0,,,,,,
for-hire,0,for-hire-2015-01,2015-01,2015-12,warmup,enabled,128,238452639,2377.951807,1799081038,63388532,1799081038,63388532,3,3,True,13328516e9a61aaca39c54c2f7dc1767100975c26f51371224fa969f5a481878,ea0e22488ea6586d7e0744283054eadc529b8639c5b5d93aa25341d45b2fba93,cold-start-fallback,0,,,,
for-hire,0,for-hire-2015-01,2015-01,2015-12,warmup,fixed-128,128,238452639,626.01036,1799081038,63388532,1799081038,63388532,3,3,True,13328516e9a61aaca39c54c2f7dc1767100975c26f51371224fa969f5a481878,292183656c9bb2fdb5af0ba90a7d2b3e2f8107165b93588a7f7fc732b7f7bde5,,,,,,
for-hire,0,for-hire-2015-01,2015-01,2015-12,warmup,fixed-1024,1024,238452639,568.482328,1799080838,63388532,1068270420,37636884,2,1,True,13328516e9a61aaca39c54c2f7dc1767100975c26f51371224fa969f5a481878,00d5e825961b1b71eade489272f4289c9ab829b04ee48a76a48681512e6f1bf0,,,,,,
for-hire,0,for-hire-2015-01,2015-01,2015-12,measured,enabled,128,238452639,609.975265,1799081038,63388532,1799081038,63388532,3,3,True,13328516e9a61aaca39c54c2f7dc1767100975c26f51371224fa969f5a481878,2d9ea8c8507e43961a962e847445c88df49ffdaad76759033b7cc82c28d05293,cold-start-fallback,0,,,,
for-hire,0,for-hire-2015-01,2015-01,2015-12,measured,fixed-128,128,238452639,589.207925,1799081038,63388532,1799081038,63388532,3,3,True,13328516e9a61aaca39c54c2f7dc1767100975c26f51371224fa969f5a481878,880851fdea645f72609a0642250968880f45db1b6f41c273082157eaa50ff83f,,,,,,
for-hire,0,for-hire-2015-01,2015-01,2015-12,measured,fixed-1024,1024,238452639,539.512492,1799080838,63388532,1068270420,37636884,2,1,True,13328516e9a61aaca39c54c2f7dc1767100975c26f51371224fa969f5a481878,f78e9a53c99e5365bfa0cfa005f7b696278d77f1635beaf6b5e312b36beb3d33,,,,,,
for-hire,1,for-hire-2015-02,2015-02,2016-01,measured,enabled,128,260729141,615.223178,1963374271,69178549,1963374271,69178549,3,3,True,662b9fcf2b55eba4368aa237955e122a81dcff3f461a9481619f7642b9b1505c,af9749d538325897a40f39e255be453560d61a5805eda813dbe1886664d0ec84,prior-enabled-data-shape,1,1967153124,69310357,7.544814960089412,0.26583279709477237
for-hire,1,for-hire-2015-02,2015-02,2016-01,measured,fixed-128,128,260729141,613.06355,1963374271,69178549,1963374271,69178549,3,3,True,662b9fcf2b55eba4368aa237955e122a81dcff3f461a9481619f7642b9b1505c,bb85406d564fa3e2a3514418200015417f4b7a63be55ecf77d4664d27bf6e7ca,,,,,,
for-hire,1,for-hire-2015-02,2015-02,2016-01,measured,fixed-1024,1024,260729141,540.60177,1963374263,69178549,989802469,34875088,2,1,True,662b9fcf2b55eba4368aa237955e122a81dcff3f461a9481619f7642b9b1505c,0ec666d63255ac892f67c67cb2b03aa442b2f7f886ac618e2bdd06cb673e8773,,,,,,
for-hire,2,for-hire-2015-03,2015-03,2016-02,measured,enabled,128,284977985,609.847432,2144259377,75553191,2144259377,75553191,3,3,True,05b0267896cb13473375c8907f1928053611143e42b2eb61cc867f5e3a8606ea,f19228b225b3757c16703080debf6aab9e15d28f6778b6be0d0c06018f454a01,prior-enabled-data-shape,2,2145975864,75612428,7.53032155696014,0.2653272615967388
for-hire,2,for-hire-2015-03,2015-03,2016-02,measured,fixed-1024,1024,284977985,713.185933,2144259377,75553191,1047119140,36894909,3,1,True,05b0267896cb13473375c8907f1928053611143e42b2eb61cc867f5e3a8606ea,341149b10d6941d81216e07db5c3700f102fa04aaf50b95efaf4f3e800f1bb13,,,,,,
for-hire,2,for-hire-2015-03,2015-03,2016-02,measured,fixed-128,128,284977985,598.365966,2144259377,75553191,2144259377,75553191,3,3,True,05b0267896cb13473375c8907f1928053611143e42b2eb61cc867f5e3a8606ea,21450b902cdb2f97e0e6d92155351ef542930ca474a542c9b2cb26a19b218426,,,,,,
for-hire,3,for-hire-2015-04,2015-04,2016-03,measured,enabled,128,314395953,633.144951,2324974241,81921114,2324974241,81921114,3,3,True,aacac0e8429483806bf96f3c46f202ef0ac39889ed04ad56332f2c3be3c39a3d,477dc6a71f99b7cabaf797b3ed3f56873507e049c63bad87ae5e02bd9224a05b,prior-enabled-data-shape,3,2367502622,83417817,7.53032155696014,0.2653272615967388
for-hire,3,for-hire-2015-04,2015-04,2016-03,measured,fixed-1024,1024,314395953,671.322143,2324974433,81921114,1060764819,37373622,3,1,True,aacac0e8429483806bf96f3c46f202ef0ac39889ed04ad56332f2c3be3c39a3d,f5acd3d531bd49bac291b1f51c1e92edacf84024fb124dfc997429dff86e82aa,,,,,,
for-hire,3,for-hire-2015-04,2015-04,2016-03,measured,fixed-128,128,314395953,623.020971,2324974241,81921114,2324974241,81921114,3,3,True,aacac0e8429483806bf96f3c46f202ef0ac39889ed04ad56332f2c3be3c39a3d,4bcb63fb2b36ab74e055d62f24ca5aa386d08ff8f4a463a01a6fa889b332a9f7,,,,,,
for-hire,4,for-hire-2015-05,2015-05,2016-04,measured,fixed-1024,1024,344479480,754.53164,2502714618,88184764,1067664539,37622288,4,1,True,e6a104146b6e669e4fa41a465f759f3e882eb8dcc30560c0d1c5f7cf61490394,e1a952035660ccbdfa92f78e59f062f4c70e6be0483c02ee2e6f3233cff40227,,,,,,
for-hire,4,for-hire-2015-05,2015-05,2016-04,measured,fixed-128,128,344479480,661.094827,2502714618,88184764,2502714618,88184764,4,4,True,e6a104146b6e669e4fa41a465f759f3e882eb8dcc30560c0d1c5f7cf61490394,e9c0274892e01ec21cc16ec7135b8ac91e4fb82d4d3e2e709c21689c03036e73,,,,,,
for-hire,4,for-hire-2015-05,2015-05,2016-04,measured,enabled,144,344479480,627.492601,2502714418,88184764,2502714418,88184764,3,3,True,e6a104146b6e669e4fa41a465f759f3e882eb8dcc30560c0d1c5f7cf61490394,a28429700dcafd3cbd4c92cbcaa8f9ef38c51ce77279e52c65628ce216228b76,prior-enabled-data-shape,4,2591966377,91328191,7.524298331325488,0.2651193950999408
for-hire,5,for-hire-2015-06,2015-06,2016-05,measured,fixed-128,128,376247515,704.233013,2687365764,94692174,2687365764,94692174,4,4,True,b2e119f46829690c677606255e26ae0ef4177026a89da916092620204d62d2a4,cd5fc946cddb5825837d195b11f8ae3f2215f031f2fef35175faf70df3fcd0f6,,,,,,
for-hire,5,for-hire-2015-06,2015-06,2016-05,measured,fixed-1024,1024,376247515,793.678755,2687365756,94692174,1005047604,35412810,3,1,True,b2e119f46829690c677606255e26ae0ef4177026a89da916092620204d62d2a4,1f2c5312943ffff8ab727eb65a5945437013b0996dd4b7724fee6f4f71c5c0ce,,,,,,
for-hire,5,for-hire-2015-06,2015-06,2016-05,measured,enabled,144,376247515,681.938109,2687365956,94692174,2687365956,94692174,4,4,True,b2e119f46829690c677606255e26ae0ef4177026a89da916092620204d62d2a4,da33ea61c00b0ec9c0b5640678bb4f21a0aab26e07016794a3a39140ba9d181a,prior-enabled-data-shape,5,2782369723,98037571,7.395051427395441,0.26056669374494146
for-hire,6,for-hire-2015-07,2015-07,2016-06,measured,fixed-128,128,408252194,602.134207,2872625598,101220236,2872625598,101220236,4,4,True,04bd7e23631f78e039dc5f8a8eb2a4ff435ec07c6482041f7f4ab6c1203e5117,5bd8f69b36970335475ad4656cad76cc8abdfb26eeb158c688b8a3dcdaaf8bea,,,,,,
for-hire,6,for-hire-2015-07,2015-07,2016-06,measured,fixed-1024,1024,408252194,725.859566,2872625590,101220236,1034143389,36440832,3,1,True,04bd7e23631f78e039dc5f8a8eb2a4ff435ec07c6482041f7f4ab6c1203e5117,77567e06cf8b0669c3c8c9bed6d018dc70a54a3dbd9a6d41ee837ded9af7fba7,,,,,,
for-hire,6,for-hire-2015-07,2015-07,2016-06,measured,enabled,144,408252194,706.566746,2872625598,101220236,2872625598,101220236,4,4,True,04bd7e23631f78e039dc5f8a8eb2a4ff435ec07c6482041f7f4ab6c1203e5117,1d691408d89fc720a867159100922c3c9231f26f788a6ff2428d51f4b900b3fe,prior-enabled-data-shape,6,3019045970,106376924,7.395051427395441,0.26056669374494146
for-hire,7,for-hire-2015-08,2015-08,2016-07,measured,fixed-128,128,433922265,673.518708,3059698110,107812608,3059698110,107812608,4,4,True,40f747928aeb55685149229f0d6f77cc7cc9f8559a0bd5da682280b45f53ef5d,c876655e767fc8863f8fa21d54374a9ebe8503d4f14c9b1fd5cf9069398c0c54,,,,,,
for-hire,7,for-hire-2015-08,2015-08,2016-07,measured,enabled,144,433922265,680.753102,3059698302,107812608,3059698302,107812608,4,4,True,40f747928aeb55685149229f0d6f77cc7cc9f8559a0bd5da682280b45f53ef5d,d206d656ca772207df584fce194af73e8e348469cd2d4a03af261cc2f83e7a23,prior-enabled-data-shape,7,3152534685,111081602,7.265206095875435,0.2559942438371075
for-hire,7,for-hire-2015-08,2015-08,2016-07,measured,fixed-1024,1024,433922265,783.583215,3059698302,107812608,1067664539,37622288,4,1,True,40f747928aeb55685149229f0d6f77cc7cc9f8559a0bd5da682280b45f53ef5d,16d9fbb10bfecf61c142055238e3525477ed04c9abfd83c428447d22c0ad9149,,,,,,
for-hire,8,for-hire-2015-09,2015-09,2016-08,measured,fixed-1024,1024,457125193,896.632728,3228853939,113776183,1005047604,35412810,4,1,True,83fede46327ef6b54dc69ec56c422b713c673e52f3cfed82493abab21cadea26,d56c19b24fe9898d170ccfbeb9b835b8b3641aca90e20f1ca627cd792eaff2a0,,,,,,
for-hire,8,for-hire-2015-09,2015-09,2016-08,measured,enabled,144,457125193,780.080762,3228853939,113776183,3228853939,113776183,4,4,True,83fede46327ef6b54dc69ec56c422b713c673e52f3cfed82493abab21cadea26,f1fd05e26bcc458d8470c5d7140515c810c409141c0439dbae581c46f80b64e0,prior-enabled-data-shape,8,3265038658,115047081,7.142548053772528,0.2516752143864658
for-hire,8,for-hire-2015-09,2015-09,2016-08,measured,fixed-128,128,457125193,921.386419,3228854139,113776183,3228854139,113776183,5,5,True,83fede46327ef6b54dc69ec56c422b713c673e52f3cfed82493abab21cadea26,8894146b488191a0e0068c7456f0d1520d40cf18c5ea6fdaa9d84c6fa556ee64,,,,,,
for-hire,9,for-hire-2015-10,2015-10,2016-09,measured,fixed-128,128,480208293,928.760661,3375687277,118953003,3375687277,118953003,5,5,True,3190863388c44d2294f4fa353c5357349772e22d85f0a02153ae8c21d398299b,f3ca1001f223063584fe533f8d102eddd6f609aa436cc1121b253a99ee631abf,,,,,,
for-hire,9,for-hire-2015-10,2015-10,2016-09,measured,enabled,144,480208293,717.040807,3375687077,118953003,3375687077,118953003,4,4,True,3190863388c44d2294f4fa353c5357349772e22d85f0a02153ae8c21d398299b,9cea2082459a30627519af4f351800fbe1b848a47755c6c156150c962b3fed3e,prior-enabled-data-shape,9,3391898898,119521452,7.063390923195082,0.24889501769376338
for-hire,9,for-hire-2015-10,2015-10,2016-09,measured,fixed-1024,1024,480208293,892.449066,3375687269,118953003,1034143389,36440832,4,1,True,3190863388c44d2294f4fa353c5357349772e22d85f0a02153ae8c21d398299b,f1f9001d169c61ef7f575ade52b3106f5ea9186468cefe9cb3097ab2f96fe7f7,,,,,,
for-hire,10,for-hire-2015-11,2015-11,2016-10,measured,enabled,144,499575400,962.172784,3491163191,123025615,3491163191,123025615,5,5,True,63bdcea6fb00a3701ed9baf075480b4204b2430cb63f8a0523ea06ad8d72756d,9c7666484474e50d3fe4d67d069a2ddb25944c6992239c25893e805759ae3c9d,prior-enabled-data-shape,10,3528696346,124341828,7.063390923195082,0.24889501769376338
for-hire,10,for-hire-2015-11,2015-11,2016-10,measured,fixed-128,128,499575400,946.956522,3491163191,123025615,3491163191,123025615,5,5,True,63bdcea6fb00a3701ed9baf075480b4204b2430cb63f8a0523ea06ad8d72756d,87bbad64297d7d43c3ebad9db63db094fc289ecee897a204069fbe81872d1507,,,,,,
for-hire,10,for-hire-2015-11,2015-11,2016-10,measured,fixed-1024,1024,499575400,967.313064,3491163191,123025615,1067664539,37622288,5,1,True,63bdcea6fb00a3701ed9baf075480b4204b2430cb63f8a0523ea06ad8d72756d,1e79688aaf63f55b150f95d5940385613a77423f7c8f1e3303728078883fc436,,,,,,
for-hire,11,for-hire-2015-12,2015-12,2016-11,measured,fixed-1024,1024,518566517,919.317423,3607995255,127144132,1045788267,36854636,4,1,True,655111ee3ad1a62e36aa9b0fe9a53992af70b368486f235c47c27b2d1b15d1f1,2cbc28b8a1ec8e68e932d79a958c4bbe891e58a8bcda1780b7408ffbf9bd92ef,,,,,,
for-hire,11,for-hire-2015-12,2015-12,2016-11,measured,fixed-128,128,518566517,861.292531,3607995263,127144132,3607995263,127144132,5,5,True,655111ee3ad1a62e36aa9b0fe9a53992af70b368486f235c47c27b2d1b15d1f1,f9cfa5060563c6b8f2ce59f0c77b3b134102f47b3e10e7487e69cf50f1e12f0f,,,,,,
for-hire,11,for-hire-2015-12,2015-12,2016-11,measured,enabled,144,518566517,857.442506,3607995263,127144132,3607995263,127144132,5,5,True,655111ee3ad1a62e36aa9b0fe9a53992af70b368486f235c47c27b2d1b15d1f1,676a29a537de23d5bdb5c691e8093cf0f6a6869592cfe9afcdbfc942b83eb1a1,prior-enabled-data-shape,11,3656546851,128843374,7.051259059039065,0.24846064997379197
for-hire,12,for-hire-2016-01,2016-01,2016-12,measured,fixed-128,128,540155349,998.029017,3748983345,132114083,3748983345,132114083,6,6,True,3c47f407ed22870e495aa7d737e370975e5533e7e6ef8cb4c31c3d471e69e079,cf80ab49dd5b96237e93ab04662179c793a9ea43e186ff5e03c5669d03a8be85,,,,,,
for-hire,12,for-hire-2016-01,2016-01,2016-12,measured,fixed-1024,1024,540155349,902.298628,3748982945,132114083,1069580310,37690211,4,1,True,3c47f407ed22870e495aa7d737e370975e5533e7e6ef8cb4c31c3d471e69e079,e61c069431610fbfa97369f3c924c1d3be08530ecb4ea9d0c5644f9bc8842dec,,,,,,
for-hire,12,for-hire-2016-01,2016-01,2016-12,measured,enabled,144,540155349,970.905215,3748983145,132114083,3748983145,132114083,5,5,True,3c47f407ed22870e495aa7d737e370975e5533e7e6ef8cb4c31c3d471e69e079,52be1e5507aa1c5b3767cd8d51b980d947aa31a653ac640fe6025e21377c3471,prior-enabled-data-shape,12,3797092757,133802564,7.029630946002842,0.24771126349540157
for-hire,13,for-hire-2016-02,2016-02,2017-01,measured,fixed-128,128,563315035,952.787877,3895008539,137260819,3895008539,137260819,6,6,True,105e708cf0102b98ad220e0530abd4b6a78766e7bd8e19c8954668193a0cebaa,9774ac65958e05fc9feb0b7ecdac645be860b0a984c6a2c62f3d2340e79c1712,,,,,,
for-hire,13,for-hire-2016-02,2016-02,2017-01,measured,fixed-1024,1024,563315035,1103.984069,3895008531,137260819,1045788267,36854636,5,1,True,105e708cf0102b98ad220e0530abd4b6a78766e7bd8e19c8954668193a0cebaa,b6a9a080b557ee6ab02fb9e77e1ec3b07cde70d4d93eb9b81139edf99d0fb01e,,,,,,
for-hire,13,for-hire-2016-02,2016-02,2017-01,measured,enabled,144,563315035,954.52943,3895008531,137260819,3895008531,137260819,5,5,True,105e708cf0102b98ad220e0530abd4b6a78766e7bd8e19c8954668193a0cebaa,37cfa388e98aac15cc64ae6a221de4134304fe81d2e273058a22fd3332f3ba41,prior-enabled-data-shape,13,3936592385,138722160,6.988260813082469,0.2462603542928655
for-hire,14,for-hire-2016-03,2016-03,2017-02,measured,fixed-128,128,581799020,914.756153,4004446366,141117954,4004446366,141117954,6,6,True,d6c34a44f5973764f0e39c3ea7b8075ccd8c652d11ef3dc511fc9bc6a12f7f1e,8d98bfe8f33cb12741241c2707614712993fab522ed8c5443c6339d856f702e3,,,,,,
for-hire,14,for-hire-2016-03,2016-03,2017-02,measured,enabled,144,581799020,908.542413,4004446166,141117954,4004446166,141117954,5,5,True,d6c34a44f5973764f0e39c3ea7b8075ccd8c652d11ef3dc511fc9bc6a12f7f1e,2c3e0df42f42fcc2f174be39d9d2cb7b39199add9573d71f3e8fe8d39a5613c3,prior-enabled-data-shape,14,4047943782,142647720,6.9576325210368335,0.24518384398505236
for-hire,14,for-hire-2016-03,2016-03,2017-02,measured,fixed-1024,1024,581799020,1120.113847,4004446166,141117954,1005116772,35421614,5,1,True,d6c34a44f5973764f0e39c3ea7b8075ccd8c652d11ef3dc511fc9bc6a12f7f1e,1527adfbf2aa507f5f5939495ade8db335da3ec78a32518e8b517dba71eb932b,,,,,,
for-hire,15,for-hire-2016-04,2016-04,2017-03,measured,fixed-1024,1024,610082635,1147.710413,4177237778,147207657,1045788267,36854636,5,1,True,da97ec37ff3cc7a5d48ed2ab41d06c4e59fafec39553d8d3e7c0b2076d126df1,1d98479e0adf1b9546cf7ce644bbb36e15d98ea8a1e5363b8b900611fefcde56,,,,,,
for-hire,15,for-hire-2016-04,2016-04,2017-03,measured,fixed-128,128,610082635,1026.113682,4177237786,147207657,4177237786,147207657,6,6,True,da97ec37ff3cc7a5d48ed2ab41d06c4e59fafec39553d8d3e7c0b2076d126df1,b64f09e806783fc386a83efb041813138a542b865b2645d77cbb06b6da7cd30b,,,,,,
for-hire,15,for-hire-2016-04,2016-04,2017-03,measured,enabled,144,610082635,992.736577,4177237778,147207657,4177237778,147207657,5,5,True,da97ec37ff3cc7a5d48ed2ab41d06c4e59fafec39553d8d3e7c0b2076d126df1,131eddaa6a7e016b07d47e3bc60de0c849e918f89b63bb31146ca26b4fd16672,prior-enabled-data-shape,15,4234317997,149217272,6.940564694843002,0.24458534613159963
for-hire,16,for-hire-2016-05,2016-05,2017-04,measured,fixed-128,128,632120230,1065.57027,4308514894,151834412,4308514894,151834412,6,6,True,976cfa68e53ce3b59742350e3586a1cd9b4be95ce6a019a47f2996a662855b93,fb9818317a4644ab3f311f6077be6b47fa8c093c9c2440338b2bbf1ee29801ef,,,,,,
for-hire,16,for-hire-2016-05,2016-05,2017-04,measured,enabled,144,632120230,928.783436,4308514894,151834412,4308514894,151834412,6,6,True,976cfa68e53ce3b59742350e3586a1cd9b4be95ce6a019a47f2996a662855b93,053c3c0b4f430610d4c44014c68001d9ac2dabf345db56c9633b3230fe061b3d,prior-enabled-data-shape,16,4370757987,154026318,6.914440923807404,0.2436661734050823
for-hire,16,for-hire-2016-05,2016-05,2017-04,measured,fixed-1024,1024,632120230,1154.566237,4308514694,151834412,1005116772,35421614,5,1,True,976cfa68e53ce3b59742350e3586a1cd9b4be95ce6a019a47f2996a662855b93,268c3028a446597e4a296104c0e3e7356d262b1bc3bf0d9441fc9e3cf0b15fc9,,,,,,
for-hire,17,for-hire-2016-06,2016-06,2017-05,measured,fixed-1024,1024,655560617,1181.12719,4440659403,156492273,1045788267,36854636,5,1,True,da86a2de0db4d77845e9f75599ceb06ad14185a8f7620e742592f1981498c42d,ca580b0109b99f8ecd04ee9f1168f3f47a7483a5426367437adfc2b4738f07e5,,,,,,
for-hire,17,for-hire-2016-06,2016-06,2017-05,measured,enabled,144,655560617,997.37014,4440659411,156492273,4440659411,156492273,6,6,True,da86a2de0db4d77845e9f75599ceb06ad14185a8f7620e742592f1981498c42d,09d36a5a21e07c5f2f5b9d067eb4e49f2f886741499d61f717049cd227045317,prior-enabled-data-shape,17,4512137541,159009159,6.882868530785768,0.24255447181743275
for-hire,17,for-hire-2016-06,2016-06,2017-05,measured,fixed-128,128,655560617,1272.028663,4440659419,156492273,4440659419,156492273,7,7,True,da86a2de0db4d77845e9f75599ceb06ad14185a8f7620e742592f1981498c42d,643e8bdcc64cb0c639d1d7f61cd7ef633e3ead5e14bccf43e0ad81d364b68058,,,,,,
for-hire,18,for-hire-2016-07,2016-07,2017-06,measured,enabled,144,751645361,971.99359,4571122930,161088771,4571122930,161088771,6,6,True,e868a085c7d46a8062692a40205e2dc7530d21cb00476f3ef047d091db3428ea,30f581cebcb903d64731130b0db4dba28e4d9f5d2e23dd4342266104407fe355,prior-enabled-data-shape,18,5146518221,181365517,6.8470032391595606,0.24129134080336512
for-hire,18,for-hire-2016-07,2016-07,2017-06,measured,fixed-1024,1024,751645361,1336.0699,4571122738,161088771,1005116772,35421614,6,1,True,e868a085c7d46a8062692a40205e2dc7530d21cb00476f3ef047d091db3428ea,e360e44dcaea31e19edcc9c67e4baae6c92a2202456d4b402939f1cdfaa9dc5e,,,,,,
for-hire,18,for-hire-2016-07,2016-07,2017-06,measured,fixed-128,128,751645361,1223.789635,4571122938,161088771,4571122938,161088771,7,7,True,e868a085c7d46a8062692a40205e2dc7530d21cb00476f3ef047d091db3428ea,ab1d7c9e118d14964919a625f3c7d9201b48f622b605c22274c0d2bf865c2bbd,,,,,,
for-hire,19,for-hire-2016-08,2016-08,2017-07,measured,fixed-1024,1024,850023712,1382.685589,4704593574,165784087,1045788267,36854636,6,1,True,f900b317b92d46ebaadf2d248d41a63fe24e02682c4f47a446c3a28491f6389f,4b2f2f916a5d516cdc43d42aca37ffa9900f2e2b515330cbd9a9500d16ce7234,,,,,,
for-hire,19,for-hire-2016-08,2016-08,2017-07,measured,enabled,144,850023712,1318.790401,4704593774,165784087,4704593774,165784087,7,7,True,f900b317b92d46ebaadf2d248d41a63fe24e02682c4f47a446c3a28491f6389f,f18403e86fe7bbfa8714dd9a52e72dccb48e23bfede88ef31c796c15073de4e6,prior-enabled-data-shape,19,5793739307,204174529,6.815973749171103,0.24019862803631517
for-hire,19,for-hire-2016-08,2016-08,2017-07,measured,fixed-128,128,850023712,1465.767401,4704593782,165784087,4704593782,165784087,8,8,True,f900b317b92d46ebaadf2d248d41a63fe24e02682c4f47a446c3a28491f6389f,25e5fe934db933bada27ec575d2449c741c2cd0fba0e2ba7d6bee2be527290ad,,,,,,
for-hire,20,for-hire-2016-09,2016-09,2017-08,measured,fixed-1024,1024,949492036,1410.811038,4837601776,170465388,896495526,31578938,6,1,True,89143e958f50aa14fc3debad19935fc345d5b7eb259673b57fcd84853559aaa8,bef501ec1c2896ce7cf684aaee475980e7b1a07634216796ac97a7875644e333,,,,,,
for-hire,20,for-hire-2016-09,2016-09,2017-08,measured,enabled,144,949492036,1471.237698,4837602176,170465388,4837602176,170465388,8,8,True,89143e958f50aa14fc3debad19935fc345d5b7eb259673b57fcd84853559aaa8,439d5c12b7bec6878071580cf07886621112cc2bc3faf33baf962c0a3322a2cd,prior-enabled-data-shape,20,6431702326,226658166,6.773834937372389,0.23871518352665166
for-hire,20,for-hire-2016-09,2016-09,2017-08,measured,fixed-128,128,949492036,1355.277232,4837601984,170465388,4837601984,170465388,8,9,True,89143e958f50aa14fc3debad19935fc345d5b7eb259673b57fcd84853559aaa8,0f853aa05730d7204eebfbc279764fc6b9213725a0bb33ed0c438302e3f1ae4f,,,,,,
for-hire,21,for-hire-2016-10,2016-10,2017-09,measured,enabled,176,1051426149,1571.880454,4975678482,175327216,4616490856,162669231,9,8,True,ec0e6b9cdb786ce575fcec0c2d36e8bbf41ae674a5c94079a5c55ccb0e1e74d7,4cfeab6d8bc932f536b33c71c502fbbb4dedd1154e58f7e099769c4e237b29cb,prior-enabled-data-shape,21,6394236469,225336249,6.0814889137591575,0.2143148609148404
for-hire,21,for-hire-2016-10,2016-10,2017-09,measured,fixed-1024,1024,1051426149,1497.700744,4975678274,175327216,1276201472,44964743,7,2,True,ec0e6b9cdb786ce575fcec0c2d36e8bbf41ae674a5c94079a5c55ccb0e1e74d7,850c86578629afe587b5b482e07e523c6e65f75a3d226f57920b1b67927a095d,,,,,,
for-hire,21,for-hire-2016-10,2016-10,2017-09,measured,fixed-128,128,1051426149,1430.378662,4975678290,175327216,4975678290,175327216,9,9,True,ec0e6b9cdb786ce575fcec0c2d36e8bbf41ae674a5c94079a5c55ccb0e1e74d7,25b66dd6c902f5240764bc14a4619a40500bd487029fb8b8d63b9095d77c3835,,,,,,
for-hire,22,for-hire-2016-11,2016-11,2017-10,measured,enabled,192,1161151499,1567.203834,5124654131,180562288,4731403258,166703528,9,8,True,bd685404b13d09fb4e176c8ce6a64cda9f1d4e158086dd8ddbdd7033b02c53b4,9bc04c5c9c6927072b014b6486ab25e9c7a05ff6faa70a0a051216229501d7f6,prior-enabled-data-shape,22,6426580854,226464790,5.534661807175563,0.19503466157424088
for-hire,22,for-hire-2016-11,2016-11,2017-10,measured,fixed-1024,1024,1161151499,1368.822962,5124654115,180562288,1750172460,61658263,7,2,True,bd685404b13d09fb4e176c8ce6a64cda9f1d4e158086dd8ddbdd7033b02c53b4,4e4c147d356cebc4a1580781417055f9244c08df53f19934443e1388a575986e,,,,,,
for-hire,22,for-hire-2016-11,2016-11,2017-10,measured,fixed-128,128,1161151499,1336.103855,5124654131,180562288,5124654131,180562288,9,10,True,bd685404b13d09fb4e176c8ce6a64cda9f1d4e158086dd8ddbdd7033b02c53b4,671d09bd02d0547e4aed684a0437b6bbc763b4b46589bff507d5ea202f9e3e75,,,,,,
for-hire,23,for-hire-2016-12,2016-12,2017-11,measured,fixed-128,128,1273769144,1298.714631,5284618495,186179101,5284618495,186179101,10,11,True,eee9786f2233e3734b1bd037f4ff2027264b26add79cf6af9b418fbdbe54561d,1154bc07211c93e7dce688ec61de4ea6a2896b17c0965115e75ab48536f51cd7,,,,,,
for-hire,23,for-hire-2016-12,2016-12,2017-11,measured,fixed-1024,1024,1273769144,1200.814638,5284618079,186179101,1827559592,64369345,6,2,True,eee9786f2233e3734b1bd037f4ff2027264b26add79cf6af9b418fbdbe54561d,5fe7afad134d181087a548a080dd343735a1e2821aff8740c36a6174e6e68888,,,,,,
for-hire,23,for-hire-2016-12,2016-12,2017-11,measured,enabled,208,1273769144,1410.189807,5284618295,186179101,4897068030,172521562,9,8,True,eee9786f2233e3734b1bd037f4ff2027264b26add79cf6af9b418fbdbe54561d,185dddc64217bb101c3d0c092a97a9957abec7c3097cd0d461b3e2ef2b0af2c4,prior-enabled-data-shape,23,6489773636,228683910,5.094937074332659,0.17953324676437835
for-hire,24,for-hire-2017-01,2017-01,2017-12,measured,fixed-1024,1024,1398225135,1097.076605,5459225346,192309558,1939264360,68297971,7,2,True,995a24e615e4421b3c287ae088536a1fbc03715a77cacb6b5f302dc0d1d29477,da8aabd048b8de3ef1722826a71c0ae65fb60ff451f29786c1cc504f2d52caa7,,,,,,
for-hire,24,for-hire-2017-01,2017-01,2017-12,measured,fixed-128,128,1398225135,1397.999655,5459225562,192309558,5459225562,192309558,10,12,True,995a24e615e4421b3c287ae088536a1fbc03715a77cacb6b5f302dc0d1d29477,3880b1850dfa170fb6a3b1cc39396e05544e6af3e52a1f8817ed62dc0405d322,,,,,,
for-hire,24,for-hire-2017-01,2017-01,2017-12,measured,enabled,224,1398225135,1723.110016,5459225370,192309558,5071675105,178652019,10,9,True,995a24e615e4421b3c287ae088536a1fbc03715a77cacb6b5f302dc0d1d29477,423af3701d1b336b032d34881a7ea1b723b134863a25a1da4d2f6e9c5f8e33d4,prior-enabled-data-shape,24,6616840112,233156575,4.732313807044188,0.1667518124470766
for-hire,25,for-hire-2017-02,2017-02,2018-01,measured,enabled,240,1521152141,1569.433181,5633390654,198460113,5256404973,185175153,10,9,True,107c1dedee1dd9fec60b97034772115ea61a0fcef1b4f9afb1ac734c089a50f3,ac54f0b10987e7d881976e92cf66b0de7af7b6c0cbc7423d88e3aae411c0d387,prior-enabled-data-shape,25,6713489678,236543389,4.41342420469114,0.15550278164003817
for-hire,25,for-hire-2017-02,2017-02,2018-01,measured,fixed-1024,1024,1521152141,1423.638677,5633390446,198460113,1951076541,68750761,8,2,True,107c1dedee1dd9fec60b97034772115ea61a0fcef1b4f9afb1ac734c089a50f3,033603842e0432bebc903a5a0409fdf08a6a401452e73c4252d04821d8e0e44b,,,,,,
for-hire,25,for-hire-2017-02,2017-02,2018-01,measured,fixed-128,128,1521152141,1723.025802,5633390854,198460113,5633390854,198460113,11,13,True,107c1dedee1dd9fec60b97034772115ea61a0fcef1b4f9afb1ac734c089a50f3,d903e8b230dc09c2b83a464c94762d7e7c0e0a5ff977f1e8e75874042b6ae305,,,,,,
for-hire,26,for-hire-2017-03,2017-03,2018-02,measured,fixed-1024,1024,1639364879,1314.684162,5804306937,204525846,1957266362,68983437,7,2,True,d42b9b4033763a5ba97889a54807f218b9c483b91924d531190df0448d445aba,1a3bb6db79b135f746c3acbeab66959dc22e4945697552e785855b0ff6f94444,,,,,,
for-hire,26,for-hire-2017-03,2017-03,2018-02,measured,enabled,240,1639364879,1394.415433,5804307153,204525846,5804307153,204525846,10,10,True,d42b9b4033763a5ba97889a54807f218b9c483b91924d531190df0448d445aba,7b84b86dba8c484e593984ba5800c00f192e442c1372370540690cc4907f85cc,prior-enabled-data-shape,26,6801403278,239616010,4.148803823591443,0.14616392764496108
for-hire,26,for-hire-2017-03,2017-03,2018-02,measured,fixed-128,128,1639364879,1579.327449,5804307353,204525846,5804307353,204525846,11,14,True,d42b9b4033763a5ba97889a54807f218b9c483b91924d531190df0448d445aba,883febcc161c38b6fbb877ca9ae6f527ec452187d766e98819bab2c2d2920294,,,,,,
for-hire,27,for-hire-2017-04,2017-04,2018-03,measured,fixed-128,128,1770724271,1852.790733,5981498694,210808018,5981498694,210808018,12,15,True,e25ae6377aa3ce69c090c4ff9bdb2623b8c22569e34d157316bf4067cad6538c,2f04dc594e9952d29db43f830d3d2dadfad1e34c04a051d1e5f77290200c5fcf,,,,,,
for-hire,27,for-hire-2017-04,2017-04,2018-03,measured,fixed-1024,1024,1770724271,1240.470144,5981498278,210808018,2040706750,71919042,8,2,True,e25ae6377aa3ce69c090c4ff9bdb2623b8c22569e34d157316bf4067cad6538c,a8af4f62c88d8112b4226f757ab8294e8a284e23f750b4afc659835813bc6919,,,,,,
for-hire,27,for-hire-2017-04,2017-04,2018-03,measured,enabled,256,1770724271,1728.826466,5981498494,210808018,5981498494,210808018,11,11,True,e25ae6377aa3ce69c090c4ff9bdb2623b8c22569e34d157316bf4067cad6538c,155d629960d0b8a65af56cf53361e94425fc48f086554bdd81c2db128ea7416a,prior-enabled-data-shape,27,6913609705,243542469,3.9043965333951745,0.13753833569870705
for-hire,28,for-hire-2017-05,2017-05,2018-04,measured,fixed-128,128,1899286866,1669.685316,6161291382,217092696,6161291382,217092696,12,16,True,e2a4b92e8cf898b3c8b3230df986441adbf96be567b2baa413081b107d4ae66f,bbe91c9a11236b36e78502b99245fbc16eda063741c0ddc32ab860a33417adba,,,,,,
for-hire,28,for-hire-2017-05,2017-05,2018-04,measured,enabled,272,1899286866,1675.788232,6161291182,217092696,6161291182,217092696,11,11,True,e2a4b92e8cf898b3c8b3230df986441adbf96be567b2baa413081b107d4ae66f,c3bd60ca1abaeb3852ff7819b599dc95b8a3696c6086a0333d111dcf536fa47d,prior-enabled-data-shape,28,7033763811,247794205,3.7033709529519045,0.13046697148224307
for-hire,28,for-hire-2017-05,2017-05,2018-04,measured,fixed-1024,1024,1899286866,1713.887529,6161290974,217092696,1643822565,57932133,9,2,True,e2a4b92e8cf898b3c8b3230df986441adbf96be567b2baa413081b107d4ae66f,26e732c167be17ece74888e72e54dc26b5cfd42149c39f4c72d298149684eae3,,,,,,
for-hire,29,for-hire-2017-06,2017-06,2018-05,measured,enabled,288,2028387542,1595.118195,6338092234,223261055,6338092234,223261055,10,10,True,fe82479d7e2ae5d5367b878af815d8eded856436daeb43b0d97ed37bf4dcf32d,727f580b02a92f502238074211226dc4f74e780eb36ed8490e4bcd9de7205d62,prior-enabled-data-shape,29,7181674117,253060001,3.5405828362875402,0.12475919706463347
for-hire,29,for-hire-2017-06,2017-06,2018-05,measured,fixed-1024,1024,2028387542,1782.352202,6338092226,223261055,2119614368,74754890,9,3,True,fe82479d7e2ae5d5367b878af815d8eded856436daeb43b0d97ed37bf4dcf32d,30297c3784f7950f30103987ba854c578286b8555d0773d4451ff640e3c4e101,,,,,,
for-hire,29,for-hire-2017-06,2017-06,2018-05,measured,fixed-128,128,2028387542,1846.721538,6338092442,223261055,6338092442,223261055,12,16,True,fe82479d7e2ae5d5367b878af815d8eded856436daeb43b0d97ed37bf4dcf32d,c04e67e9c716f1caa859d6cdebb7a8e7e585edec56bf3f8bde72f1a00eb43348,,,,,,
for-hire,30,for-hire-2017-07,2017-07,2018-06,measured,enabled,304,2080222958,1325.086856,6503473146,229033885,6503473146,229033885,10,10,True,abc416d21446877c77ee10aee8600200feb1321777ac5986acaa36988aa9c515,e37403ea1a317bfb81ccd765c7196fab04620c3f08256b68a7e87401da01520a,prior-enabled-data-shape,30,7026983644,247654412,3.3779954293064525,0.11905185999452537
for-hire,30,for-hire-2017-07,2017-07,2018-06,measured,fixed-128,128,2080222958,2003.037665,6503473162,229033885,6503473162,229033885,12,17,True,abc416d21446877c77ee10aee8600200feb1321777ac5986acaa36988aa9c515,b3d4981325701033497565af892927ff6d729e5d8fac428cd9a8c3a8b8dc4289,,,,,,
for-hire,30,for-hire-2017-07,2017-07,2018-06,measured,fixed-1024,1024,2080222958,1628.566022,6503472954,229033885,2128532479,75062443,10,3,True,abc416d21446877c77ee10aee8600200feb1321777ac5986acaa36988aa9c515,c7f3ab637625b856b65914e7aa0bd17743ba47dd7416a15c9121125876ec2811,,,,,,
for-hire,31,for-hire-2017-08,2017-08,2018-07,measured,fixed-128,128,2133989016,1978.705218,6672924241,234960925,6672924241,234960925,12,17,True,c9fba9130a09915d6f705a68b6a2572ed7a1a5c5192b1035b6325b17d06e6754,1d2d28813a8d6cd214180cc7aab238682b1b30c80379ed0c1cb21db1982176c6,,,,,,
for-hire,31,for-hire-2017-08,2017-08,2018-07,measured,fixed-1024,1024,2133989016,1732.506858,6672924033,234960925,2135085611,75296033,10,3,True,c9fba9130a09915d6f705a68b6a2572ed7a1a5c5192b1035b6325b17d06e6754,0885bf4b5b202e25156fc504a38ae7d1ac02c1d4c63ca7370e0c2b035bdc30dd,,,,,,
for-hire,31,for-hire-2017-08,2017-08,2018-07,measured,enabled,320,2133989016,1350.136156,6672924033,234960925,6672924033,234960925,10,10,True,c9fba9130a09915d6f705a68b6a2572ed7a1a5c5192b1035b6325b17d06e6754,7a944a81f82f69bb75ea8213a01c64db5f48b7633df931b1921b40e73c6a45bf,prior-enabled-data-shape,31,6922665524,243919672,3.244002416009968,0.11430221515573835
for-hire,32,for-hire-2017-09,2017-09,2018-08,measured,enabled,320,2190474805,1712.416877,6850385081,241175254,6850385081,241175254,11,11,True,9742c148f009c01af36f9dde8104b643906ee6d57ee9e859deb76e6de707d2a5,80d6358d69d88d5dd26584d92064afe974f1c59ab4215fed44b89c2e0f395045,prior-enabled-data-shape,32,6849553517,241180242,3.1269720616968724,0.11010409296314766
for-hire,32,for-hire-2017-09,2017-09,2018-08,measured,fixed-128,128,2190474805,1776.874898,6850385281,241175254,6850385281,241175254,12,18,True,9742c148f009c01af36f9dde8104b643906ee6d57ee9e859deb76e6de707d2a5,1b9711564a4414e012a9bd4649a02bd0cce55e81f37e085adfe7148cd836f375,,,,,,
for-hire,32,for-hire-2017-09,2017-09,2018-08,measured,fixed-1024,1024,2190474805,1967.738937,6850385073,241175254,2669692123,94039635,10,3,True,9742c148f009c01af36f9dde8104b643906ee6d57ee9e859deb76e6de707d2a5,78cb7477fc86fa47db8ded4e14b067d61ee3bcc70975864eaf214a712238191e,,,,,,
for-hire,33,for-hire-2017-10,2017-10,2018-09,measured,enabled,320,2240906954,1604.137352,7011425290,246705504,7011425290,246705504,11,11,True,4f92904265d84a5e73f79c640d4f501d3c57e08f943811b6ba3b0b35d03a8ff9,fa1d3498250165762ba748fa80113f95a82989f0daad3cde3936aace0485ebe0,prior-enabled-data-shape,33,7008104147,246733028,3.1273516889412476,0.11010409296314766
for-hire,33,for-hire-2017-10,2017-10,2018-09,measured,fixed-1024,1024,2240906954,1861.501696,7011425290,246705504,2255278597,79236550,11,3,True,4f92904265d84a5e73f79c640d4f501d3c57e08f943811b6ba3b0b35d03a8ff9,2703b0d2af213c1b4b752403ce3bfb6d2a1d6b9d171f70350dbe1427e6ef6085,,,,,,
for-hire,33,for-hire-2017-10,2017-10,2018-09,measured,fixed-128,128,2240906954,1959.029173,7011425490,246705504,7011425490,246705504,12,19,True,4f92904265d84a5e73f79c640d4f501d3c57e08f943811b6ba3b0b35d03a8ff9,6f10687718a72e71c19f9e37c908a86177ca81f28ccb9e4b99fa914c03b23055,,,,,,
for-hire,34,for-hire-2017-11,2017-11,2018-10,measured,enabled,320,2291270589,1518.041248,7174412368,252102215,7174412368,252102215,12,12,True,33f542e295efa072394702a6f1b0105b8d97b8f664055e1df7ee34d9b37c56fa,c2573212c8e131801c69ea86ea5eb9aadd1ea49a1fd7918a5baa3b80251012d3,prior-enabled-data-shape,34,7165608946,252273053,3.1273516889412476,0.11010181603070299
for-hire,34,for-hire-2017-11,2017-11,2018-10,measured,fixed-1024,1024,2291270589,1996.596693,7174412168,252102215,2345624210,82260019,11,3,True,33f542e295efa072394702a6f1b0105b8d97b8f664055e1df7ee34d9b37c56fa,9bc57cc94383c3c746e5111dffadde1b45727f3dfe3bfff656b3b0f2507908fe,,,,,,
for-hire,34,for-hire-2017-11,2017-11,2018-10,measured,fixed-128,128,2291270589,1709.519886,7174412368,252102215,7174412368,252102215,12,19,True,33f542e295efa072394702a6f1b0105b8d97b8f664055e1df7ee34d9b37c56fa,c1009cbf381bc42543615339e833a14bf74db61c98b2fa024788efd82bdd3331,,,,,,
for-hire,35,for-hire-2017-12,2017-12,2018-11,measured,enabled,320,2336024228,1828.32134,7313246917,256959888,7313246917,256959888,12,12,True,030754427a068dc697f8c024ee7b189add0b6c0a61e0d4a92614ba03f4652546,84e436f69189d82cb6959c42b687b7de04e3fe5b0a70b8631769c0eb09e4ce5f,prior-enabled-data-shape,35,7309031426,257197769,3.128833741840403,0.11010064287541624
for-hire,35,for-hire-2017-12,2017-12,2018-11,measured,fixed-1024,1024,2336024228,2171.898372,7313246917,256959888,1847288174,64697576,12,3,True,030754427a068dc697f8c024ee7b189add0b6c0a61e0d4a92614ba03f4652546,958158d1c3970233f54a61f1fa0cf9c1f7a6a9a5aea6452fb65305d69105fe23,,,,,,
for-hire,35,for-hire-2017-12,2017-12,2018-11,measured,fixed-128,128,2336024228,1706.997847,7313246917,256959888,7313246917,256959888,12,20,True,030754427a068dc697f8c024ee7b189add0b6c0a61e0d4a92614ba03f4652546,e5eb375d30def664b83c7f8564b9f48d7fb3157db336368e9c5b62513d5b08df,,,,,,
for-hire,36,for-hire-2018-01,2018-01,2018-12,measured,fixed-128,128,2371576155,1969.369528,7425313587,260874753,7425313587,260874753,12,21,True,8b29e7b12e6c93ac4d308100fbb05ed8c124d55c6969537ec5dee0d4cb1e1340,25ecea80e98c9927885bed060b21458d7a2b36f42e080a5b91ca286c73481dda,,,,,,
for-hire,36,for-hire-2018-01,2018-01,2018-12,measured,enabled,320,2371576155,1881.374709,7425313587,260874753,7425313587,260874753,12,12,True,8b29e7b12e6c93ac4d308100fbb05ed8c124d55c6969537ec5dee0d4cb1e1340,1db238128f247ce210cbc6566c97e4410968cf04b185c3c5b9ee9e407ea45207,prior-enabled-data-shape,36,7424547141,261091113,3.1306382996127042,0.11009181062142395
for-hire,36,for-hire-2018-01,2018-01,2018-12,measured,fixed-1024,1024,2371576155,2167.036898,7425313587,260874753,1864430601,65697446,12,3,True,8b29e7b12e6c93ac4d308100fbb05ed8c124d55c6969537ec5dee0d4cb1e1340,4d85b2a6d0c748c942cbf4d5cc252409b350677380b01f81a8baa3b04112a692,,,,,,
for-hire,37,for-hire-2018-02,2018-02,2019-01,measured,fixed-128,128,2401808610,1899.08115,7508648015,264225723,7508648015,264225723,12,21,True,bd32968b40f46ee3c0a177f345f53e27b3c17e73c34366d0b512feed0b72e6b5,575cb678e2d67d3749906d1cb82ad66f0e1db3f874b266dd673f6e0d4f1762db,,,,,,
for-hire,37,for-hire-2018-02,2018-02,2019-01,measured,fixed-1024,1024,2401808610,2060.891983,7508648015,264225723,1911507174,67105439,12,3,True,bd32968b40f46ee3c0a177f345f53e27b3c17e73c34366d0b512feed0b72e6b5,9f584098e64876c06f541ecd3d079e2a4ab2a32d401c13faacc9ab20040b9b5d,,,,,,
for-hire,37,for-hire-2018-02,2018-02,2019-01,measured,enabled,320,2401808610,1714.746582,7508648015,264225723,7508648015,264225723,12,12,True,bd32968b40f46ee3c0a177f345f53e27b3c17e73c34366d0b512feed0b72e6b5,ba525c14257f1bc9cfa89f636646ebda4f72380169c05f8602b5e5118480e72e,prior-enabled-data-shape,37,7519194023,264264410,3.1306382996127042,0.11002725571143793
for-hire,38,for-hire-2018-03,2018-03,2019-02,measured,enabled,320,2242474436,1668.405542,7010011168,246582680,7010011168,246582680,11,11,True,04e88a6d78c420b7acac86088ef928ca612d86f36157bf321016d6dc3343940b,0a17827aa6992ac52e3560eb6e53130b625cb7c152cf89d33f5828c06f1687bd,prior-enabled-data-shape,38,7016329681,246697188,3.128833741840403,0.11001114822383787
for-hire,38,for-hire-2018-03,2018-03,2019-02,measured,fixed-1024,1024,2242474436,1938.404094,7010011168,246582680,1960772507,68813089,11,3,True,04e88a6d78c420b7acac86088ef928ca612d86f36157bf321016d6dc3343940b,4fa5ca50d69a26802d648b012a2b04bc7086acac43d5ff2df9498a9831211e00,,,,,,
for-hire,38,for-hire-2018-03,2018-03,2019-02,measured,fixed-128,128,2242474436,1978.262254,7010011368,246582680,7010011368,246582680,12,20,True,04e88a6d78c420b7acac86088ef928ca612d86f36157bf321016d6dc3343940b,bfe51f89d9ad4d8f8af1d46825f32798ac2e35cabf908ec6aed23db4657b6df9,,,,,,
for-hire,39,for-hire-2018-04,2018-04,2019-03,measured,fixed-1024,1024,2057941937,1756.741761,6430293295,226072979,1371032412,48136922,10,2,True,b5af53760c3bf2b4a07d0f6e5f8d1d638deb44dc6aa0e5269733b7abbfe0416c,4696f1c191516a213b3cd98f8a7af8c4dc591bf1cac3b99650f46e0c4a9350a2,,,,,,
for-hire,39,for-hire-2018-04,2018-04,2019-03,measured,enabled,320,2057941937,1666.697066,6430293295,226072979,6430293295,226072979,10,10,True,b5af53760c3bf2b4a07d0f6e5f8d1d638deb44dc6aa0e5269733b7abbfe0416c,489a9ad6d60e3eca88804908bd412d0622b2ec7ee554fc1c6ddbd767dfdbaca6,prior-enabled-data-shape,39,6435126942,226396555,3.1269720616968724,0.11001114822383787
for-hire,39,for-hire-2018-04,2018-04,2019-03,measured,fixed-128,128,2057941937,1772.142449,6430293495,226072979,6430293495,226072979,11,19,True,b5af53760c3bf2b4a07d0f6e5f8d1d638deb44dc6aa0e5269733b7abbfe0416c,4ce1fc860f4845e5e14d153ee43b7c9024c1f220cf5875485bd0776901f1814c,,,,,,
for-hire,40,for-hire-2018-05,2018-05,2019-04,measured,fixed-1024,1024,1883570420,1663.671616,5887671130,206961208,1429844057,50163102,9,2,True,243030fbca6a73b02d3e47e7419849f0625d1501458e4aaf9d288fc17a34f2ef,55946b793c2365c1ed6cc4f8d21f573430f62545fc12f430974cb638c844c559,,,,,,
for-hire,40,for-hire-2018-05,2018-05,2019-04,measured,enabled,320,1883570420,1550.254586,5887671130,206961208,5887671130,206961208,9,9,True,243030fbca6a73b02d3e47e7419849f0625d1501458e4aaf9d288fc17a34f2ef,d10480c66fc45e771bdddf1edac873789eb8b6d28b6b8baca9b3635979d0ccc9,prior-enabled-data-shape,40,5888507201,207193839,3.1262474385917036,0.11000058018377235
for-hire,40,for-hire-2018-05,2018-05,2019-04,measured,fixed-128,128,1883570420,1462.345182,5887671330,206961208,5887671330,206961208,10,17,True,243030fbca6a73b02d3e47e7419849f0625d1501458e4aaf9d288fc17a34f2ef,45d0b9fa67eefb0fb4b34c29ffda3462dd8738eb122b942d58070bfb989f39aa,,,,,,
for-hire,41,for-hire-2018-06,2018-06,2019-05,measured,enabled,320,1705456760,1211.379413,5333808831,187468501,5333808831,187468501,8,8,True,5d145d435d42633ea7b03150d54bd64472d8ce849a9c5538d061f09c9339a6d2,e37854ea1a7dbd999509c2d6fb2120636db6030ef3f01cca9ad1226a62dbb9ae,prior-enabled-data-shape,41,5331285272,187532171,3.126016089844067,0.1099600851815463
for-hire,41,for-hire-2018-06,2018-06,2019-05,measured,fixed-1024,1024,1705456760,1568.119739,5333808831,187468501,1489684787,52236147,8,2,True,5d145d435d42633ea7b03150d54bd64472d8ce849a9c5538d061f09c9339a6d2,5fa27bc0b2ee0e1b14a91f332102df080b3d15e5108cc25f199dd8e73f4e06d9,,,,,,
for-hire,41,for-hire-2018-06,2018-06,2019-05,measured,fixed-128,128,1705456760,1422.117886,5333809031,187468501,5333809031,187468501,9,16,True,5d145d435d42633ea7b03150d54bd64472d8ce849a9c5538d061f09c9339a6d2,c7d0ae99be2c7650cf4134c795318beff9cf68c4b8be11636a2ea3b8139fddfe,,,,,,
for-hire,42,for-hire-2018-07,2018-07,2019-06,measured,fixed-128,128,1531289692,1244.26179,4790626116,168340438,4790626116,168340438,9,15,True,a00c462144b88e596b60005b19ab7b7a9766497807ade646183c6d6998ebfe28,398e29c07d14fc68781acb8658af22919e77ce1367f0d4105cd416e23dd0afc1,,,,,,
for-hire,42,for-hire-2018-07,2018-07,2019-06,measured,enabled,320,1531289692,1306.748276,4790625908,168340438,4790625908,168340438,7,7,True,a00c462144b88e596b60005b19ab7b7a9766497807ade646183c6d6998ebfe28,5fc5be7754d6107f8c57e5b67dff785980c8def8ce22d8102b0878e96286f478,prior-enabled-data-shape,42,4787190477,168323578,3.1262474385917036,0.10992275230712974
for-hire,42,for-hire-2018-07,2018-07,2019-06,measured,fixed-1024,1024,1531289692,1419.678841,4790625908,168340438,1560924144,54707798,7,2,True,a00c462144b88e596b60005b19ab7b7a9766497807ade646183c6d6998ebfe28,3063cf0d84dc8eae79a09b1e436ec7821d8756bcf479b5abf9159eec24572678,,,,,,
for-hire,43,for-hire-2018-08,2018-08,2019-07,measured,fixed-128,128,1351217890,1353.848742,4232388588,148688467,4232388588,148688467,8,13,True,f132cdf754649d94bfa01490f181e286ad7b55d1e38825d8b513622ab34305de,f4515e1960f0a3790f190dcac59a933dad604f680884e34f576526e19fc0c6ce,,,,,,
for-hire,43,for-hire-2018-08,2018-08,2019-07,measured,enabled,320,1351217890,1104.657924,4232388188,148688467,4232388188,148688467,6,6,True,f132cdf754649d94bfa01490f181e286ad7b55d1e38825d8b513622ab34305de,32800ea1d86d06e74ac2d2ba087340f3034c797d05842a4e5ae3a7a7ff30829d,prior-enabled-data-shape,43,4225928258,148544467,3.127495786524661,0.1099337629447061
for-hire,43,for-hire-2018-08,2018-08,2019-07,measured,fixed-1024,1024,1351217890,1373.636689,4232388188,148688467,1635499088,57207563,6,2,True,f132cdf754649d94bfa01490f181e286ad7b55d1e38825d8b513622ab34305de,e955e7c1d44acfaef82acf50e3b06ac580cf7e946bb84986ed3e1589d736347e,,,,,,
for-hire,44,for-hire-2018-09,2018-09,2019-08,measured,fixed-1024,1024,1166746263,1313.85953,3657997797,128448282,1057281406,36936235,6,2,True,9a6d501d14e72de1a930e0af10eecb6677bb497606464ca614d7b937e3f93935,69440e18808be908bf3d53dcc096cc050b2fe28eadfc2c6ca03413d89af32703,,,,,,
for-hire,44,for-hire-2018-09,2018-09,2019-08,measured,enabled,320,1166746263,997.739106,3657997605,128448282,3657997605,128448282,6,6,True,9a6d501d14e72de1a930e0af10eecb6677bb497606464ca614d7b937e3f93935,2650757f5fd50ebbe35cdb2cae3f56ac394365e4dc34773f98de9033c54edeb2,prior-enabled-data-shape,44,3650155098,128264807,3.128490926980001,0.1099337629447061
for-hire,44,for-hire-2018-09,2018-09,2019-08,measured,fixed-128,128,1166746263,1137.593199,3657997805,128448282,3657997805,128448282,7,11,True,9a6d501d14e72de1a930e0af10eecb6677bb497606464ca614d7b937e3f93935,aaa66b00c0c6765f09b888ac0311d8158480549e6e8ef03ab0fc4e9f3f6d6c20,,,,,,
for-hire,45,for-hire-2018-10,2018-10,2019-09,measured,enabled,320,977554057,958.569391,3061464963,107545066,3061464963,107545066,5,5,True,19e8934c20b0010d76dae22fca1c8af79237e69abf6f6a0824a1d4c787abdcad,afbb0cbbdd061b00689a89eca9ce9101d80e0a9306554616774c1e49ce49db8b,prior-enabled-data-shape,45,3058268998,107531513,3.128490926980001,0.11000058018377235
for-hire,45,for-hire-2018-10,2018-10,2019-09,measured,fixed-1024,1024,977554057,1069.309495,3061464763,107545066,1065339831,37192152,4,1,True,19e8934c20b0010d76dae22fca1c8af79237e69abf6f6a0824a1d4c787abdcad,9ce7fab5a1b6d5a0abacd416ed7e43b15778704044c0af076e6358305637d504,,,,,,
for-hire,45,for-hire-2018-10,2018-10,2019-09,measured,fixed-128,128,977554057,977.254294,3061464971,107545066,3061464971,107545066,6,9,True,19e8934c20b0010d76dae22fca1c8af79237e69abf6f6a0824a1d4c787abdcad,a0266cfec0f3ee3b3c88b5d886a968aa03d0ec0e6d474881a82028b17fda8fa8,,,,,,
for-hire,46,for-hire-2018-11,2018-11,2019-10,measured,fixed-128,128,783357014,863.07313,2445246833,86153154,2445246833,86153154,6,8,True,09d369f5c730f603e7a069f595e0f9cd7deaaab70665dc8f6c74d63b7ce99c7d,f5a70a3f2a02545993c5f87461f7107af7316fdde7cc2133ac235629a62ecb58,,,,,,
for-hire,46,for-hire-2018-11,2018-11,2019-10,measured,fixed-1024,1024,783357014,1048.943334,2445246825,86153154,1063317058,37132895,5,1,True,09d369f5c730f603e7a069f595e0f9cd7deaaab70665dc8f6c74d63b7ce99c7d,7ddf6ca1bc227c3c5093bde4a483f95d6dced8638903b2a2c7654bd5e674e3c2,,,,,,
for-hire,46,for-hire-2018-11,2018-11,2019-10,measured,enabled,320,783357014,673.458583,2445246817,86153154,2445246817,86153154,4,4,True,09d369f5c730f603e7a069f595e0f9cd7deaaab70665dc8f6c74d63b7ce99c7d,3c0804fdf43ac0d07b71534f7d1d8eddb79370c0cfdd01ae37983828146b0352,prior-enabled-data-shape,46,2453286378,86180586,3.1317602756366036,0.11001444393780466
for-hire,47,for-hire-2018-12,2018-12,2019-11,measured,enabled,320,592962164,554.190544,1847989200,65121162,1847989200,65121162,3,3,True,ad0b5a308685f36886d88f6b82ab26c8f6a50ee9eda872f0e5e850aed925070d,5286601c927355e90fa0822e041fc68e1fd20135b72fd077028789892b6101fd,prior-enabled-data-shape,47,1855076750,65213638,3.128490926980001,0.10997942503901548
for-hire,47,for-hire-2018-12,2018-12,2019-11,measured,fixed-128,128,592962164,826.99233,1847989408,65121162,1847989408,65121162,5,6,True,ad0b5a308685f36886d88f6b82ab26c8f6a50ee9eda872f0e5e850aed925070d,f1e041b434f87f8b4f45b82a01ffa395be71b9ec1c57ec2f2a989215354dfe82,,,,,,
for-hire,47,for-hire-2018-12,2018-12,2019-11,measured,fixed-1024,1024,592962164,743.452617,1847989200,65121162,1039446850,36785341,3,1,True,ad0b5a308685f36886d88f6b82ab26c8f6a50ee9eda872f0e5e850aed925070d,2f9352fbd08933c398dac5ebce25612d1eafb1c7be5e0c19fbd59f9105d9f98c,,,,,,
for-hire,48,for-hire-2019-01,2019-01,2019-12,measured,fixed-1024,1024,395638996,499.736619,1227123330,43261276,1042357855,36891687,2,1,True,319c9369c8ee425e7115c6898f486a78810fe7ffafd88e49bacccba15bcfa905,cd71d98efa3a8097a1c719fd1e7c3c3592e429e1fb5d0ff809f203d81b1cb339,,,,,,
for-hire,48,for-hire-2019-01,2019-01,2019-12,measured,fixed-128,128,395638996,646.257593,1227123538,43261276,1227123538,43261276,4,4,True,319c9369c8ee425e7115c6898f486a78810fe7ffafd88e49bacccba15bcfa905,a657dbc7e4d879e68a719f899741c0c533a8f9a171a5507f449dd1903ac669a8,,,,,,
for-hire,48,for-hire-2019-01,2019-01,2019-12,measured,enabled,320,395638996,389.5355,1227123330,43261276,1227123330,43261276,2,2,True,319c9369c8ee425e7115c6898f486a78810fe7ffafd88e49bacccba15bcfa905,021202a3133d0e7e2288acf602dcf74689f9d94d4f1fe22ded9236843f02bcd5,prior-enabled-data-shape,48,1236773867,43512149,3.126016089844067,0.10997942503901548
for-hire,49,for-hire-2019-02,2019-02,2020-01,measured,fixed-128,128,204423663,350.864915,640747895,22130799,640747895,22130799,2,2,True,68a83572f4dc09663bec58822c29fb1788b643360de903fee5d39218fcd716f1,402929731ce3221f29bc8d39a952061fa89b41f980ab4e0fe81378f00c140093,,,,,,
for-hire,49,for-hire-2019-02,2019-02,2020-01,measured,enabled,336,204423663,258.10783,640747887,22130799,640747887,22130799,1,1,True,68a83572f4dc09663bec58822c29fb1788b643360de903fee5d39218fcd716f1,98417f0ef150c83fe477e0dc21f0a34c74056af19588555ea01eea9046e625c7,prior-enabled-data-shape,49,638107915,22470812,3.121497316420275,0.10992275230712974
for-hire,49,for-hire-2019-02,2019-02,2020-01,measured,fixed-1024,1024,204423663,271.710197,640747887,22130799,640747887,22130799,1,1,True,68a83572f4dc09663bec58822c29fb1788b643360de903fee5d39218fcd716f1,f5bab6bfa8808e6a4376fe8783cc8b407a54ff180461f3130927566a06e6a803,,,,,,
for-hire,50,for-hire-2019-03,2019-03,2020-02,measured,enabled,320,207604485,269.288711,646744104,22336644,646744104,22336644,1,1,True,1ebef27b5ce36f3277692845e89f17103cd0914eb71ca3fd19a1eef6581ee4d2,5e7e04217566fe623942ce80f8a418da70a4a36ed5f6c1f02c383bc1565cf470,prior-enabled-data-shape,50,649282152,22799845,3.127495786524661,0.10982346927619482
for-hire,50,for-hire-2019-03,2019-03,2020-02,measured,fixed-128,128,207604485,364.696085,646744112,22336644,646744112,22336644,2,2,True,1ebef27b5ce36f3277692845e89f17103cd0914eb71ca3fd19a1eef6581ee4d2,43bb354b754d894fd2c377d1bb9c7722974c827981ee75ab73b683067822c38b,,,,,,
for-hire,50,for-hire-2019-03,2019-03,2020-02,measured,fixed-1024,1024,207604485,259.422748,646744104,22336644,646744104,22336644,1,1,True,1ebef27b5ce36f3277692845e89f17103cd0914eb71ca3fd19a1eef6581ee4d2,5fd436182623f4cb25b8ccc322aad6046d5b3f005f70b6395423858244549604,,,,,,
for-hire,51,for-hire-2019-04,2019-04,2020-03,measured,fixed-128,128,208353373,356.143745,645196196,22302939,645196196,22302939,2,2,True,4f7d12d56ae6bcc79efff2d80a4bed8356857d4eb183fe603917ff484cd45748,91690b323264e763579dfd369a70757a78a9833725518612360ee2e00b1fedd6,,,,,,
for-hire,51,for-hire-2019-04,2019-04,2020-03,measured,fixed-1024,1024,208353373,266.755605,645196188,22302939,645196188,22302939,1,1,True,4f7d12d56ae6bcc79efff2d80a4bed8356857d4eb183fe603917ff484cd45748,e73faf5d222046f90865bd1b16bc1983100d704fe3073c138331bcd9d6e1735c,,,,,,
for-hire,51,for-hire-2019-04,2019-04,2020-03,measured,enabled,336,208353373,264.028934,645196188,22302939,645196188,22302939,1,1,True,4f7d12d56ae6bcc79efff2d80a4bed8356857d4eb183fe603917ff484cd45748,452dc6cf1cd61b14b463cd1cd5549ac7721494f17582084ad40bdfb7d6d7e140,prior-enabled-data-shape,51,650374495,22782468,3.121497316420275,0.10934532853783706
for-hire,52,for-hire-2019-05,2019-05,2020-04,measured,fixed-1024,1024,197766843,256.422729,605284917,20931515,605284917,20931515,1,1,True,dd48f2cbb277a3f2bcb935f4e87e7d46a8c018e8b3f0130e80465c15ee2c4eea,1cf8d4cf481e20b8c47d79c8540ff6bc349b0eccac9a296b5fb4952168c8fe5a,,,,,,
for-hire,52,for-hire-2019-05,2019-05,2020-04,measured,fixed-128,128,197766843,344.462648,605285117,20931515,605285117,20931515,2,2,True,dd48f2cbb277a3f2bcb935f4e87e7d46a8c018e8b3f0130e80465c15ee2c4eea,6e8fadda1a9de164d775d0edbeb5968bdb1b664ffed58565febebf03014e87e8,,,,,,
for-hire,52,for-hire-2019-05,2019-05,2020-04,measured,enabled,336,197766843,259.364252,605284917,20931515,605284917,20931515,1,1,True,dd48f2cbb277a3f2bcb935f4e87e7d46a8c018e8b3f0130e80465c15ee2c4eea,c3f7fbdcadaaa9bbb06baef2022a7c19700200e6c9ece01f5158e7fa4d5781a0,prior-enabled-data-shape,52,616097189,21410135,3.1152703854158066,0.10825947776897042
for-hire,53,for-hire-2019-06,2019-06,2020-05,measured,enabled,336,188024807,258.201646,567774538,19633440,567774538,19633440,1,1,True,018ce5fdf517c9eed2c2c7c86cf0d198e4b2ad4439addf0501a1051b33f15678,8fa096b2435636c228b050be0fc34044fee102245ec9a55e4cf576fa5f399ef2,prior-enabled-data-shape,53,585748113,20230021,3.1152703854158066,0.10759229984843535
for-hire,53,for-hire-2019-06,2019-06,2020-05,measured,fixed-128,128,188024807,342.38708,567774738,19633440,567774738,19633440,2,2,True,018ce5fdf517c9eed2c2c7c86cf0d198e4b2ad4439addf0501a1051b33f15678,0251571e220d92942035d370ef8d84e7ff48481f0dfe1091446a991196316fe0,,,,,,
for-hire,53,for-hire-2019-06,2019-06,2020-05,measured,fixed-1024,1024,188024807,249.34244,567774538,19633440,567774538,19633440,1,1,True,018ce5fdf517c9eed2c2c7c86cf0d198e4b2ad4439addf0501a1051b33f15678,7c43265bd7eb8808b7ed656c6edbd3bcb8a9d007873e9eef5fa2fca4bbf4b050,,,,,,
for-hire,54,for-hire-2019-07,2019-07,2020-06,measured,fixed-1024,1024,180912572,250.707175,538715243,18635419,538715243,18635419,1,1,True,3e2963c198e4b9a259d0d1e1c4b9b27a0b3e78c8f34d6ce8181ccfa24cfa950b,027e0f948b5838b3f1f98f24a19c4c639a43a396a70b2578ca4d23d04a5baca4,,,,,,
for-hire,54,for-hire-2019-07,2019-07,2020-06,measured,enabled,336,180912572,253.671593,538715243,18635419,538715243,18635419,1,1,True,3e2963c198e4b9a259d0d1e1c4b9b27a0b3e78c8f34d6ce8181ccfa24cfa950b,021f55b2e516b896bedf7bf6738cbb4e6a7e720a0f58bbd8f0000e209c3692c2,prior-enabled-data-shape,54,560221801,19365571,3.0966438349908545,0.10704381061303961
for-hire,54,for-hire-2019-07,2019-07,2020-06,measured,fixed-128,128,180912572,337.244295,538715251,18635419,538715251,18635419,2,2,True,3e2963c198e4b9a259d0d1e1c4b9b27a0b3e78c8f34d6ce8181ccfa24cfa950b,b504855ad3265792e526503056d5b2d2ccd16fe3ffc574f6e20450506273de85,,,,,,
for-hire,55,for-hire-2019-08,2019-08,2020-07,measured,enabled,336,175340350,258.721588,515059480,17815165,515059480,17815165,1,1,True,b058ceaf41ebbc3d5510f984c8eb210b04c2f83d6f16ac6f282b613f315578fb,5f66aa9e22bf741e87cd67d4892d4425232874c71ae263c64126b7aebe7cf863,prior-enabled-data-shape,55,536646425,18557909,3.060598570610747,0.10583935447662478
for-hire,55,for-hire-2019-08,2019-08,2020-07,measured,fixed-128,128,175340350,304.769626,515059488,17815165,515059488,17815165,2,2,True,b058ceaf41ebbc3d5510f984c8eb210b04c2f83d6f16ac6f282b613f315578fb,979804165fd48a4333c23b77cd0115e36c6696b7bebd197e0bfb8c2494b5f2a4,,,,,,
for-hire,55,for-hire-2019-08,2019-08,2020-07,measured,fixed-1024,1024,175340350,252.311269,515059480,17815165,515059480,17815165,1,1,True,b058ceaf41ebbc3d5510f984c8eb210b04c2f83d6f16ac6f282b613f315578fb,4b503c96d03cf4eceab1aef89c41b9920d6c6f308ed669ce5dd67457532551fd,,,,,,
for-hire,56,for-hire-2019-09,2019-09,2020-08,measured,fixed-1024,1024,170364794,255.679647,494633197,17118793,494633197,17118793,1,1,True,767c098ccb7e7be53fcd5be0db2b0bc79c873cab8b7125b799ff68e4c9dce03b,0cd836b7fb64ae75a8abeac68b672d80908fd5cc81fc03f9d6ff732fc00c2cab,,,,,,
for-hire,56,for-hire-2019-09,2019-09,2020-08,measured,enabled,336,170364794,264.359184,494633197,17118793,494633197,17118793,1,1,True,767c098ccb7e7be53fcd5be0db2b0bc79c873cab8b7125b799ff68e4c9dce03b,75a6820431f42b9fbba1d33c703e9500560d48214a85e7ae2e8f7a83af0d5925,prior-enabled-data-shape,56,514446970,17789392,3.0196788767346003,0.10441941312563081
for-hire,56,for-hire-2019-09,2019-09,2020-08,measured,fixed-128,128,170364794,320.753107,494633205,17118793,494633205,17118793,2,2,True,767c098ccb7e7be53fcd5be0db2b0bc79c873cab8b7125b799ff68e4c9dce03b,4ab460b00c48b89cd68c4695c79a6bba04bc2182f0dc6ccca90d0e1a76beb6f1,,,,,,
for-hire,57,for-hire-2019-10,2019-10,2020-09,measured,fixed-1024,1024,171103307,261.171382,495028054,17141309,495028054,17141309,1,1,True,3ea68bfe504f4d13ad4fe07198eeffeee2ff9ba10adbb9b006bcc6fb844da797,04cf0d96f7513922473d605673b304aed36954ebb7492ecbc815efb1a0ecf523,,,,,,
for-hire,57,for-hire-2019-10,2019-10,2020-09,measured,fixed-128,128,171103307,322.962257,495028062,17141309,495028062,17141309,2,2,True,3ea68bfe504f4d13ad4fe07198eeffeee2ff9ba10adbb9b006bcc6fb844da797,2d06e228a7a22c946aeabc882c1ab7f2581f2e184b967e6f27166a4cc16cb68d,,,,,,
for-hire,57,for-hire-2019-10,2019-10,2020-09,measured,enabled,336,171103307,257.427784,495028054,17141309,495028054,17141309,1,1,True,3ea68bfe504f4d13ad4fe07198eeffeee2ff9ba10adbb9b006bcc6fb844da797,2dd98b91db89fa4960d7d2015d1ba60ee5b24a0788a971d79c40315a2bbea433,prior-enabled-data-shape,57,509505551,17624987,2.9777656524611236,0.1030078716696372
for-hire,58,for-hire-2019-11,2019-11,2020-10,measured,fixed-128,128,165573615,343.478033,476374020,16498187,476374020,16498187,2,2,True,b6e575bf27f4a9ed77e8db95dbfe83d4158d08937951125898eac1ebc8af2dba,448ec2f6122767200bcb126ffede8bef0a9c0a6ee1d13842fd5038d8575ef97c,,,,,,
for-hire,58,for-hire-2019-11,2019-11,2020-10,measured,fixed-1024,1024,165573615,257.921065,476374012,16498187,476374012,16498187,1,1,True,b6e575bf27f4a9ed77e8db95dbfe83d4158d08937951125898eac1ebc8af2dba,8f67836411e298b73ea85277d4b7e3edfa950ffab931848ce2a64a3afe3d5ab9,,,,,,
for-hire,58,for-hire-2019-11,2019-11,2020-10,measured,enabled,352,165573615,252.347818,476374012,16498187,476374012,16498187,1,1,True,b6e575bf27f4a9ed77e8db95dbfe83d4158d08937951125898eac1ebc8af2dba,84935ed1a07dc69efd841dd20d2ef7e1260bd92404bc2e9a2b3e89de59767bc3,prior-enabled-data-shape,58,486369852,16822832,2.9374840417508006,0.10160333887778826
for-hire,59,for-hire-2019-12,2019-12,2020-11,measured,fixed-1024,1024,159746364,250.880076,456806461,15825056,456806461,15825056,1,1,True,9f957ce97ac0850045724d7a7981169501a2978c3d4571ba7947b5f075b8844d,482adefaa9400e0d54095c3cd944bb34d219270744405f22339e8f55582d27a9,,,,,,
for-hire,59,for-hire-2019-12,2019-12,2020-11,measured,enabled,352,159746364,248.365636,456806461,15825056,456806461,15825056,1,1,True,9f957ce97ac0850045724d7a7981169501a2978c3d4571ba7947b5f075b8844d,ac55d2299a6ea3eb798954cf575f19041963cc4d26ba2665e6e35b11692d49d8,prior-enabled-data-shape,59,463803893,16051820,2.9033768385268615,0.10048316085775327
for-hire,59,for-hire-2019-12,2019-12,2020-11,measured,fixed-128,128,159746364,390.063605,456806661,15825056,456806661,15825056,2,2,True,9f957ce97ac0850045724d7a7981169501a2978c3d4571ba7947b5f075b8844d,4fa7a3064b655918ea191f4fd15d9c48bb0080ff57836af9756551c6113b8143,,,,,,
for-hire,60,for-hire-2020-01,2020-01,2020-12,measured,enabled,352,152135375,260.083359,431328486,14945465,431328486,14945465,1,1,True,3fbf4c016f929bab3154f2ac4b01d14e0be29efd7753d173beecc79e686b9e11,943af68f1652272ff161aaae2adccc2d23fa198bd5c3435a82ae510acc6569af,prior-enabled-data-shape,60,440150924,15241082,2.8931530470068587,0.10018105027040769
for-hire,60,for-hire-2020-01,2020-01,2020-12,measured,fixed-128,128,152135375,322.860927,431328494,14945465,431328494,14945465,2,2,True,3fbf4c016f929bab3154f2ac4b01d14e0be29efd7753d173beecc79e686b9e11,52ce1ff7d9bc15b03e69faf244f43e24ed42f9cb6ae0c15b1db4b2dd59f9f983,,,,,,
for-hire,60,for-hire-2020-01,2020-01,2020-12,measured,fixed-1024,1024,152135375,261.336174,431328486,14945465,431328486,14945465,1,1,True,3fbf4c016f929bab3154f2ac4b01d14e0be29efd7753d173beecc79e686b9e11,423cfd224c70565c79128587af1a0fd08cd2dafa42079f95b24950d9f8b31216,,,,,,
for-hire,61,for-hire-2020-02,2020-02,2021-01,measured,fixed-1024,1024,144529565,259.174512,405775201,14070990,405775201,14070990,1,1,True,3f1aa8a359387bc7816b4086a64918c132bb85da47fb8c3f80fc95ffee3f053a,9f91f19bbc1cd358043ee10d5c547b9767a00f60525663d1bc4488e95fd39bc2,,,,,,
for-hire,61,for-hire-2020-02,2020-02,2021-01,measured,fixed-128,128,144529565,322.192277,405775209,14070990,405775209,14070990,2,2,True,3f1aa8a359387bc7816b4086a64918c132bb85da47fb8c3f80fc95ffee3f053a,7bf615071295dffd8417ee8f20326a9a4336f008a22a98682878753a9abdabf3,,,,,,
for-hire,61,for-hire-2020-02,2020-02,2021-01,measured,enabled,352,144529565,241.958058,405775201,14070990,405775201,14070990,1,1,True,3f1aa8a359387bc7816b4086a64918c132bb85da47fb8c3f80fc95ffee3f053a,a43c1e75bb403b8f3d0f33276f7a53967255f0c33ddc81c692e8aaf2c7b54c6f,prior-enabled-data-shape,61,415827901,14401303,2.8771130714274733,0.09964260911981658
for-hire,62,for-hire-2020-03,2020-03,2021-02,measured,enabled,352,136711573,252.682041,380365024,13195187,380365024,13195187,1,1,True,7f81100084258b783b22d92a2cb720900dda8dc579793798d20656fc54c64edc,799dd70c408abd46176f2b5911ab20bd8fb123b48348d5c9382a2bd461ef3706,prior-enabled-data-shape,62,390936784,13543146,2.8595734485700093,0.09906363815579552
for-hire,62,for-hire-2020-03,2020-03,2021-02,measured,fixed-128,128,136711573,303.83241,380365032,13195187,380365032,13195187,2,2,True,7f81100084258b783b22d92a2cb720900dda8dc579793798d20656fc54c64edc,ae8d879b8fcfff7495307ab2dec9b8a6abf5f39d1f20237038c9bab8bc3ca298,,,,,,
for-hire,62,for-hire-2020-03,2020-03,2021-02,measured,fixed-1024,1024,136711573,258.158245,380365024,13195187,380365024,13195187,1,1,True,7f81100084258b783b22d92a2cb720900dda8dc579793798d20656fc54c64edc,ac467621a6f1ed4a392927066820e840a1082c1febed0bd8913b04a8298a1eed,,,,,,
for-hire,63,for-hire-2020-04,2020-04,2021-03,measured,fixed-1024,1024,135553496,258.353523,376310855,13055988,376310855,13055988,1,1,True,daec9465322807752aae312e9b8997743b849c6ae21a385986b13fe9fdbf70ba,8e4f661500cf8464fe570a83b05f9d0070200c27491cfcf6e6c6933f17b4f277,,,,,,
for-hire,63,for-hire-2020-04,2020-04,2021-03,measured,fixed-128,128,135553496,305.550704,376311055,13055988,376311055,13055988,2,2,True,daec9465322807752aae312e9b8997743b849c6ae21a385986b13fe9fdbf70ba,0362457e4361f712b5bae51138408fa65634ba5f50e9ec6c56a01798bb6a49f1,,,,,,
for-hire,63,for-hire-2020-04,2020-04,2021-03,measured,enabled,368,135553496,245.058325,376310855,13055988,376310855,13055988,1,1,True,daec9465322807752aae312e9b8997743b849c6ae21a385986b13fe9fdbf70ba,2babcc09a10312dc4a0cf9dcb46909a5b453b2a019572c62b384d17d32bc8c62,prior-enabled-data-shape,63,384316167,13316495,2.8351623414343967,0.09823793447119054
for-hire,64,for-hire-2020-05,2020-05,2021-04,measured,enabled,368,141923012,252.1182,396497227,13756580,396497227,13756580,1,1,True,eec1b403b149cb66bfa0964e61efe3a0ba54b24c2064a907e2ad66caf10db3be,f1a5c04770ad68adbefd26f93a181cc11f4c55c4d61bec265e0dc6187a46be24,prior-enabled-data-shape,64,398457151,13817223,2.807558446605717,0.09735717394569063
for-hire,64,for-hire-2020-05,2020-05,2021-04,measured,fixed-1024,1024,141923012,258.881866,396497227,13756580,396497227,13756580,1,1,True,eec1b403b149cb66bfa0964e61efe3a0ba54b24c2064a907e2ad66caf10db3be,ae04eeea45806059aed74d3f54b83994e5b1b0c1cd96d3be19a5351944a9ea99,,,,,,
for-hire,64,for-hire-2020-05,2020-05,2021-04,measured,fixed-128,128,141923012,303.383595,396497235,13756580,396497235,13756580,2,2,True,eec1b403b149cb66bfa0964e61efe3a0ba54b24c2064a907e2ad66caf10db3be,e19b65fdec8f6feb4fd6fcdfff4ede5b591623ac8cdb89deed926126474aba22,,,,,,
for-hire,65,for-hire-2020-06,2020-06,2021-05,measured,enabled,368,146290639,248.859214,410763302,14245270,410763302,14245270,1,1,True,220c076d0573069c59b04fa883479fdd3dc91fc8ad9eff3153bb46e1c299bfc4,d8564a1ab434f2e0752c46f30ca05ff274390562cad885445147047c80126347,prior-enabled-data-shape,65,408699279,14179934,2.793748676923514,0.09692987631914125
for-hire,65,for-hire-2020-06,2020-06,2021-05,measured,fixed-1024,1024,146290639,248.935584,410763302,14245270,410763302,14245270,1,1,True,220c076d0573069c59b04fa883479fdd3dc91fc8ad9eff3153bb46e1c299bfc4,e3f221d5f1abe493a7804ede662db433e7722a09b8483fc4c934d6aec8d2f1b7,,,,,,
for-hire,65,for-hire-2020-06,2020-06,2021-05,measured,fixed-128,128,146290639,313.350058,410763502,14245270,410763502,14245270,2,2,True,220c076d0573069c59b04fa883479fdd3dc91fc8ad9eff3153bb46e1c299bfc4,9f826b5ab4b1979b74dadea1af9dc6d38635c692e14c9e99cd7aa62c47081529,,,,,,
for-hire,66,for-hire-2020-07,2020-07,2021-06,measured,fixed-128,128,148841557,314.738277,419331755,14544749,419331755,14544749,2,2,True,576be54e8f47e10d62bd619ba6a6406ca22fd1b7c9692466f378bf7a2fe84683,a015099ecd998dafd75b6cadc15166bd9ec4f162be77cf311768da574e614f07,,,,,,
for-hire,66,for-hire-2020-07,2020-07,2021-06,measured,enabled,368,148841557,250.142896,419331555,14544749,419331555,14544749,1,1,True,576be54e8f47e10d62bd619ba6a6406ca22fd1b7c9692466f378bf7a2fe84683,ecd037b15007c99a3553bba41c2c2caa66176c31865e64ae018fb1ba0d5b51d2,prior-enabled-data-shape,66,417881371,14490793,2.807558446605717,0.09735717394569063
for-hire,66,for-hire-2020-07,2020-07,2021-06,measured,fixed-1024,1024,148841557,240.988138,419331555,14544749,419331555,14544749,1,1,True,576be54e8f47e10d62bd619ba6a6406ca22fd1b7c9692466f378bf7a2fe84683,d1284872612212faf39822e8b9cb9d616bde3ce4ca28a0486b612b63dd62ce5b,,,,,,
for-hire,67,for-hire-2020-08,2020-08,2021-07,measured,fixed-128,128,149750820,303.633465,422518439,14657274,422518439,14657274,2,2,True,5912d59982e59016fb55d2f11c61be250a0ac7272270a6d87bd00a5c54507b1d,134be8316d1706ec93f805dad169550e98521935a10e419c1462c687a5b549ac,,,,,,
for-hire,67,for-hire-2020-08,2020-08,2021-07,measured,fixed-1024,1024,149750820,242.534954,422518239,14657274,422518239,14657274,1,1,True,5912d59982e59016fb55d2f11c61be250a0ac7272270a6d87bd00a5c54507b1d,3224f7df041a21a08102854826fd963ead78ce1f537541c5f36ae23cb85e8fb5,,,,,,
for-hire,67,for-hire-2020-08,2020-08,2021-07,measured,enabled,368,149750820,248.362701,422518239,14657274,422518239,14657274,1,1,True,5912d59982e59016fb55d2f11c61be250a0ac7272270a6d87bd00a5c54507b1d,e87308fc8a06aa3e8c6b1a7b692fb57a453bdf6bc70e11a949bb65204d0e195f,prior-enabled-data-shape,67,420478998,14582210,2.8078577331253576,0.09737649720704275
for-hire,68,for-hire-2020-09,2020-09,2021-08,measured,fixed-128,128,149667099,346.72802,422844931,14676256,422844931,14676256,2,2,True,845903a73d5fb299ff7de5d2b660b70dbb3942c5390a9b9ca14b17c64398bd77,1f84e6d1fef353163ab34707aa46bc8e2a2879c1c17f425df4b8b455cd48b533,,,,,,
for-hire,68,for-hire-2020-09,2020-09,2021-08,measured,fixed-1024,1024,149667099,246.517607,422844731,14676256,422844731,14676256,1,1,True,845903a73d5fb299ff7de5d2b660b70dbb3942c5390a9b9ca14b17c64398bd77,1b33b74a5e15dbad3514ca03a850ba5b34c90e1ae2fed0243834a7ebd1d65afb,,,,,,
for-hire,68,for-hire-2020-09,2020-09,2021-08,measured,enabled,368,149667099,239.610987,422844731,14676256,422844731,14676256,1,1,True,845903a73d5fb299ff7de5d2b660b70dbb3942c5390a9b9ca14b17c64398bd77,2b9e652d67edbf5780728410e22516744168834bc7a8650b10b09b2aaaf96208,prior-enabled-data-shape,68,421657356,14625421,2.8173015886954205,0.09771967784507925
for-hire,69,for-hire-2020-10,2020-10,2021-09,measured,fixed-1024,1024,148691745,253.977192,419894188,14584632,419894188,14584632,1,1,True,c356d998d1c681e066e893c9629215a1bdaa93948f69909c9e550feef1fa56f9,b2df6419597ce6c2d7f53cccc62cc179d5e70dbef3796854e003a93c15350d7f,,,,,,
for-hire,69,for-hire-2020-10,2020-10,2021-09,measured,fixed-128,128,148691745,311.689427,419894388,14584632,419894388,14584632,2,2,True,c356d998d1c681e066e893c9629215a1bdaa93948f69909c9e550feef1fa56f9,000901ccb938263b0e62d779e1b78e0c8f20fc1d42d4355c0e1777c1a345e724,,,,,,
for-hire,69,for-hire-2020-10,2020-10,2021-09,measured,enabled,368,148691745,252.564028,419894188,14584632,419894188,14584632,1,1,True,c356d998d1c681e066e893c9629215a1bdaa93948f69909c9e550feef1fa56f9,1c4ed28f67f388e68b41817f0b2861c302f6b986a407c498a361de8f1ad1b4ec,prior-enabled-data-shape,69,418909489,14530109,2.8173015886954205,0.09771967784507925
for-hire,70,for-hire-2020-11,2020-11,2021-10,measured,enabled,368,148753376,245.27552,420124697,14607291,420124697,14607291,1,1,True,a09eb0cf66f22cdc71a1d49bfbcae1f49fe3aedb632886df5e07b694539ac812,91501f64a48515cc93ddd4751b21349340f31765eabfdc5b6ba7c640237d52f4,prior-enabled-data-shape,70,419703975,14559646,2.821475294759655,0.09787775452581829
for-hire,70,for-hire-2020-11,2020-11,2021-10,measured,fixed-128,128,148753376,314.20336,420124897,14607291,420124897,14607291,2,2,True,a09eb0cf66f22cdc71a1d49bfbcae1f49fe3aedb632886df5e07b694539ac812,d4e369323ce20f5b42f0bdcb8aae060d5ee41ab44d226e93d33982e123a71a19,,,,,,
for-hire,70,for-hire-2020-11,2020-11,2021-10,measured,fixed-1024,1024,148753376,248.527159,420124697,14607291,420124697,14607291,1,1,True,a09eb0cf66f22cdc71a1d49bfbcae1f49fe3aedb632886df5e07b694539ac812,c9b527229208918de277b851490cbea153fe4b7cfd24db723053c54b6f4b48bb,,,,,,
for-hire,71,for-hire-2020-12,2020-12,2021-11,measured,fixed-1024,1024,148786238,249.011032,420423030,14629897,420423030,14629897,1,1,True,ea8a0af8dd4c64676ee165524d3e147ce615adbb3b87d6a9801d5e978735a593,0c200fc6bfaf71cc7eebb8731f28e3f19e591505862c99feed4f2bf237c4e984,,,,,,
for-hire,71,for-hire-2020-12,2020-12,2021-11,measured,fixed-128,128,148786238,340.85873,420423038,14629897,420423038,14629897,2,2,True,ea8a0af8dd4c64676ee165524d3e147ce615adbb3b87d6a9801d5e978735a593,9db22d8f67be016018432b949dbc9b6eff275f88b00f4025ecece217fbf3007c,,,,,,
for-hire,71,for-hire-2020-12,2020-12,2021-11,measured,enabled,368,148786238,240.517382,420423030,14629897,420423030,14629897,1,1,True,ea8a0af8dd4c64676ee165524d3e147ce615adbb3b87d6a9801d5e978735a593,43be0bdbcefddb5f59455a7e8a3574d3261b5fc5b7a9dcfc8886cc790b23a7df,prior-enabled-data-shape,71,420161029,14589879,2.8239240046580933,0.09805933366824995
for-hire,72,for-hire-2021-01,2021-01,2021-12,measured,fixed-1024,1024,150348893,241.582663,424732976,14805265,424732976,14805265,1,1,True,b2dd34ee18093a5f60759ac3c683002a7dd2639b49d5b3fea9390d71e739f3e0,6b2243184315e1fe66eea4d94eb20bc87edabf48fd5a34c95c48e46926a94460,,,,,,
for-hire,72,for-hire-2021-01,2021-01,2021-12,measured,enabled,368,150348893,245.105683,424732976,14805265,424732976,14805265,1,1,True,b2dd34ee18093a5f60759ac3c683002a7dd2639b49d5b3fea9390d71e739f3e0,203b7bec385417af8d676b71cb3bc8bb858291e00dc30a811b237eff7b4261f5,prior-enabled-data-shape,72,424630921,14747176,2.8243036110992197,0.0980863598043052
for-hire,72,for-hire-2021-01,2021-01,2021-12,measured,fixed-128,128,150348893,300.685599,424733176,14805265,424733176,14805265,2,2,True,b2dd34ee18093a5f60759ac3c683002a7dd2639b49d5b3fea9390d71e739f3e0,846e60162ef805ab1f86a5bc322469b1114fcde461a94b1893d6191aa6293c33,,,,,,
for-hire,73,for-hire-2021-02,2021-02,2022-01,measured,fixed-1024,1024,150125837,252.359545,423816936,14794844,423816936,14794844,1,1,True,19da40f3069a51c87795c25e33991450ff2a3c183c81d17fc5b0417a0a6f86b4,d405e1cafab5c4e3dcc02710453cc962b08ab6d4d1e0a2acf38ad4826b2311c0,,,,,,
for-hire,73,for-hire-2021-02,2021-02,2022-01,measured,fixed-128,128,150125837,301.129399,423816944,14794844,423816944,14794844,2,2,True,19da40f3069a51c87795c25e33991450ff2a3c183c81d17fc5b0417a0a6f86b4,1a467e3396d192de4963291438a75c1e820d8eb6e5e2ed82f6c6f449c91ea0b4,,,,,,
for-hire,73,for-hire-2021-02,2021-02,2022-01,measured,enabled,368,150125837,243.490702,423816936,14794844,423816936,14794844,1,1,True,19da40f3069a51c87795c25e33991450ff2a3c183c81d17fc5b0417a0a6f86b4,b08e4096b1f602645048644f072dbf7b678bf803253cf9d5658d8752d9140b35,prior-enabled-data-shape,73,424000944,14742064,2.8243036110992197,0.09819804694718323
for-hire,74,for-hire-2021-03,2021-03,2022-02,measured,fixed-128,128,151977588,301.112991,429147990,15008656,429147990,15008656,2,2,True,65738a66781f2fc9915c77323fe9fdc694fe4bc7cd7d675ee8c5f34c0fc5efaa,29fe00685e67c7477a3b001951447d49e2e868eb26c7907d66fb51cf3322c123,,,,,,
for-hire,74,for-hire-2021-03,2021-03,2022-02,measured,enabled,368,151977588,247.740283,429147790,15008656,429147790,15008656,1,1,True,65738a66781f2fc9915c77323fe9fdc694fe4bc7cd7d675ee8c5f34c0fc5efaa,a30d3cfb8f369b9e5e279895fc050500d4e0ed8527ab77b1bd3a0414eae88182,prior-enabled-data-shape,74,429173159,14943697,2.8239240046580933,0.09832829431442443
for-hire,74,for-hire-2021-03,2021-03,2022-02,measured,fixed-1024,1024,151977588,246.360556,429147790,15008656,429147790,15008656,1,1,True,65738a66781f2fc9915c77323fe9fdc694fe4bc7cd7d675ee8c5f34c0fc5efaa,7c1a544e6ab6d0a17e8ee673ba90ee147207e080efb74d8a81405b5e6bf1560a,,,,,,
for-hire,75,for-hire-2021-04,2021-04,2022-03,measured,enabled,368,152558937,236.91996,430339827,15086807,430339827,15086807,1,1,True,e47fcffbadfb9856bae3d42ee97b40368e0a494ded00db2ae2e03834adad508d,81192a46bf75e8d4e322e3443073b0109834c3a0a590e73eca795e70acd0e00b,prior-enabled-data-shape,75,430789378,15022894,2.823757079234604,0.09847272370671861
for-hire,75,for-hire-2021-04,2021-04,2022-03,measured,fixed-128,128,152558937,309.974648,430340027,15086807,430340027,15086807,2,2,True,e47fcffbadfb9856bae3d42ee97b40368e0a494ded00db2ae2e03834adad508d,1a195f7555e88806369d4b0c650b9457db3389f5b363f03f9d400298486f07ed,,,,,,
for-hire,75,for-hire-2021-04,2021-04,2022-03,measured,fixed-1024,1024,152558937,243.185893,430339827,15086807,430339827,15086807,1,1,True,e47fcffbadfb9856bae3d42ee97b40368e0a494ded00db2ae2e03834adad508d,15b32f5c895fcda8f38d9069e062d01db704340b10be55ad6323bf97b7f9d69c,,,,,,
for-hire,76,for-hire-2021-05,2021-05,2022-04,measured,enabled,368,152468275,244.445273,428741997,15066458,428741997,15066458,1,1,True,bf750563174eba451b3b62eb39dfa99b666a756659ee22c86bf6f220e48401c2,840a7fc4b8dfd1eca76dcc4e7c01999f08da4d225c41a6ee6c7dedd940bf8f17,prior-enabled-data-shape,76,430533371,15025690,2.823757079234604,0.09854961874417392
for-hire,76,for-hire-2021-05,2021-05,2022-04,measured,fixed-128,128,152468275,303.332231,428742197,15066458,428742197,15066458,2,2,True,bf750563174eba451b3b62eb39dfa99b666a756659ee22c86bf6f220e48401c2,75bbe716a21cf7f95d8ee8fac050fb4987a5d19bad58ec1cbbc21ba8276c90fc,,,,,,
for-hire,76,for-hire-2021-05,2021-05,2022-04,measured,fixed-1024,1024,152468275,246.973937,428741997,15066458,428741997,15066458,1,1,True,bf750563174eba451b3b62eb39dfa99b666a756659ee22c86bf6f220e48401c2,78d94ddc8bb6f6cab2d356af301658fba911ee796e0637bc7dbbc1745b6ea28e,,,,,,
for-hire,77,for-hire-2021-06,2021-06,2022-05,measured,fixed-1024,1024,152305401,252.868622,427242717,15058626,427242717,15058626,1,1,True,d783dcccd751714e36d2fbf5c771c5875323298f0aabaf9a10806f20c7b0b0ce,132a77798d52937c9e525d6c9281c33b018af8a22233cf25f3ba0741a2b7ff57,,,,,,
for-hire,77,for-hire-2021-06,2021-06,2022-05,measured,enabled,368,152305401,247.415358,427242717,15058626,427242717,15058626,1,1,True,d783dcccd751714e36d2fbf5c771c5875323298f0aabaf9a10806f20c7b0b0ce,097e1fa658b54616d90c4030eac54c2955c85fc42e2c0fd6b44de89ae33ffdb5,prior-enabled-data-shape,77,429970015,15041029,2.823077922289952,0.09875571916564435
for-hire,77,for-hire-2021-06,2021-06,2022-05,measured,fixed-128,128,152305401,309.624055,427242917,15058626,427242917,15058626,2,2,True,d783dcccd751714e36d2fbf5c771c5875323298f0aabaf9a10806f20c7b0b0ce,173f3edba52799c45703e8606b99a03e6d296b859dbb473d62170370976fd0ea,,,,,,
for-hire,78,for-hire-2021-07,2021-07,2022-06,measured,enabled,368,151338783,252.693092,422865565,14942694,422865565,14942694,1,1,True,45677e73b110f8fb22433aa7b18314d2909e7eb22e538cfa1b2294a7336fb885,c5f7ab3cf63a3f98313de6a15b4a01250598fe65fa3da8cd36d644a9de0267dc,prior-enabled-data-shape,78,426898004,14954845,2.8208103403342406,0.09881700307818135
for-hire,78,for-hire-2021-07,2021-07,2022-06,measured,fixed-1024,1024,151338783,238.680008,422865565,14942694,422865565,14942694,1,1,True,45677e73b110f8fb22433aa7b18314d2909e7eb22e538cfa1b2294a7336fb885,4fe99cee25d7bedcd8f1c3be3f59e421ed31f28547db5a4009c718fb69e7491f,,,,,,
for-hire,78,for-hire-2021-07,2021-07,2022-06,measured,fixed-128,128,151338783,340.507487,422865765,14942694,422865765,14942694,2,2,True,45677e73b110f8fb22433aa7b18314d2909e7eb22e538cfa1b2294a7336fb885,28d66f21f9e5e890d63df1e6ec26ec7278abad5e2a8340ed604dba2d1eb1be6b,,,,,,
for-hire,79,for-hire-2021-08,2021-08,2022-07,measured,fixed-128,128,150539755,351.742993,419594226,14862259,419594226,14862259,2,2,True,d0a12c7109ed4aa704a04fc227d15131b4a03b936bb709bb617e34273a45cf58,96c0cad41501ee681c817f6f425879b18dadcc59eea74f14a147bea79b31aa07,,,,,,
for-hire,79,for-hire-2021-08,2021-08,2022-07,measured,fixed-1024,1024,150539755,244.881324,419594218,14862259,419594218,14862259,1,1,True,d0a12c7109ed4aa704a04fc227d15131b4a03b936bb709bb617e34273a45cf58,b9121935abe7268c0b7af5924f362e88f1d2b96e45abf1e9a7d395ed87ac95a1,,,,,,
for-hire,79,for-hire-2021-08,2021-08,2022-07,measured,enabled,368,150539755,238.659431,419594218,14862259,419594218,14862259,1,1,True,d0a12c7109ed4aa704a04fc227d15131b4a03b936bb709bb617e34273a45cf58,fe3c4720a8be398e383d4250c2dcc707c62559414ce66c4a60622478fb3c84ab,prior-enabled-data-shape,79,423318983,14866662,2.8120079209920883,0.09875571916564435
for-hire,80,for-hire-2021-09,2021-09,2022-08,measured,fixed-1024,1024,150116738,237.958425,417332464,14810396,417332464,14810396,1,1,True,cd217d8a9ed6359b62d73a5a0293e7cf44f37753176813aa91e24f4fd30dea6e,c79873a9a85830c9b976a87cfd8d25f5236ffedb6f529c1a25e6e6e6e7ff3b25,,,,,,
for-hire,80,for-hire-2021-09,2021-09,2022-08,measured,fixed-128,128,150116738,308.421581,417332664,14810396,417332664,14810396,2,2,True,cd217d8a9ed6359b62d73a5a0293e7cf44f37753176813aa91e24f4fd30dea6e,aca96e148f5aa8f523c4ead14f79f3ecb9b6554423d52f650c65bb9bb78adedf,,,,,,
for-hire,80,for-hire-2021-09,2021-09,2022-08,measured,enabled,368,150116738,247.896356,417332464,14810396,417332464,14810396,1,1,True,cd217d8a9ed6359b62d73a5a0293e7cf44f37753176813aa91e24f4fd30dea6e,874bfbd92c7d8a99dc7bb2f69d22044479cd0dbde8dfdacbef2a046d95875e5a,prior-enabled-data-shape,80,421103143,14822033,2.8051711508247825,0.09873671311338614
for-hire,81,for-hire-2021-10,2021-10,2022-09,measured,fixed-128,128,149869422,317.715576,416085521,14791477,416085521,14791477,2,2,True,73d7ffacbe809dc500494c779b8a7d95485967b0c1c80ac659dc98ff01e5ae77,ab281e940ee9b6c7ed3e1e4eb30ea08c4c60bc44da4bd7911d31f7af986011d6,,,,,,
for-hire,81,for-hire-2021-10,2021-10,2022-09,measured,enabled,368,149869422,235.728557,416085321,14791477,416085321,14791477,1,1,True,73d7ffacbe809dc500494c779b8a7d95485967b0c1c80ac659dc98ff01e5ae77,13b9395bb9e97bfdf539b48edc8a281b1b9cc7b4ce2100a6befba7c6830bb089,prior-enabled-data-shape,81,418759928,14796079,2.7941652272966935,0.09872647261847875
for-hire,81,for-hire-2021-10,2021-10,2022-09,measured,fixed-1024,1024,149869422,248.037203,416085321,14791477,416085321,14791477,1,1,True,73d7ffacbe809dc500494c779b8a7d95485967b0c1c80ac659dc98ff01e5ae77,71561140ab5ccc6e43049839891bc2c9feb86862ccbf210891b67840144ec565,,,,,,
for-hire,82,for-hire-2021-11,2021-11,2022-10,measured,fixed-1024,1024,149044882,241.455113,412494718,14689072,412494718,14689072,1,1,True,5ee9ac519cea5c1ab2ddae2befcc4b18666f1af7af127f436eb0463bdbeaad35,7897cda88d857658239fea49d0ee7cec55720a1a0c501b6b0414a01c96b1c3f2,,,,,,
for-hire,82,for-hire-2021-11,2021-11,2022-10,measured,enabled,368,149044882,246.595946,412494718,14689072,412494718,14689072,1,1,True,5ee9ac519cea5c1ab2ddae2befcc4b18666f1af7af127f436eb0463bdbeaad35,8660eadb6eb4700592780d6f9e18ab70deb0d3e9731233691c331249637ceb2f,prior-enabled-data-shape,82,415427611,14714675,2.7872651845354737,0.09872647261847875
for-hire,82,for-hire-2021-11,2021-11,2022-10,measured,fixed-128,128,149044882,312.784193,412494918,14689072,412494918,14689072,2,2,True,5ee9ac519cea5c1ab2ddae2befcc4b18666f1af7af127f436eb0463bdbeaad35,3bd93d1d5bd57d046d2038b1425a25d15cb8e045e684bf260be32cd845279328,,,,,,
for-hire,83,for-hire-2021-12,2021-12,2022-11,measured,enabled,368,147975753,240.608173,408380690,14566194,408380690,14566194,1,1,True,cbe8bdba98e254d341aefbe79ff1c9146e655ca1174227b74274359ad0ca0c5d,66f4f0b3c81051193937374f0dfd5d9928c786842c1df9a92229578f03c60bd4,prior-enabled-data-shape,83,411380413,14604580,2.7800528412761008,0.0986957633025368
for-hire,83,for-hire-2021-12,2021-12,2022-11,measured,fixed-128,128,147975753,311.66119,408380890,14566194,408380890,14566194,2,2,True,cbe8bdba98e254d341aefbe79ff1c9146e655ca1174227b74274359ad0ca0c5d,fcc61228f20db1dade53961a3853bb403de969ebf08508c40c9be8779ee45118,,,,,,
for-hire,83,for-hire-2021-12,2021-12,2022-11,measured,fixed-1024,1024,147975753,238.108438,408380690,14566194,408380690,14566194,1,1,True,cbe8bdba98e254d341aefbe79ff1c9146e655ca1174227b74274359ad0ca0c5d,b7702ca6e3034409678ed3829c5e5985beea6c4a49ac8dae4056418355ea928b,,,,,,
for-hire,84,for-hire-2022-01,2022-01,2022-12,measured,enabled,368,147248726,259.292106,406712890,14511664,406712890,14511664,1,1,True,c3f0418d7e6e5423c736c2d4c2bd3108891fe4d86f9d610f728197c5bd6c9333,7f3819e88baa74b6ef35ceb4b7c4b033fb2ea9a0d76e0b6c89ed15dbcda09f56,prior-enabled-data-shape,84,408809433,14527440,2.776318981199514,0.09865919148869329
for-hire,84,for-hire-2022-01,2022-01,2022-12,measured,fixed-128,128,147248726,307.69529,406713090,14511664,406713090,14511664,2,2,True,c3f0418d7e6e5423c736c2d4c2bd3108891fe4d86f9d610f728197c5bd6c9333,5a6c70950ac0ae7c98e9fe06d310faa71ff0f94a2423e8362ebf379ac0ab9a44,,,,,,
for-hire,84,for-hire-2022-01,2022-01,2022-12,measured,fixed-1024,1024,147248726,244.025659,406712890,14511664,406712890,14511664,1,1,True,c3f0418d7e6e5423c736c2d4c2bd3108891fe4d86f9d610f728197c5bd6c9333,108246402820b9db9a8cf203f4d161449a2d0322e9fe2a8d1b52bab393b85268,,,,,,
for-hire,85,for-hire-2022-02,2022-02,2023-01,measured,enabled,368,146894479,251.95515,406005679,14482293,406005679,14482293,1,1,True,b539275ea02f7f15d4d60e42f2d2a06253f65d291057f48da9af07893ce9dbd1,0b27f49a8a84fb2000fdd00da8c94a88e1a4992ac9ac6754ef3cbe291802e825,prior-enabled-data-shape,85,406543290,14477140,2.7675872694508223,0.09855468904997355
for-hire,85,for-hire-2022-02,2022-02,2023-01,measured,fixed-1024,1024,146894479,246.248203,406005679,14482293,406005679,14482293,1,1,True,b539275ea02f7f15d4d60e42f2d2a06253f65d291057f48da9af07893ce9dbd1,f884531a4171bcab5322da0fa27045129d0eaa94f8165f5b7b3e6157f018d20f,,,,,,
for-hire,85,for-hire-2022-02,2022-02,2023-01,measured,fixed-128,128,146894479,333.395877,406005879,14482293,406005879,14482293,2,2,True,b539275ea02f7f15d4d60e42f2d2a06253f65d291057f48da9af07893ce9dbd1,267ead17c67b0125b6b9b5d0efb35941af77ffedc3943dec871ed7d176bbbbda,,,,,,
for-hire,86,for-hire-2022-03,2022-03,2023-02,measured,fixed-128,128,147169031,356.689722,402265380,14341586,402265380,14341586,2,2,True,bdb822802b3a6b93999a77136d16ef0ec3178d821ed8b1122f7fce6a6b631cab,c9a95bd588864a7f48fd0dd724cb3577b76859b0c74a155709be477c87541153,,,,,,
for-hire,86,for-hire-2022-03,2022-03,2023-02,measured,fixed-1024,1024,147169031,262.746211,402265180,14341586,402265180,14341586,1,1,True,bdb822802b3a6b93999a77136d16ef0ec3178d821ed8b1122f7fce6a6b631cab,585488cd1fe5dcc4bef0b8c191686a9a75401cc2c6a59308aedb24cfec67bcb9,,,,,,
for-hire,86,for-hire-2022-03,2022-03,2023-02,measured,enabled,368,147169031,261.776141,402265180,14341586,402265180,14341586,1,1,True,bdb822802b3a6b93999a77136d16ef0ec3178d821ed8b1122f7fce6a6b631cab,dcff5592db1d5ee61b7c6729917a3607d853361a3b61772f4fe13ecde4cf2f85,prior-enabled-data-shape,86,406764521,14509361,2.7639274243928527,0.09858977068838645
for-hire,87,for-hire-2022-04,2022-04,2023-03,measured,fixed-128,128,148450597,316.812515,401154814,14289012,401154814,14289012,2,2,True,578ad81bf873096229974ae8d9a522537184f93459eaa106b483b9983c87da58,91740722370b77a0c30f207dec838b652c5834424419641448f983018eafa974,,,,,,
for-hire,87,for-hire-2022-04,2022-04,2023-03,measured,fixed-1024,1024,148450597,255.740032,401154806,14289012,401154806,14289012,1,1,True,578ad81bf873096229974ae8d9a522537184f93459eaa106b483b9983c87da58,faf0b10f01193428e616e772b399e859755eebd6c65d0ef0c17250b175442b6f,,,,,,
for-hire,87,for-hire-2022-04,2022-04,2023-03,measured,enabled,368,148450597,255.228887,401154806,14289012,401154806,14289012,1,1,True,578ad81bf873096229974ae8d9a522537184f93459eaa106b483b9983c87da58,097a2c323a5d765aeb2f203c4c1036e429c617f28c1832cce1597fd00e3a91a3,prior-enabled-data-shape,87,410306676,14630502,2.7639274243928527,0.09855468904997355
for-hire,88,for-hire-2022-05,2022-05,2023-04,measured,enabled,368,149921084,259.883571,401603081,14288822,401603081,14288822,1,1,True,ac6a79097bb302a28c5f2cb7be39db9291c1c7ac744c87f1ab3abb05c8c31daa,54766b37951297eff517da86dee0c3f7ffcbc7bd48ff01a556e0adc493febe4e,prior-enabled-data-shape,88,414094159,14775030,2.7620808753211215,0.09855205130942865
for-hire,88,for-hire-2022-05,2022-05,2023-04,measured,fixed-128,128,149921084,346.442625,401603281,14288822,401603281,14288822,2,2,True,ac6a79097bb302a28c5f2cb7be39db9291c1c7ac744c87f1ab3abb05c8c31daa,606b611d605498d621e7dfffbb0adeeea57cb918e1a0c63d9eaf94678fdee2ab,,,,,,
for-hire,88,for-hire-2022-05,2022-05,2023-04,measured,fixed-1024,1024,149921084,256.881095,401603081,14288822,401603081,14288822,1,1,True,ac6a79097bb302a28c5f2cb7be39db9291c1c7ac744c87f1ab3abb05c8c31daa,d65d79ab9d09c57a9640906f0544f684fab04a91905cd6bb9b22a9b6aa50b97d,,,,,,
for-hire,89,for-hire-2022-06,2022-06,2023-05,measured,fixed-1024,1024,152882659,265.41255,405785239,14418820,405785239,14418820,1,1,True,fcda88b50fac56691f09bd817200de546e380b1ac571669b9ce40590e730e398,d52f01972049ac644cc9618c7465bd375637e3c9008d3601dd4c3ad5a7e3645d,,,,,,
for-hire,89,for-hire-2022-06,2022-06,2023-05,measured,enabled,368,152882659,248.729173,405785239,14418820,405785239,14418820,1,1,True,fcda88b50fac56691f09bd817200de546e380b1ac571669b9ce40590e730e398,a44f77802532724fdbd938811de580ec9f1d29aebbfa58463c0d910bd40c8e4e,prior-enabled-data-shape,89,417882553,14898378,2.7333548183788747,0.09744975490121967
for-hire,89,for-hire-2022-06,2022-06,2023-05,measured,fixed-128,128,152882659,319.714658,405785439,14418820,405785439,14418820,2,2,True,fcda88b50fac56691f09bd817200de546e380b1ac571669b9ce40590e730e398,faca3bbfe40cd9eaf59b319134d0a4fc11351a2251d48a14fd277643788cdc93,,,,,,
for-hire,90,for-hire-2022-07,2022-07,2023-06,measured,fixed-128,128,154675429,345.827012,406953903,14442851,406953903,14442851,2,2,True,b74cf29d73362801e7bf5bba7110a3ff0d3e425b6e32c94f7d0e80bcadcf8b1d,923e725c12857cdd8e85895fd21e56f7c954c5d796e44c787cedfbb63f2b8845,,,,,,
for-hire,90,for-hire-2022-07,2022-07,2023-06,measured,fixed-1024,1024,154675429,244.725541,406953703,14442851,406953703,14442851,1,1,True,b74cf29d73362801e7bf5bba7110a3ff0d3e425b6e32c94f7d0e80bcadcf8b1d,9cec6811540927401ec9d91002c60d1efcead727321d1dc079fcb1f6aea3545f,,,,,,
for-hire,90,for-hire-2022-07,2022-07,2023-06,measured,enabled,384,154675429,260.033681,406953703,14442851,406953703,14442851,1,1,True,b74cf29d73362801e7bf5bba7110a3ff0d3e425b6e32c94f7d0e80bcadcf8b1d,d0e7a65742f680b0502530b323a9959de7206021b650356baba8b2ba1bd8a9d0,prior-enabled-data-shape,90,417976034,14888179,2.7022781592451257,0.09625432493208498
for-hire,91,for-hire-2022-08,2022-08,2023-07,measured,fixed-128,128,158960763,349.821472,413432006,14654115,413432006,14654115,2,2,True,a36b900b66d50ea4292138390c37f4a3a6fe689b00441980d0c4254c83e62c3f,8430c86d237c6c48c4632bebbc6159cdda10e1a47d80b5f55791d030e8bfadf0,,,,,,
for-hire,91,for-hire-2022-08,2022-08,2023-07,measured,enabled,384,158960763,246.984821,413431998,14654115,413431998,14654115,1,1,True,a36b900b66d50ea4292138390c37f4a3a6fe689b00441980d0c4254c83e62c3f,651dd637070386a1098da09a38b04c21ba2939272da9f7e3d2ed51a31ea95b13,prior-enabled-data-shape,91,425818240,15150384,2.678763188505227,0.09530895601048349
for-hire,91,for-hire-2022-08,2022-08,2023-07,measured,fixed-1024,1024,158960763,252.850281,413431998,14654115,413431998,14654115,1,1,True,a36b900b66d50ea4292138390c37f4a3a6fe689b00441980d0c4254c83e62c3f,b3178b554374df16ad89e43f97766b340cd60ac4fcf6808b5ed9d9e4882a7e75,,,,,,
for-hire,92,for-hire-2022-09,2022-09,2023-08,measured,fixed-1024,1024,164032177,253.719403,422119109,14943312,422119109,14943312,1,1,True,54e8a72121e64aabc5452f21a566dcc42c38e2d86ec149b765b38b12735a6340,63e69190cebe4bb77e3b770c65ea9d73803d7f42af83fdf0129fed03aa468ef5,,,,,,
for-hire,92,for-hire-2022-09,2022-09,2023-08,measured,enabled,384,164032177,263.93077,422119109,14943312,422119109,14943312,1,1,True,54e8a72121e64aabc5452f21a566dcc42c38e2d86ec149b765b38b12735a6340,9f38b4320efe230a875d4f173c17c7e8c17d8b3bb1beba0687f5ae29ee866321,prior-enabled-data-shape,92,435378588,15470364,2.6542267229928282,0.09431298549039496
for-hire,92,for-hire-2022-09,2022-09,2023-08,measured,fixed-128,128,164032177,333.225695,422119117,14943312,422119117,14943312,2,2,True,54e8a72121e64aabc5452f21a566dcc42c38e2d86ec149b765b38b12735a6340,deebcb4917abf6149611073c84bdad310a91d1aa0fc15849fd4295dedf107d2c,,,,,,
for-hire,93,for-hire-2022-10,2022-10,2023-09,measured,enabled,384,167697764,264.353512,426393838,15076122,426393838,15076122,1,1,True,6aa3bc287626bbdf72f0262986e6c85bcb91f1d7b01b76fe4e41f0337e68c266,3eb94b1ec75b3909f6c9400dfc663f785125acce6ac6ee1d88625a7a2636ba43,prior-enabled-data-shape,93,441215689,15658814,2.631017128130933,0.09337521216766756
for-hire,93,for-hire-2022-10,2022-10,2023-09,measured,fixed-1024,1024,167697764,248.511011,426393838,15076122,426393838,15076122,1,1,True,6aa3bc287626bbdf72f0262986e6c85bcb91f1d7b01b76fe4e41f0337e68c266,41a71e73514b9b0b9a4f096ea218456c62b1de6f6bcaf3db5ce1d37be171272a,,,,,,
for-hire,93,for-hire-2022-10,2022-10,2023-09,measured,fixed-128,128,167697764,274.169728,426393846,15076122,426393846,15076122,2,2,True,6aa3bc287626bbdf72f0262986e6c85bcb91f1d7b01b76fe4e41f0337e68c266,1cf74edb5703232e2af5d7a310edf28d1d048473ef7ec70996a7af661106876a,,,,,,
for-hire,94,for-hire-2022-11,2022-11,2023-10,measured,enabled,400,174027202,261.956083,439848906,15529572,439848906,15529572,1,1,True,ba594303ddd682b80505eb30b2a0be9836d0aeb9844577cefe661e4099fb3899,f4daf560f7fdcf67860835965f26ba53857a222a0daefa243340a2f85703969c,prior-enabled-data-shape,94,452617441,16043045,2.6008430646498595,0.09218699459815753
for-hire,94,for-hire-2022-11,2022-11,2023-10,measured,fixed-128,128,174027202,285.858896,439849106,15529572,439849106,15529572,2,2,True,ba594303ddd682b80505eb30b2a0be9836d0aeb9844577cefe661e4099fb3899,91adcf69c83225ff044649d407400a2ac4d50d8696cb8d533fb7a57692f2a47f,,,,,,
for-hire,94,for-hire-2022-11,2022-11,2023-10,measured,fixed-1024,1024,174027202,249.20399,439848906,15529572,439848906,15529572,1,1,True,ba594303ddd682b80505eb30b2a0be9836d0aeb9844577cefe661e4099fb3899,56c4f6ee946781767281a813a93fdd121ec2f10715b530cd2e1d31556c368cc7,,,,,,
for-hire,95,for-hire-2022-12,2022-12,2023-11,measured,fixed-1024,1024,178101315,254.822313,447067553,15767334,447067553,15767334,1,1,True,bdf82ed551389739769b935e296d8562f0ee91f4940e250ca24b93b9d21dbd9f,de66d57f0ffda31ff62cbda9761634b0ae790004386f8adaa27a373ee03ac4a9,,,,,,
for-hire,95,for-hire-2022-12,2022-12,2023-11,measured,enabled,400,178101315,323.505688,447067553,15767334,447067553,15767334,1,1,True,bdf82ed551389739769b935e296d8562f0ee91f4940e250ca24b93b9d21dbd9f,b9b86775aa9375312df4b6156b7f96331d31f5b9238295a8a825f8ba19fd06c7,prior-enabled-data-shape,95,458324518,16225009,2.5733921034285854,0.09109988218957796
for-hire,95,for-hire-2022-12,2022-12,2023-11,measured,fixed-128,128,178101315,288.540735,447067753,15767334,447067753,15767334,2,2,True,bdf82ed551389739769b935e296d8562f0ee91f4940e250ca24b93b9d21dbd9f,94a59ce689c30d97196db374965c02b9c87cecbe2d65f87e34e00f5e855043a1,,,,,,
for-hire,96,for-hire-2023-01,2023-01,2023-12,measured,enabled,400,181025173,250.763343,450079066,15858639,450079066,15858639,1,1,True,8c9d14fe2df9957e01e3ef4693df07b167c47202fdb3bafe17d15fb61dd015b9,b20caa39b72e2bc2411001a109e84df104b75eaaec444412ba4493de5c0ca230,prior-enabled-data-shape,96,460280545,16274263,2.5426328164995686,0.08990055466690659
for-hire,96,for-hire-2023-01,2023-01,2023-12,measured,fixed-128,128,181025173,306.380127,450079266,15858639,450079266,15858639,2,2,True,8c9d14fe2df9957e01e3ef4693df07b167c47202fdb3bafe17d15fb61dd015b9,f878f9975ad3f1c64261be63b3ac7ebdf6ba76954ea38058ec33bce1ab1a0d02,,,,,,
for-hire,96,for-hire-2023-01,2023-01,2023-12,measured,fixed-1024,1024,181025173,254.611087,450079066,15858639,450079066,15858639,1,1,True,8c9d14fe2df9957e01e3ef4693df07b167c47202fdb3bafe17d15fb61dd015b9,a6c2f40bbc4345b690f9520e5f4a8ff5783aa16467aa7c592f162a43a16ea60d,,,,,,
for-hire,97,for-hire-2023-02,2023-02,2024-01,measured,fixed-1024,1024,184739780,194.878447,455378455,16034435,455378455,16034435,1,1,True,63aa806def4ec6d73c13d9471d5c87c6c0c79a016475c042e63fa84ae0601a0c,4d9fee3765c01dbc20639610afc64e693058689d44405d08df5915275c03ccb3,,,,,,
for-hire,97,for-hire-2023-02,2023-02,2024-01,measured,enabled,400,184739780,184.676431,455378455,16034435,455378455,16034435,1,1,True,63aa806def4ec6d73c13d9471d5c87c6c0c79a016475c042e63fa84ae0601a0c,73212a992c42cb6cfc2fa672dfa8929cf07fc0ebeb35ed695fe67ea499193ab9,prior-enabled-data-shape,97,466924649,16485525,2.5274721477163093,0.08923646315936287
for-hire,97,for-hire-2023-02,2023-02,2024-01,measured,fixed-128,128,184739780,218.745429,455378463,16034435,455378463,16034435,2,2,True,63aa806def4ec6d73c13d9471d5c87c6c0c79a016475c042e63fa84ae0601a0c,0686b506f813c1d903ee294cc8f3ba6b91f9080574b6da66715c45bbef6d112e,,,,,,
for-hire,98,for-hire-2023-03,2023-03,2024-02,measured,enabled,400,185576952,197.738373,457485469,16099731,457485469,16099731,1,1,True,6aff188f2d28844bc989148559c23dc7d3b1e515f16a807b47526a69b2eed3f8,afe4cb933cd114ab324a6ed6df6317e7b9810e11b94f3632cac36ba5ee0c7c9b,prior-enabled-data-shape,98,465832798,16429153,2.5101867046854762,0.08853013802845869
for-hire,98,for-hire-2023-03,2023-03,2024-02,measured,fixed-128,128,185576952,242.487334,457485477,16099731,457485477,16099731,2,2,True,6aff188f2d28844bc989148559c23dc7d3b1e515f16a807b47526a69b2eed3f8,4af19f85455bb9c7359ba94484e1bf58a08d5ea0938c7e3286754b134a0f735b,,,,,,
for-hire,98,for-hire-2023-03,2023-03,2024-02,measured,fixed-1024,1024,185576952,192.761993,457485469,16099731,457485469,16099731,1,1,True,6aff188f2d28844bc989148559c23dc7d3b1e515f16a807b47526a69b2eed3f8,1be63a0362972e876819381639f1c80264cceed0ccf5511a88d6b559245f7570,,,,,,
for-hire,99,for-hire-2023-04,2023-04,2024-03,measured,fixed-128,128,187290279,244.49018,461846066,16240841,461846066,16240841,2,2,True,a28998008c352b17d9854ec04eb59181bac9ba5cd733307c69fb5abc1772e1ac,28e20be920b1d1dea0df5231931438be2d5fc329acbccba54f9b24185949ecf4,,,,,,
for-hire,99,for-hire-2023-04,2023-04,2024-03,measured,fixed-1024,1024,187290279,194.036506,461846058,16240841,461846058,16240841,1,1,True,a28998008c352b17d9854ec04eb59181bac9ba5cd733307c69fb5abc1772e1ac,654dd46d82a727dcd464c78523487a5959d0999dccf6f4b2bd1fe3ccabafd825,,,,,,
for-hire,99,for-hire-2023-04,2023-04,2024-03,measured,enabled,416,187290279,198.068927,461846058,16240841,461846058,16240841,1,1,True,a28998008c352b17d9854ec04eb59181bac9ba5cd733307c69fb5abc1772e1ac,2f8fa4618cdc11388f810d951aeb9736af2a10b2c33fe0178bd0c6857d7bd735,prior-enabled-data-shape,99,465655867,16407491,2.4862788889587195,0.08760460623893451
for-hire,100,for-hire-2023-05,2023-05,2024-04,measured,fixed-1024,1024,189568424,205.133352,467548914,16438988,467548914,16438988,1,1,True,75b12c402daf43e5d3a3d06be5a63970af1c666daa7451e4183897555e63ec12,b7081fa770d13abf256707d4abb70d4b928527bda61ca66eb1823acdcf3bb8d9,,,,,,
for-hire,100,for-hire-2023-05,2023-05,2024-04,measured,fixed-128,128,189568424,245.219163,467548922,16438988,467548922,16438988,2,2,True,75b12c402daf43e5d3a3d06be5a63970af1c666daa7451e4183897555e63ec12,2822d6e4ad2399028cff2e7150a4efc6e81bbdfe6d9248abf6c55aa40fba6e4a,,,,,,
for-hire,100,for-hire-2023-05,2023-05,2024-04,measured,enabled,416,189568424,197.863198,467548914,16438988,467548914,16438988,1,1,True,75b12c402daf43e5d3a3d06be5a63970af1c666daa7451e4183897555e63ec12,ed1b02a3a45901991ae992196063dcad621083ed55eaeb5fe47204c8736d2872,prior-enabled-data-shape,100,467463820,16453536,2.465937156300568,0.08679470658674596
for-hire,101,for-hire-2023-06,2023-06,2024-05,measured,fixed-128,128,189898437,216.699387,466695945,16405664,466695945,16405664,2,2,True,eae3a3a104d8f42e528391e0e10b7d162fcf82341f34dc8c65bdcc348502c63d,da29c1d51c2232274fe17a46eb6a5901f6114d9bde467ea40d6525681319fe80,,,,,,
for-hire,101,for-hire-2023-06,2023-06,2024-05,measured,fixed-1024,1024,189898437,183.80366,466695745,16405664,466695745,16405664,1,1,True,eae3a3a104d8f42e528391e0e10b7d162fcf82341f34dc8c65bdcc348502c63d,7302db1b5a09f411aa3a5c760eaa4a4683b4007b6d066ec5ce2057390184ce74,,,,,,
for-hire,101,for-hire-2023-06,2023-06,2024-05,measured,enabled,416,189898437,185.61772,466695745,16405664,466695745,16405664,1,1,True,eae3a3a104d8f42e528391e0e10b7d162fcf82341f34dc8c65bdcc348502c63d,a6f2d6ab40cfed133622e0f842dd167c271062edb3a58b7b62f8767e3dfc4c22,prior-enabled-data-shape,101,468362853,16474641,2.4663860369488537,0.08675501362906315
for-hire,102,for-hire-2023-07,2023-07,2024-06,measured,fixed-128,128,191894130,200.160507,471576584,16572758,471576584,16572758,2,2,True,82a6f533fb19d642c1bf24f448f813d2c2219b526971f2a1c3741247f739a1a3,7c8cfc280b6ba65ad2f45157c502774d366d3d5b19737dae8f76f720c5bda199,,,,,,
for-hire,102,for-hire-2023-07,2023-07,2024-06,measured,fixed-1024,1024,191894130,185.605321,471576384,16572758,471576384,16572758,1,1,True,82a6f533fb19d642c1bf24f448f813d2c2219b526971f2a1c3741247f739a1a3,bcbdba64b2b1c5a8140f1569474ce31d05ab11d3fbb7813be933ca0813568e7b,,,,,,
for-hire,102,for-hire-2023-07,2023-07,2024-06,measured,enabled,416,191894130,184.843957,471576384,16572758,471576384,16572758,1,1,True,82a6f533fb19d642c1bf24f448f813d2c2219b526971f2a1c3741247f739a1a3,be341458be279f566619521d5aae96ca587088a4b3cb00a49b75426a74bfccfa,prior-enabled-data-shape,102,473198865,16640668,2.465937156300568,0.08671796522399743
for-hire,103,for-hire-2023-08,2023-08,2024-07,measured,fixed-128,128,191714816,225.685235,471929556,16584654,471929556,16584654,2,2,True,c166941c05c430004522c81cafc6e371ee21623ac2c0070cd9434c59cc9a6581,2a7a8115b3db4c83c05f5290ffee2decd347b9239592c80f42c9fb700be36741,,,,,,
for-hire,103,for-hire-2023-08,2023-08,2024-07,measured,enabled,416,191714816,189.014729,471929356,16584654,471929356,16584654,1,1,True,c166941c05c430004522c81cafc6e371ee21623ac2c0070cd9434c59cc9a6581,1fd1efffec5ba049f9979ae061bf5aa495b34e6f88445b3230c1441f14c05fe2,prior-enabled-data-shape,103,472616570,16624514,2.4652062881170718,0.08671481022247823
for-hire,103,for-hire-2023-08,2023-08,2024-07,measured,fixed-1024,1024,191714816,193.541488,471929356,16584654,471929356,16584654,1,1,True,c166941c05c430004522c81cafc6e371ee21623ac2c0070cd9434c59cc9a6581,f9103a0f116da02f093ed2d5198fede76bd21a324c684eeda73df335d569924b,,,,,,
for-hire,104,for-hire-2023-09,2023-09,2024-08,measured,enabled,416,191712016,188.428729,473096187,16628773,473096187,16628773,1,1,True,6a1941e982b59a1a0dcf133d6344fabacfcfe9391bd58dd5fd84c73e80aefc7a,ac07328e5e2d018a027b8dec21298ddebca31f24c3040a6f14765c65878f3bb0,prior-enabled-data-shape,104,471922463,16584412,2.461621724634991,0.08650689782890854
for-hire,104,for-hire-2023-09,2023-09,2024-08,measured,fixed-128,128,191712016,208.783672,473096195,16628773,473096195,16628773,2,2,True,6a1941e982b59a1a0dcf133d6344fabacfcfe9391bd58dd5fd84c73e80aefc7a,374571415090f87756cad9e5c93bd77c28e700fbd20bd9a12b8d3d6f61966df5,,,,,,
for-hire,104,for-hire-2023-09,2023-09,2024-08,measured,fixed-1024,1024,191712016,186.303966,473096187,16628773,473096187,16628773,1,1,True,6a1941e982b59a1a0dcf133d6344fabacfcfe9391bd58dd5fd84c73e80aefc7a,f901ad1e094f781da88e1d8f93bdea2b0d2dee6634a8aa1d37399ab11a3a1d7e,,,,,,
for-hire,105,for-hire-2023-10,2023-10,2024-09,measured,fixed-1024,1024,195420655,199.730594,485172884,17053845,485172884,17053845,1,1,True,06a7b1784cf93c8e578aa1bb4c9860781c65ff3797d563d0b765af69c6830807,3d73e81df7934465e68bed615f9b64e89fab397234716f606fb88f8c450148cb,,,,,,
for-hire,105,for-hire-2023-10,2023-10,2024-09,measured,fixed-128,128,195420655,226.358139,485172892,17053845,485172892,17053845,2,2,True,06a7b1784cf93c8e578aa1bb4c9860781c65ff3797d563d0b765af69c6830807,3f5d543d7de318e27a5ec6a26a3de1d01e09dc45b90cfc8e14102d245f22dc6e,,,,,,
for-hire,105,for-hire-2023-10,2023-10,2024-09,measured,enabled,416,195420655,190.276942,485172884,17053845,485172884,17053845,1,1,True,06a7b1784cf93c8e578aa1bb4c9860781c65ff3797d563d0b765af69c6830807,24f4a532d743c2a31f192ad1fd4242ce4e8f46459bce554d882ceb7c3502f989,prior-enabled-data-shape,105,481752228,16946482,2.4652062881170718,0.08671796522399743
for-hire,106,for-hire-2023-11,2023-11,2024-10,measured,fixed-128,128,193600384,207.532611,479101498,16846638,479101498,16846638,2,2,True,0b20ef47530fb950ad491be98810ed5ac3fee823324681cd12ee7b41530927ca,3f47f327a743006b0df2033867d7f4535116ef4b45b0e06e89c590b3c7eac405,,,,,,
for-hire,106,for-hire-2023-11,2023-11,2024-10,measured,fixed-1024,1024,193600384,185.466819,479101490,16846638,479101490,16846638,1,1,True,0b20ef47530fb950ad491be98810ed5ac3fee823324681cd12ee7b41530927ca,e7f775dd1d3bcaf5b159589324fecf6ad88832cfddb2b5e1432a79ba124ab7bc,,,,,,
for-hire,106,for-hire-2023-11,2023-11,2024-10,measured,enabled,416,193600384,184.856935,479101490,16846638,479101490,16846638,1,1,True,0b20ef47530fb950ad491be98810ed5ac3fee823324681cd12ee7b41530927ca,e7a250d15609372f1099e0aaa296ea2a9e4cca1a1fc8c94fbe645ab7e9340e4b,prior-enabled-data-shape,106,477493284,16792567,2.4663860369488537,0.08673829291952154
for-hire,107,for-hire-2023-12,2023-12,2024-11,measured,fixed-1024,1024,196344596,185.874084,485935524,17093874,485935524,17093874,1,1,True,6a636f6ac65530c798dc7bad4a2669640a3f865dae8413523e44ddd8c62706dc,8a794a4b360c2783d95c9cccccaba0a8fc849eb0b5eee79289bee166c5b20877,,,,,,
for-hire,107,for-hire-2023-12,2023-12,2024-11,measured,fixed-128,128,196344596,218.869505,485935724,17093874,485935724,17093874,2,2,True,6a636f6ac65530c798dc7bad4a2669640a3f865dae8413523e44ddd8c62706dc,c44c399f5b77452395767e497c6e9937bd8661e9e64d76b1bca612cdcefaa0c1,,,,,,
for-hire,107,for-hire-2023-12,2023-12,2024-11,measured,enabled,416,196344596,193.090259,485935524,17093874,485935524,17093874,1,1,True,6a636f6ac65530c798dc7bad4a2669640a3f865dae8413523e44ddd8c62706dc,2bf23d5aa12ab743d2003e097362627c36a2d77fb8bb15aa7abe58f526afdecf,prior-enabled-data-shape,107,484528209,17030595,2.467744051056247,0.08673829291952154
for-hire,108,for-hire-2024-01,2024-01,2024-12,measured,fixed-128,128,201238012,225.256784,501055667,17630326,501055667,17630326,2,2,True,e0dc412bb4c829a951a78fe8a7c1b1c97fd090b1acc49626a619554e0e31d57b,9c20856d769dc6958b0ce628c62f512931a665a4e8d13a9b9b19d2a79742a7b8,,,,,,
for-hire,108,for-hire-2024-01,2024-01,2024-12,measured,fixed-1024,1024,201238012,185.814697,501055659,17630326,501055659,17630326,1,1,True,e0dc412bb4c829a951a78fe8a7c1b1c97fd090b1acc49626a619554e0e31d57b,6ce8ef481f5b62098ee25d31fadb0403bae54fb61885d651661e76678373e467,,,,,,
for-hire,108,for-hire-2024-01,2024-01,2024-12,measured,enabled,416,201238012,190.33986,501055659,17630326,501055659,17630326,1,1,True,e0dc412bb4c829a951a78fe8a7c1b1c97fd090b1acc49626a619554e0e31d57b,9edd01d4199f6977eec793da02841df8232caca402926d6c0199f2e73fc1d14a,prior-enabled-data-shape,108,498002274,17511246,2.4746928704438935,0.08701758566759868
for-hire,109,for-hire-2024-02,2024-02,2025-01,measured,fixed-1024,1024,206800241,196.835669,518071549,18238318,518071549,18238318,1,1,True,793ec93a431542a133ddcdece40222101803b0591b605eb2b73b2370301fff67,e4424272f413038c7b5e7c05ba467c9d6c0719e65ebb6eabb35b9ab0eb7d5425,,,,,,
for-hire,109,for-hire-2024-02,2024-02,2025-01,measured,fixed-128,128,206800241,207.564703,518071557,18238318,518071557,18238318,2,2,True,793ec93a431542a133ddcdece40222101803b0591b605eb2b73b2370301fff67,0aa4345d1a6f5890b75213920d619243781d302b9478a519dda72e0398d9858d,,,,,,
for-hire,109,for-hire-2024-02,2024-02,2025-01,measured,enabled,416,206800241,184.86538,518071549,18238318,518071549,18238318,1,1,True,793ec93a431542a133ddcdece40222101803b0591b605eb2b73b2370301fff67,c1ac30a3f044e88cf92c5e02d8d431dc46971fd8d9ee840e1b3b77226dd0a023,prior-enabled-data-shape,109,511812321,18004148,2.474911629347823,0.08706057792392717
for-hire,110,for-hire-2024-03,2024-03,2025-02,measured,enabled,416,210491071,198.771105,529262241,18640947,529262241,18640947,1,1,True,9dafbce386cba6de8d52d403ec20c2bbbd9bacf597cc59bec61c53e2d5d339b4,43f8b828a0929c2399382289b204970c27ed2f0396e1f7bdd3aefb6d8690a0eb,prior-enabled-data-shape,110,520946799,18325474,2.474911629347823,0.08706057792392717
for-hire,110,for-hire-2024-03,2024-03,2025-02,measured,fixed-128,128,210491071,217.931003,529262249,18640947,529262249,18640947,2,2,True,9dafbce386cba6de8d52d403ec20c2bbbd9bacf597cc59bec61c53e2d5d339b4,5088baf7ee7dea2d1bad29629925a8fba8113b30261a0fd679dde7c0fd2998a5,,,,,,
for-hire,110,for-hire-2024-03,2024-03,2025-02,measured,fixed-1024,1024,210491071,189.455657,529262241,18640947,529262241,18640947,1,1,True,9dafbce386cba6de8d52d403ec20c2bbbd9bacf597cc59bec61c53e2d5d339b4,39dba513fb60e1cbc95a5716bd08c228881eb9b8c126a6dccda9050921070703,,,,,,
for-hire,111,for-hire-2024-04,2024-04,2025-03,measured,fixed-128,128,216761775,281.786828,549173107,19354587,549173107,19354587,3,3,True,e27300c419c06fb750325c8b1e7e1fc8b0c02265560dc05b825d5fd6015dedaa,7cab679ca7c6c30c49e87936f94edba9d3dcc9e3defaa7f04cbe79dbf7522311,,,,,,
for-hire,111,for-hire-2024-04,2024-04,2025-03,measured,fixed-1024,1024,216761775,203.293509,549172899,19354587,549172899,19354587,1,1,True,e27300c419c06fb750325c8b1e7e1fc8b0c02265560dc05b825d5fd6015dedaa,223f3685d27435f63a4f29a00161d9193014ac8eff61f8eef8bc897a273f8df3,,,,,,
for-hire,111,for-hire-2024-04,2024-04,2025-03,measured,enabled,416,216761775,191.093855,549172899,19354587,549172899,19354587,1,1,True,e27300c419c06fb750325c8b1e7e1fc8b0c02265560dc05b825d5fd6015dedaa,8aeea3ec533b6b1ef560e13b8a9261f00b1adc62ed3ca2db7fb5713e02f508b9,prior-enabled-data-shape,111,539707747,18990352,2.489865875836619,0.08760932303386101
for-hire,112,for-hire-2024-05,2024-05,2025-04,measured,fixed-1024,1024,219213998,195.026954,556200105,19609439,556200105,19609439,1,1,True,34d3bd8f5b16e8cc5dae023e3fb4c07d684959706c5c445dcf174c46dfbd14a8,7572901eef5929d7e520fae877fb957cccfcbef2dac76a6e857b456c886891c5,,,,,,
for-hire,112,for-hire-2024-05,2024-05,2025-04,measured,fixed-128,128,219213998,271.755719,556200313,19609439,556200313,19609439,3,3,True,34d3bd8f5b16e8cc5dae023e3fb4c07d684959706c5c445dcf174c46dfbd14a8,05f548339d8888bcaa3325fae6e0ea87424812b268623ca368cf4ca114aeb0d2,,,,,,
for-hire,112,for-hire-2024-05,2024-05,2025-04,measured,enabled,416,219213998,190.386193,556200105,19609439,556200105,19609439,1,1,True,34d3bd8f5b16e8cc5dae023e3fb4c07d684959706c5c445dcf174c46dfbd14a8,207e44197a25b21f0f06efec3d420e92f646d88e563298359cac0983786bb263,prior-enabled-data-shape,112,549170228,19333124,2.5051786520887083,0.0881929243012826
for-hire,113,for-hire-2024-06,2024-06,2025-05,measured,fixed-1024,1024,227427984,211.186967,580254598,20467658,580254598,20467658,1,1,True,14a44a4c30cc743312476a0fb04c0f953a9f965cadb4ece6ef834cdaf460e9ad,7a8438b4a3bad3093834b53d924205507d09fda180b8cefa28f94371d9e8d2ff,,,,,,
for-hire,113,for-hire-2024-06,2024-06,2025-05,measured,fixed-128,128,227427984,280.168327,580254806,20467658,580254806,20467658,3,3,True,14a44a4c30cc743312476a0fb04c0f953a9f965cadb4ece6ef834cdaf460e9ad,987bddfe871dc36c3011cc727976bed98a3126ee54ba872bd4490e4542a98028,,,,,,
for-hire,113,for-hire-2024-06,2024-06,2025-05,measured,enabled,400,227427984,192.082249,580254598,20467658,580254598,20467658,1,1,True,14a44a4c30cc743312476a0fb04c0f953a9f965cadb4ece6ef834cdaf460e9ad,05c6e144de15dcc99293e0fff44852aa8a0a315198fc2be3eedb1103ce5c63cf,prior-enabled-data-shape,113,571848696,20140869,2.514416590146002,0.08855932421000413
for-hire,114,for-hire-2024-07,2024-07,2025-06,measured,fixed-1024,1024,235696972,199.69229,603736819,21312850,603736819,21312850,1,1,True,6572e9e610c9c20f0dd422281cf477545b480f7d01f219f38e9a7166e2c9cad5,f920047741a3237fda5e504929219dec75f16a926c0a75f283d0e5db3b702f36,,,,,,
for-hire,114,for-hire-2024-07,2024-07,2025-06,measured,enabled,400,235696972,200.387818,603736819,21312850,603736819,21312850,1,1,True,6572e9e610c9c20f0dd422281cf477545b480f7d01f219f38e9a7166e2c9cad5,0708c6fc1c70586f76da7ba2dc68f74ecdcfe1e986f10c3b091b0fc6a57e8c36,prior-enabled-data-shape,114,597145827,21045304,2.533532026114844,0.08928966834673688
for-hire,114,for-hire-2024-07,2024-07,2025-06,measured,fixed-128,128,235696972,271.666379,603737027,21312850,603737027,21312850,3,3,True,6572e9e610c9c20f0dd422281cf477545b480f7d01f219f38e9a7166e2c9cad5,e92f8155e165aa7c256b32dbb529451df87316c8710aa3192ad41a01bfc55010,,,,,,
for-hire,115,for-hire-2024-08,2024-08,2025-07,measured,enabled,400,243613745,204.000811,625896173,22117647,625896173,22117647,1,1,True,aedcc8011a2feb66e2a5e3c9baf7b6ab064b44d222c3edcd209114f1edb8f1c3,a0640667545203724ee969974a9fcfe3696f1b35ae9e5407b51f599f11afd885,prior-enabled-data-shape,115,618108295,21792080,2.5372472108282063,0.08945340707667765
for-hire,115,for-hire-2024-08,2024-08,2025-07,measured,fixed-128,128,243613745,277.562457,625896381,22117647,625896381,22117647,3,3,True,aedcc8011a2feb66e2a5e3c9baf7b6ab064b44d222c3edcd209114f1edb8f1c3,ffc72a34134493acb2c1144c646ba15faa394c535ec456d6d0b04702ca2fd987,,,,,,
for-hire,115,for-hire-2024-08,2024-08,2025-07,measured,fixed-1024,1024,243613745,196.583781,625896173,22117647,625896173,22117647,1,1,True,aedcc8011a2feb66e2a5e3c9baf7b6ab064b44d222c3edcd209114f1edb8f1c3,a1d62eb3df64bb1c8c8ba100d3c7f05cf218975b3cc86c987a120bef56eaa97e,,,,,,
for-hire,116,for-hire-2024-09,2024-09,2025-08,measured,fixed-128,128,251103153,327.892085,647345654,22890030,647345654,22890030,3,3,True,626e651709bfda58743e7e95f8e5bfd6bb74ce5efbb967ea8a4f6f663460384f,0c202825eed4d937370e47ceff6721ebb980939f4c3abf06df5e7d46018743ed,,,,,,
for-hire,116,for-hire-2024-09,2024-09,2025-08,measured,fixed-1024,1024,251103153,211.452736,647345446,22890030,647345446,22890030,1,1,True,626e651709bfda58743e7e95f8e5bfd6bb74ce5efbb967ea8a4f6f663460384f,fd56a1bc833c624241cbe54a15a3966f291085d5c9dbd23e68ec87f05e127471,,,,,,
for-hire,116,for-hire-2024-09,2024-09,2025-08,measured,enabled,400,251103153,197.749928,647345446,22890030,647345446,22890030,1,1,True,626e651709bfda58743e7e95f8e5bfd6bb74ce5efbb967ea8a4f6f663460384f,2778918c8d25b756e4a8d983cc9853340622fbc007fbf52eea366d6303c5eab9,prior-enabled-data-shape,116,640658887,22598334,2.551377309838881,0.08999621612087982
for-hire,117,for-hire-2024-10,2024-10,2025-09,measured,fixed-1024,1024,255098764,218.070746,658857138,23320947,658857138,23320947,1,1,True,a7a73169951a642b29c66e59f08a5352c4121657fd7625c1652845115fb80132,30ed70ec467a502de67b838769dbf44b32127197142714eccfbbb9909ba9d320,,,,,,
for-hire,117,for-hire-2024-10,2024-10,2025-09,measured,fixed-128,128,255098764,282.53341,658857346,23320947,658857346,23320947,3,3,True,a7a73169951a642b29c66e59f08a5352c4121657fd7625c1652845115fb80132,13e32d68f1b544f7df7eb93b4f2a7fa3211c46ae14258aa16468112320869f27,,,,,,
for-hire,117,for-hire-2024-10,2024-10,2025-09,measured,enabled,400,255098764,209.183015,658857138,23320947,658857138,23320947,1,1,True,a7a73169951a642b29c66e59f08a5352c4121657fd7625c1652845115fb80132,113db716f33842e33e820b7d8a6a3249790278d996d4c1ba1a3e45b5c9700026,prior-enabled-data-shape,117,653434429,23067253,2.561495864274404,0.09042479340803751
for-hire,118,for-hire-2024-11,2024-11,2025-10,measured,fixed-1024,1024,264846057,207.896644,687192420,24346331,687192420,24346331,1,1,True,2fcc0c7d24ea1a3c05ebb089d554938780e0ef4c22b26d04e1142561ea5d00d2,55434308a3b3b686de35e1f85d74a66b3b4fdc59ea0851c0e2a39c1a04e5bbb1,,,,,,
for-hire,118,for-hire-2024-11,2024-11,2025-10,measured,fixed-128,128,264846057,274.689797,687192628,24346331,687192628,24346331,3,3,True,2fcc0c7d24ea1a3c05ebb089d554938780e0ef4c22b26d04e1142561ea5d00d2,1566fa3ff5489a2fa32fa769235c553b8cdf4ab14e2d9126626411c9ec4a3c64,,,,,,
for-hire,118,for-hire-2024-11,2024-11,2025-10,measured,enabled,400,264846057,205.242771,687192420,24346331,687192420,24346331,1,1,True,2fcc0c7d24ea1a3c05ebb089d554938780e0ef4c22b26d04e1142561ea5d00d2,0337ece9cb5ca3b31e7124091aee52da4b743cb2163edfd8ec16a24431b2b1eb,prior-enabled-data-shape,118,680446555,24045325,2.569215349486951,0.09078981565674794
for-hire,119,for-hire-2024-12,2024-12,2025-11,measured,fixed-1024,1024,271806537,223.557733,706002038,25033853,706002038,25033853,1,1,True,cb798d29915570125e3444f90753b21b3b76c77e30eda5a1589651cd659c7f1e,11c217b178b69e0d6092f0f9848b6d4ce986d2e0183eefa82643d5e42ee1e199,,,,,,
for-hire,119,for-hire-2024-12,2024-12,2025-11,measured,enabled,400,271806537,218.589471,706002038,25033853,706002038,25033853,1,1,True,cb798d29915570125e3444f90753b21b3b76c77e30eda5a1589651cd659c7f1e,f1ce78c4067b2406e7a3bf7934558f496730bfdb003c3877b9160b0dffc4e80a,prior-enabled-data-shape,119,700718895,24777307,2.578006043595956,0.09115787566395074
for-hire,119,for-hire-2024-12,2024-12,2025-11,measured,fixed-128,128,271806537,300.868825,706002054,25033853,706002054,25033853,3,3,True,cb798d29915570125e3444f90753b21b3b76c77e30eda5a1589651cd659c7f1e,01caf06c943606de59ecdbff967de2ebff67bf246f33925473ae274504a3ac2d,,,,,,
for-hire,120,for-hire-2025-01,2025-01,2025-12,measured,fixed-128,128,272496112,286.659792,705550843,25047544,705550843,25047544,3,3,True,00f586954e16383032ef17be03b990cf92c48ff87b6cf506cf1a173a1a98b28b,882c3493795e95628f475f7c6c1713a07ab747ae23e68a83278c135cfee4a406,,,,,,
for-hire,120,for-hire-2025-01,2025-01,2025-12,measured,fixed-1024,1024,272496112,223.631985,705550635,25047544,705550635,25047544,1,1,True,00f586954e16383032ef17be03b990cf92c48ff87b6cf506cf1a173a1a98b28b,6695f3ff1469f6c7c0dd6b7383892a180173183177c74523cf4ac324a89c16e4,,,,,,
for-hire,120,for-hire-2025-01,2025-01,2025-12,measured,enabled,400,272496112,223.303264,705550635,25047544,705550635,25047544,1,1,True,00f586954e16383032ef17be03b990cf92c48ff87b6cf506cf1a173a1a98b28b,de7655b887248bc293afc837f9e6048096237158e451ec19ad9ecfc331cb2dbb,prior-enabled-data-shape,120,703790193,24911400,2.5827531567342286,0.09141928653170582
for-hire,121,for-hire-2025-02,2025-02,2026-01,measured,fixed-1024,1024,273481607,221.940112,706118571,25091158,706118571,25091158,1,1,True,01a60e4da1a78cdf9948c89217e4d0e28e377bd59d1c1f2b202605458b7dc84c,f4594331284b60f84d504c88463af4fbd169062d20f933644c808a22be4a2861,,,,,,
for-hire,121,for-hire-2025-02,2025-02,2026-01,measured,fixed-128,128,273481607,313.939935,706118779,25091158,706118779,25091158,3,3,True,01a60e4da1a78cdf9948c89217e4d0e28e377bd59d1c1f2b202605458b7dc84c,a90b246f245c139a586343b8e09d001b1912a6186a0ce99f245f8248f9f1290e,,,,,,
for-hire,121,for-hire-2025-02,2025-02,2026-01,measured,enabled,400,273481607,212.321665,706118571,25091158,706118571,25091158,1,1,True,01a60e4da1a78cdf9948c89217e4d0e28e377bd59d1c1f2b202605458b7dc84c,18335e0ebd2b63aee8c57e93d9809ea0898ff6e9a9f49a444907cb30536a3e0a,prior-enabled-data-shape,121,708102292,25138130,2.589213584816212,0.09191890414935534
for-hire,122,for-hire-2025-03,2025-03,2026-02,measured,fixed-128,128,277037221,334.562881,716691274,25460965,716691274,25460965,3,3,True,21e8b836bdf4f1fc6995de471b0d6ba633e35b72b4fa482dd26be38f57dd85cb,de89485b82437d19905f5bfdc43aa688bbc2aa72bdcd2e79d2003a03990ded0d,,,,,,
for-hire,122,for-hire-2025-03,2025-03,2026-02,measured,fixed-1024,1024,277037221,214.891171,716691066,25460965,716691066,25460965,1,1,True,21e8b836bdf4f1fc6995de471b0d6ba633e35b72b4fa482dd26be38f57dd85cb,056edb75525f12c04fb4fb032e4cfc917ad90603077788f32eb5c21c0b39af86,,,,,,
for-hire,122,for-hire-2025-03,2025-03,2026-02,measured,enabled,400,277037221,216.408814,716691066,25460965,716691066,25460965,1,1,True,21e8b836bdf4f1fc6995de471b0d6ba633e35b72b4fa482dd26be38f57dd85cb,78f7196da01965408610bed0535c06a48970447a1047691e8e03c74d701d23a0,prior-enabled-data-shape,122,715518757,25417375,2.5827531567342286,0.09174714992807542
for-hire,123,for-hire-2025-04,2025-04,2026-03,measured,fixed-128,128,279630223,322.253537,720838820,25638663,720838820,25638663,3,3,True,cfba58904375c72b82f9f91888a3cb153d1a212f9ec817143a0b9810086bd230,b322938e67ce45dc96485618d0f7afd5a5c52d736178ef7c18554e9f264e567c,,,,,,
for-hire,123,for-hire-2025-04,2025-04,2026-03,measured,enabled,400,279630223,215.423386,720838612,25638663,720838612,25638663,1,1,True,cfba58904375c72b82f9f91888a3cb153d1a212f9ec817143a0b9810086bd230,7383cb00d4156e62cabb7bbe12fda8f1cfccdf359d5f132cc71b957da7d45162,prior-enabled-data-shape,123,723399123,25699274,2.586984750327105,0.09190449177946382
for-hire,123,for-hire-2025-04,2025-04,2026-03,measured,fixed-1024,1024,279630223,222.64854,720838612,25638663,720838612,25638663,1,1,True,cfba58904375c72b82f9f91888a3cb153d1a212f9ec817143a0b9810086bd230,5c111e39ac32c0f743db3454f571764d9ef9f01feafa974f8ca95664429a8c4f,,,,,,
for-hire,124,for-hire-2025-05,2025-05,2026-04,measured,fixed-128,128,283839382,339.082789,732154804,26064815,732154804,26064815,3,3,True,af8931b181689565c4cfe3b16df4d75cc8d0f39f704ca288a1a63ed75b515a73,020b90ee1e60152054987449d937de3e61e9f2bd84cc85b574b638d36fd5fd44,,,,,,
for-hire,124,for-hire-2025-05,2025-05,2026-04,measured,fixed-1024,1024,283839382,218.896648,732154596,26064815,732154596,26064815,1,1,True,af8931b181689565c4cfe3b16df4d75cc8d0f39f704ca288a1a63ed75b515a73,bf3110791e62699cad0247358c95b95f2ee18aaec7b12304885259333b556abf,,,,,,
for-hire,124,for-hire-2025-05,2025-05,2026-04,measured,enabled,400,283839382,224.533903,732154596,26064815,732154596,26064815,1,1,True,af8931b181689565c4cfe3b16df4d75cc8d0f39f704ca288a1a63ed75b515a73,bf36b5ae554e48e32d59e87b9ebbf116c961fe776cc703cb9846abcdbebc4315,prior-enabled-data-shape,124,732861932,26041454,2.5819600036210115,0.09174714992807542
high-volume-for-hire,0,high-volume-for-hire-2019-02,2019-02,2020-01,warmup,enabled,128,6542274501,4701.127359,6220491840,255199632,6220491840,255199632,12,50,True,fa1af252869dd0bda29668f33d43e14b6445c24088a570fcdc44b8e4e19ef37a,07fbbdf23ba24c6ff76b051aa9632a74681418fc24fdbf85d5b5995f30ded8cb,cold-start-fallback,0,,,,
high-volume-for-hire,0,high-volume-for-hire-2019-02,2019-02,2020-01,warmup,fixed-128,128,6542274501,2868.685673,6220491840,255199632,6220491840,255199632,12,50,True,fa1af252869dd0bda29668f33d43e14b6445c24088a570fcdc44b8e4e19ef37a,05ed3dd5b5b5bca6b43d8cdc77d2ec63311f09d56fb37f38fdea19bdc8d6a068,,,,,,
high-volume-for-hire,0,high-volume-for-hire-2019-02,2019-02,2020-01,warmup,fixed-1024,1024,6542274501,1894.671858,6220491840,255199632,6220491840,255199632,9,9,True,fa1af252869dd0bda29668f33d43e14b6445c24088a570fcdc44b8e4e19ef37a,986a9cb0a049981582ede8b179aece438d3faba9d286997bfc97276b1968e012,,,,,,
high-volume-for-hire,0,high-volume-for-hire-2019-02,2019-02,2020-01,measured,fixed-1024,1024,6542274501,2025.473831,6220491840,255199632,6220491840,255199632,9,9,True,fa1af252869dd0bda29668f33d43e14b6445c24088a570fcdc44b8e4e19ef37a,7a23315dccf9baf846e179171d439a1d139f9525273841051a905e1ce4579676,,,,,,
high-volume-for-hire,0,high-volume-for-hire-2019-02,2019-02,2020-01,measured,enabled,128,6542274501,2776.871122,6220491840,255199632,6220491840,255199632,12,50,True,fa1af252869dd0bda29668f33d43e14b6445c24088a570fcdc44b8e4e19ef37a,8227d0438aa696ae915af8c0295f1c41ebf398dc689c31236e0bc93d9dc9fddd,cold-start-fallback,0,,,,
high-volume-for-hire,0,high-volume-for-hire-2019-02,2019-02,2020-01,measured,fixed-128,128,6542274501,2633.81112,6220491840,255199632,6220491840,255199632,12,50,True,fa1af252869dd0bda29668f33d43e14b6445c24088a570fcdc44b8e4e19ef37a,889b234907603fe78a6a71af27352ee898d12dd42d7110acd14321d01abf9b94,,,,,,
high-volume-for-hire,1,high-volume-for-hire-2019-03,2019-03,2020-02,measured,enabled,1024,6588094756,1732.067934,6258662928,256765630,6258662928,256765630,10,10,True,15ea833c55a6e4043134571b8cf5dfbf05c3b12563d7ce774e5e92678494eb99,058eb0f3f79f8a1f4fab77901bab1e63dcbfa95f308068b570d3113cfee53dbf,prior-enabled-data-shape,1,6264058420,256986979,0.9508148640123837,0.03900778421342489
high-volume-for-hire,1,high-volume-for-hire-2019-03,2019-03,2020-02,measured,fixed-128,128,6588094756,2687.879398,6258662928,256765630,6258662928,256765630,12,50,True,15ea833c55a6e4043134571b8cf5dfbf05c3b12563d7ce774e5e92678494eb99,3133eaa45e281c5e71e1b9f1a5f21b692ac253585b5a6c2e98524dd03ee1da39,,,,,,
high-volume-for-hire,1,high-volume-for-hire-2019-03,2019-03,2020-02,measured,fixed-1024,1024,6588094756,2132.116875,6258662928,256765630,6258662928,256765630,10,10,True,15ea833c55a6e4043134571b8cf5dfbf05c3b12563d7ce774e5e92678494eb99,48312f3d2abf2a95091749b6ea1f87a54a398294c120b286bf2cfbb1fbc7aa9c,,,,,,
high-volume-for-hire,2,high-volume-for-hire-2019-04,2019-04,2020-03,measured,fixed-1024,1024,6323718888,1941.935599,6003415872,246293960,6003415872,246293960,9,9,True,922a110c322c5d030e26b5021f24d4a2b41a75cbb107212981cd63de6b44523e,dff8dd4253cdc59711b2857e2c48c7e6478267a44206c8966b6bd8f1cdbbe4dc,,,,,,
high-volume-for-hire,2,high-volume-for-hire-2019-04,2019-04,2020-03,measured,enabled,1024,6323718888,1867.729648,6003415872,246293960,6003415872,246293960,9,9,True,922a110c322c5d030e26b5021f24d4a2b41a75cbb107212981cd63de6b44523e,620c8e8c37251c0b1fdc886b828a6fd6cba5ad059126545bb20f9f864bd26f5d,prior-enabled-data-shape,2,6007506941,246461796,0.9499958880069271,0.038974185938378446
high-volume-for-hire,2,high-volume-for-hire-2019-04,2019-04,2020-03,measured,fixed-128,128,6323718888,2660.95432,6003416064,246293960,6003416064,246293960,12,48,True,922a110c322c5d030e26b5021f24d4a2b41a75cbb107212981cd63de6b44523e,ada3b04f797cb59469794105b3e137cc816032e70ea8d1ecef26e8f5c40c1d15,,,,,,
high-volume-for-hire,3,high-volume-for-hire-2019-05,2019-05,2020-04,measured,fixed-1024,1024,5878897242,1570.597021,5578756776,228872047,5578756776,228872047,8,8,True,4f66fffb7d9851a423139d15b4caa0e84843731b88a4a1914556d057f671f424,d691ee413e02348ec09b494a0e17a6393ce4ceed45342c0f2f484cfe206dc3d6,,,,,,
high-volume-for-hire,3,high-volume-for-hire-2019-05,2019-05,2020-04,measured,enabled,1024,5878897242,1512.224731,5578756776,228872047,5578756776,228872047,8,8,True,4f66fffb7d9851a423139d15b4caa0e84843731b88a4a1914556d057f671f424,17ef1b697b04fa304cf759341ef68a1806c01f36a18f20ea5991c7962b458078,prior-enabled-data-shape,3,5584928206,229125234,0.9499958880069271,0.038974185938378446
high-volume-for-hire,3,high-volume-for-hire-2019-05,2019-05,2020-04,measured,fixed-128,128,5878897242,2711.780186,5578756968,228872047,5578756968,228872047,12,45,True,4f66fffb7d9851a423139d15b4caa0e84843731b88a4a1914556d057f671f424,c768eefd8887ada4b1f4f0b6cf57e10df680dead505f15f6220fe37c94599bd5,,,,,,
high-volume-for-hire,4,high-volume-for-hire-2019-06,2019-06,2020-05,measured,fixed-1024,1024,5468620769,1653.448525,5182925160,212632799,5182925160,212632799,8,8,True,63113395d93b936a2cd4f15fb672e23b2f7aa7a7d055c4e0986cc1c93d384257,7ecbcc42259c1d423d6aedd1306f5985c0fa6fccfb3488f2ade6ab6e7cd8e09b,,,,,,
high-volume-for-hire,4,high-volume-for-hire-2019-06,2019-06,2020-05,measured,fixed-128,128,5468620769,2598.521023,5182925352,212632799,5182925352,212632799,12,42,True,63113395d93b936a2cd4f15fb672e23b2f7aa7a7d055c4e0986cc1c93d384257,c6357c892036c2b4afe4a6516f3c6e628b4803481f7b3d741e8a766718b4d08b,,,,,,
high-volume-for-hire,4,high-volume-for-hire-2019-06,2019-06,2020-05,measured,enabled,1024,5468620769,1662.327455,5182925160,212632799,5182925160,212632799,8,8,True,63113395d93b936a2cd4f15fb672e23b2f7aa7a7d055c4e0986cc1c93d384257,6063c7ff7bf6043abff4511b5d8b982e9e05fb14f8d65658e05ef2481660b3de,prior-enabled-data-shape,4,5191629373,212989902,0.9493489477200177,0.038947645264145396
high-volume-for-hire,5,high-volume-for-hire-2019-07,2019-07,2020-06,measured,fixed-128,128,5130401624,2440.951097,4855159728,199186002,4855159728,199186002,12,40,True,ad84e13ddf97b4ad742ed968edc0a8203ad986f2e097a7b0497456d8128b237f,5bc407fada292620922267a6a8fef2754c6e189bbc5bc47bee37e8c5edfac3a3,,,,,,
high-volume-for-hire,5,high-volume-for-hire-2019-07,2019-07,2020-06,measured,fixed-1024,1024,5130401624,1434.242652,4855159344,199186002,4855159344,199186002,7,7,True,ad84e13ddf97b4ad742ed968edc0a8203ad986f2e097a7b0497456d8128b237f,2a3380a90b7faa1ca3af0b738f37d23c232f457c4c6d0170b996dadf01cc8b0d,,,,,,
high-volume-for-hire,5,high-volume-for-hire-2019-07,2019-07,2020-06,measured,enabled,1024,5130401624,1629.842233,4855159344,199186002,4855159344,199186002,7,7,True,ad84e13ddf97b4ad742ed968edc0a8203ad986f2e097a7b0497456d8128b237f,2fb5e41202bc762c6113ca75f37d6bf4642a13a83f1d23a1d1174082274528ef,prior-enabled-data-shape,5,4868474757,199732275,0.9489461282201469,0.03893111880998583
high-volume-for-hire,6,high-volume-for-hire-2019-08,2019-08,2020-07,measured,fixed-1024,1024,4874645806,1566.482332,4603003392,188841144,4603003392,188841144,7,7,True,e4be76591c31bee6d18c208e515c20e4a0c371027cca656d6a1cd6133dd58939,0fdc60265c237fdbd22dbb0f71c4ac4e11d6417cdf36f510617c872a531da205,,,,,,
high-volume-for-hire,6,high-volume-for-hire-2019-08,2019-08,2020-07,measured,fixed-128,128,4874645806,2528.569172,4603003968,188841144,4603003968,188841144,12,38,True,e4be76591c31bee6d18c208e515c20e4a0c371027cca656d6a1cd6133dd58939,b34224519499d9c43a955d1e5531ddf455d75082f4fddb4416e2de52c5114614,,,,,,
high-volume-for-hire,6,high-volume-for-hire-2019-08,2019-08,2020-07,measured,enabled,1024,4874645806,1562.41826,4603003392,188841144,4603003392,188841144,7,7,True,e4be76591c31bee6d18c208e515c20e4a0c371027cca656d6a1cd6133dd58939,00902d8b2ddfb80ca56b0a8a51e8c9fbc15e456748c64605c98712bb60df88e5,prior-enabled-data-shape,6,4625776264,189775415,0.9489461282201469,0.03893111880998583
high-volume-for-hire,7,high-volume-for-hire-2019-09,2019-09,2020-08,measured,fixed-1024,1024,4663657763,1491.027454,4382915208,179811883,4382915208,179811883,7,7,True,9365a8d5e5e0360c5d7269ce764799f7e2521ca19549ce5576617be7f40a15ae,1211bc25cb0b1cae8d9b57b8d37916586a59ccff69ab611fc401bb9bfbc92e81,,,,,,
high-volume-for-hire,7,high-volume-for-hire-2019-09,2019-09,2020-08,measured,fixed-128,128,4663657763,2160.734812,4382915784,179811883,4382915784,179811883,12,36,True,9365a8d5e5e0360c5d7269ce764799f7e2521ca19549ce5576617be7f40a15ae,b35040a26fa8d8c2ee9c9ddbb45be4f03e47710616e6ba2d61f9cc5b1463623c,,,,,,
high-volume-for-hire,7,high-volume-for-hire-2019-09,2019-09,2020-08,measured,enabled,1024,4663657763,1577.451344,4382915208,179811883,4382915208,179811883,7,7,True,9365a8d5e5e0360c5d7269ce764799f7e2521ca19549ce5576617be7f40a15ae,16e1189dddc2ad26406c2fc42087293ec7f6caa1b776ae856961613af7b3b9cb,prior-enabled-data-shape,7,4420015609,181333950,0.9477572826736269,0.038882344924217944
high-volume-for-hire,8,high-volume-for-hire-2019-10,2019-10,2020-09,measured,enabled,1024,4462402560,1555.786027,4188825576,171849231,4188825576,171849231,7,7,True,a358128400fc4209346aab39d2f10eb9de2c5f6612b743f34bcd0182c7253938,a705c75a4af3e0fd5b905d6057142eb7aedd10eb3116904a41b7eda028534f63,prior-enabled-data-shape,8,4222997939,173251178,0.9463507342753796,0.03882464114860104
high-volume-for-hire,8,high-volume-for-hire-2019-10,2019-10,2020-09,measured,fixed-1024,1024,4462402560,1566.204567,4188825576,171849231,4188825576,171849231,7,7,True,a358128400fc4209346aab39d2f10eb9de2c5f6612b743f34bcd0182c7253938,681c255ddd261f0769d3f7944d28d688d607717e083660f35cdbea676411f9f5,,,,,,
high-volume-for-hire,8,high-volume-for-hire-2019-10,2019-10,2020-09,measured,fixed-128,128,4462402560,2423.90172,4188826152,171849231,4188826152,171849231,12,35,True,a358128400fc4209346aab39d2f10eb9de2c5f6612b743f34bcd0182c7253938,2255bd5fd325d2d72e233d65cb7381f8254cc2fb362b60430922f9138819edb3,,,,,,
high-volume-for-hire,9,high-volume-for-hire-2019-11,2019-11,2020-10,measured,fixed-1024,1024,4258210326,1330.64503,3996412224,163955352,3996412224,163955352,6,6,True,0acfdccc56811e63a86565dbbf2eef00c17df344a973d4a8f42d69d430bdffc9,bb1f450c2f519c65b449e547b2aa7dc536b520f0756dd5dc108a552017acaad9,,,,,,
high-volume-for-hire,9,high-volume-for-hire-2019-11,2019-11,2020-10,measured,fixed-128,128,4258210326,2294.477188,3996412800,163955352,3996412800,163955352,12,34,True,0acfdccc56811e63a86565dbbf2eef00c17df344a973d4a8f42d69d430bdffc9,a60ec548ac3ffdc7054d149cbed401adfe6657a57ed66f2fb8c854bc9a3d9efc,,,,,,
high-volume-for-hire,9,high-volume-for-hire-2019-11,2019-11,2020-10,measured,enabled,1024,4258210326,1168.414881,3996412224,163955352,3996412224,163955352,6,6,True,0acfdccc56811e63a86565dbbf2eef00c17df344a973d4a8f42d69d430bdffc9,56ed3f91513d9d8f53893eb3eac281b25d6717431f0608839bffc395d9505790,prior-enabled-data-shape,9,4020919130,164960767,0.9442744304282279,0.038739459545463435
high-volume-for-hire,10,high-volume-for-hire-2019-12,2019-12,2020-11,measured,fixed-1024,1024,3999054814,1213.147177,3751718808,153916649,3751718808,153916649,5,5,True,e4bf78243f84a986b4969414061e1f93210ab413a9728a1246cb47452141f6e6,d653c8e0fcaa186cdee5a15c23f097d5dfd8e7fcc527eb995109cba84d36f195,,,,,,
high-volume-for-hire,10,high-volume-for-hire-2019-12,2019-12,2020-11,measured,fixed-128,128,3999054814,2275.104779,3751719576,153916649,3751719576,153916649,12,32,True,e4bf78243f84a986b4969414061e1f93210ab413a9728a1246cb47452141f6e6,e6f5711554e9ce5cb11211dc2a1444e757c59ec5d68219d63b96f46202eea396,,,,,,
high-volume-for-hire,10,high-volume-for-hire-2019-12,2019-12,2020-11,measured,enabled,1024,3999054814,1198.21804,3751718808,153916649,3751718808,153916649,5,5,True,e4bf78243f84a986b4969414061e1f93210ab413a9728a1246cb47452141f6e6,33b0f7d272af50a62575e66d360c6f44431d730f54c3910e297523c899e0ff33,prior-enabled-data-shape,10,3758319982,154187467,0.9398020675472109,0.03855597733319352
high-volume-for-hire,11,high-volume-for-hire-2020-01,2020-01,2020-12,measured,enabled,1024,3725669966,1192.309495,3493178664,143309871,3493178664,143309871,5,5,True,71cf5e288b84bb95d059ccb4bf9e4b99190894bafa7500d7d259fb3a4a7628fe,55590db883855d918a92bb60ecf191c6d22f1767c2f2d85fe046c51b02451db3,prior-enabled-data-shape,11,3497259925,143477311,0.9386928946186334,0.038510472484131954
high-volume-for-hire,11,high-volume-for-hire-2020-01,2020-01,2020-12,measured,fixed-1024,1024,3725669966,1205.25632,3493178664,143309871,3493178664,143309871,5,5,True,71cf5e288b84bb95d059ccb4bf9e4b99190894bafa7500d7d259fb3a4a7628fe,c1492798877691413d76beae9d88882e7065feacacefca0e54d59cbe5c057043,,,,,,
high-volume-for-hire,11,high-volume-for-hire-2020-01,2020-01,2020-12,measured,fixed-128,128,3725669966,2287.655677,3493179240,143309871,3493179240,143309871,12,30,True,71cf5e288b84bb95d059ccb4bf9e4b99190894bafa7500d7d259fb3a4a7628fe,e35f43705aaf151e02034e8046c0686d1c99a8931c459600c68aa199575fc057,,,,,,
high-volume-for-hire,12,high-volume-for-hire-2020-02,2020-02,2021-01,measured,enabled,1024,3503318970,926.362242,3282069000,134648971,3282069000,134648971,4,4,True,afd0d9350acf9247b1b7e878ae3e2361c3fc9ca50f4eae023c254eb3eeb0ff55,ffaed389724562f28dd8aaa5115bab977b1fa685bb78fb83a62837d6cca2106b,prior-enabled-data-shape,12,3287932179,134889508,0.9385192177094918,0.03850334752112007
high-volume-for-hire,12,high-volume-for-hire-2020-02,2020-02,2021-01,measured,fixed-128,128,3503318970,2208.406761,3282069768,134648971,3282069768,134648971,12,28,True,afd0d9350acf9247b1b7e878ae3e2361c3fc9ca50f4eae023c254eb3eeb0ff55,3966f896b6a841f48d7bc22a3ccf88ded11cd812385872fbbe04eb70135723cc,,,,,,
high-volume-for-hire,12,high-volume-for-hire-2020-02,2020-02,2021-01,measured,fixed-1024,1024,3503318970,858.071926,3282069000,134648971,3282069000,134648971,4,4,True,afd0d9350acf9247b1b7e878ae3e2361c3fc9ca50f4eae023c254eb3eeb0ff55,f30cefe5005ad87ac030dc100f0c4cdfe3bc0ab741df2621de8033ad559f0338,,,,,,
high-volume-for-hire,13,high-volume-for-hire-2020-03,2020-03,2021-02,measured,fixed-1024,1024,3247077303,954.07977,3035609592,124537813,3035609592,124537813,4,4,True,e262f01e7e576694e8f8995fedda0ac794ce52e66d9f8243b9f85ea6d1e9f601,3dd7882e836c507a9215c89d64950ea6a80d33e3d7b15bff026fec6abd492281,,,,,,
high-volume-for-hire,13,high-volume-for-hire-2020-03,2020-03,2021-02,measured,fixed-128,128,3247077303,2122.744536,3035610360,124537813,3035610360,124537813,12,26,True,e262f01e7e576694e8f8995fedda0ac794ce52e66d9f8243b9f85ea6d1e9f601,88816943d2d987df855efc2cdca8ca27f30b5d47244aeefbd335f3246ac0b5fc,,,,,,
high-volume-for-hire,13,high-volume-for-hire-2020-03,2020-03,2021-02,measured,enabled,1024,3247077303,1002.821401,3035609592,124537813,3035609592,124537813,4,4,True,e262f01e7e576694e8f8995fedda0ac794ce52e66d9f8243b9f85ea6d1e9f601,873d38a065fcd6dd8688d983b52f8c4da86a73e2bffd99344cf190943ba74bc8,prior-enabled-data-shape,13,3046250065,124974345,0.938151383888483,0.0384882568903943
high-volume-for-hire,14,high-volume-for-hire-2020-04,2020-04,2021-03,measured,enabled,1024,3268969704,978.167272,3055949712,125372278,3055949712,125372278,4,4,True,783a740271f8ae7c21cc600099868764f57e39bd93ed198ba29a075f12c69272,29a9c832fad9ca224182092670e110506e4a3aae63f16d2dd7ab1e8012871431,prior-enabled-data-shape,14,3064977662,125742653,0.9375974511640358,0.03846553030940154
high-volume-for-hire,14,high-volume-for-hire-2020-04,2020-04,2021-03,measured,fixed-1024,1024,3268969704,966.61171,3055949712,125372278,3055949712,125372278,4,4,True,783a740271f8ae7c21cc600099868764f57e39bd93ed198ba29a075f12c69272,fd6ccd4a623eb4b48223266884b397f4321fca4c4adffb3be38b541187fb93cb,,,,,,
high-volume-for-hire,14,high-volume-for-hire-2020-04,2020-04,2021-03,measured,fixed-128,128,3268969704,2296.723276,3055950288,125372278,3055950288,125372278,12,26,True,783a740271f8ae7c21cc600099868764f57e39bd93ed198ba29a075f12c69272,3b5d0fe1097e898cef896d092fd4c244dd09c36e2cd8a403195b3afb74ec0c2a,,,,,,
high-volume-for-hire,15,high-volume-for-hire-2020-05,2020-05,2021-04,measured,fixed-128,128,3522550739,2187.822278,3294787872,135170740,3294787872,135170740,12,28,True,8bd975b064e4184d1f05c8d5795211512b180f2d3439543176c02b0e39da3ab7,a77835122da04eb83e4607bdebe4ee992833ecd1a10479b50f34e09b343830d9,,,,,,
high-volume-for-hire,15,high-volume-for-hire-2020-05,2020-05,2021-04,measured,enabled,1024,3522550739,943.417922,3294787296,135170740,3294787296,135170740,4,4,True,8bd975b064e4184d1f05c8d5795211512b180f2d3439543176c02b0e39da3ab7,8087f607a707c05b8772dfedce2a5d9d77ea0d12b92da9c470ef8b231c3e722f,prior-enabled-data-shape,15,3300086198,135388138,0.9368456107209673,0.038434687835461355
high-volume-for-hire,15,high-volume-for-hire-2020-05,2020-05,2021-04,measured,fixed-1024,1024,3522550739,1014.799103,3294787296,135170740,3294787296,135170740,4,4,True,8bd975b064e4184d1f05c8d5795211512b180f2d3439543176c02b0e39da3ab7,2fcb2f470e6133f0e218eeaed5bf33aa337ab5546c03a9e25de263f25d46ac4d,,,,,,
high-volume-for-hire,16,high-volume-for-hire-2020-06,2020-06,2021-05,measured,fixed-128,128,3749257448,2256.19591,3505123968,143799912,3505123968,143799912,12,30,True,cbd19c4419a2bcb0c810affba3c8db66e27642a2de238ce8e9a3b1d5599872eb,14320a35f5d2d01895ec7e6dc45fcd60bc571b67bbf711290f176495803e39d6,,,,,,
high-volume-for-hire,16,high-volume-for-hire-2020-06,2020-06,2021-05,measured,enabled,1024,3749257448,836.334784,3505123200,143799912,3505123200,143799912,4,4,True,cbd19c4419a2bcb0c810affba3c8db66e27642a2de238ce8e9a3b1d5599872eb,19a0f6be6541c1a01bf1cfa91cc0dac420851a4c0807843fb000bb8dd57ae17c,prior-enabled-data-shape,16,3506835451,143870150,0.9353413307923966,0.03837297175125232
high-volume-for-hire,16,high-volume-for-hire-2020-06,2020-06,2021-05,measured,fixed-1024,1024,3749257448,1007.174763,3505123200,143799912,3505123200,143799912,4,4,True,cbd19c4419a2bcb0c810affba3c8db66e27642a2de238ce8e9a3b1d5599872eb,4e4523c090e9b9e43e7d97dfa236c4c5ede3e50a0eab230c95d4f27b991e16eb,,,,,,
high-volume-for-hire,17,high-volume-for-hire-2020-07,2020-07,2021-06,measured,fixed-128,128,3945399417,2230.97545,3685662216,151206611,3685662216,151206611,12,31,True,d9780357172fbc6c59d3ea7a211d7c5be56f5812026a703dfc31ba6efba26d0b,3a81d9f5f4faae10e9668306ca1569e33600c86031daccf20aa42a690ece13d2,,,,,,
high-volume-for-hire,17,high-volume-for-hire-2020-07,2020-07,2021-06,measured,enabled,1024,3945399417,1159.596799,3685661640,151206611,3685661640,151206611,5,5,True,d9780357172fbc6c59d3ea7a211d7c5be56f5812026a703dfc31ba6efba26d0b,8ec565b749d4f6d730952fbfc9be92ba1d809898ff851cfd649472c842d8aef9,prior-enabled-data-shape,17,3690295141,151396700,0.9353413307923966,0.03837297175125232
high-volume-for-hire,17,high-volume-for-hire-2020-07,2020-07,2021-06,measured,fixed-1024,1024,3945399417,1256.710697,3685661640,151206611,3685661640,151206611,5,5,True,d9780357172fbc6c59d3ea7a211d7c5be56f5812026a703dfc31ba6efba26d0b,303fb77ac4fc773ab7e92799621b59e0f858b7684efa90c6ca31a2d4fd4ccd4a,,,,,,
high-volume-for-hire,18,high-volume-for-hire-2020-08,2020-08,2021-07,measured,fixed-1024,1024,4081113782,1258.360068,3809211528,156275331,3809211528,156275331,5,5,True,dd82c13ecb153ce4f4e767e19fe5702570e2349df6d07fef50a2ca79650a16f3,ea38544ccc027e45844dd5d495850a719d1b61b84b4d4f9af0525a7e8ad7c589,,,,,,
high-volume-for-hire,18,high-volume-for-hire-2020-08,2020-08,2021-07,measured,fixed-128,128,4081113782,2191.590413,3809212104,156275331,3809212104,156275331,12,32,True,dd82c13ecb153ce4f4e767e19fe5702570e2349df6d07fef50a2ca79650a16f3,eeafd3ced0ccbf40fabfb79bd41e25d9f631047331f994b0bca18610625323e4,,,,,,
high-volume-for-hire,18,high-volume-for-hire-2020-08,2020-08,2021-07,measured,enabled,1024,4081113782,1158.435482,3809211528,156275331,3809211528,156275331,5,5,True,dd82c13ecb153ce4f4e767e19fe5702570e2349df6d07fef50a2ca79650a16f3,8634b301f0bad706acd26f3868b1c8c3b18f0f2d5141821b5490457ac2765d89,prior-enabled-data-shape,18,3815370589,156528009,0.934884640122478,0.03835423787094388
high-volume-for-hire,19,high-volume-for-hire-2020-09,2020-09,2021-08,measured,enabled,1024,4172992841,1191.010607,3892156200,159678175,3892156200,159678175,5,5,True,ba72d4595af39e98f2d29dc8b2ae5446deba7c8e39fcd1ef75d90d12025a9c86,5ab0cb4d7808979111038536e83426e98c203e0168486f7d30b6302f806dc83f,prior-enabled-data-shape,19,3901224367,160050209,0.9348744451496047,0.03835381833531913
high-volume-for-hire,19,high-volume-for-hire-2020-09,2020-09,2021-08,measured,fixed-128,128,4172992841,2394.690182,3892156392,159678175,3892156392,159678175,12,33,True,ba72d4595af39e98f2d29dc8b2ae5446deba7c8e39fcd1ef75d90d12025a9c86,22a27d2359b44e64e287891f5a809e144b6991550c96e061977b21d2a441316d,,,,,,
high-volume-for-hire,19,high-volume-for-hire-2020-09,2020-09,2021-08,measured,fixed-1024,1024,4172992841,1215.547482,3892156200,159678175,3892156200,159678175,5,5,True,ba72d4595af39e98f2d29dc8b2ae5446deba7c8e39fcd1ef75d90d12025a9c86,4c96fa619bd0ef81faff26567f253d58bed6fa7ed943488f99555dbbf2469006,,,,,,
high-volume-for-hire,20,high-volume-for-hire-2020-10,2020-10,2021-09,measured,fixed-1024,1024,4251991241,1263.282013,3959903448,162457561,3959903448,162457561,5,5,True,ab83617e535fe58c4aa5e19f214667aff4cbaad67867618bf5f52de31e03c643,440d9b2071d43ac0a9dca1755da2f90f39897dc3f10f7cd96e6d66ad798a04e5,,,,,,
high-volume-for-hire,20,high-volume-for-hire-2020-10,2020-10,2021-09,measured,enabled,1024,4251991241,1089.738673,3959903448,162457561,3959903448,162457561,5,5,True,ab83617e535fe58c4aa5e19f214667aff4cbaad67867618bf5f52de31e03c643,54fed0da3405129d3080f1a91bbe32c24f6b6618e4df173657b998b8d874d0f9,prior-enabled-data-shape,20,3972069581,162956679,0.9341669246766657,0.03832479174313215
high-volume-for-hire,20,high-volume-for-hire-2020-10,2020-10,2021-09,measured,fixed-128,128,4251991241,2244.8059,3959904024,162457561,3959904024,162457561,12,33,True,ab83617e535fe58c4aa5e19f214667aff4cbaad67867618bf5f52de31e03c643,b390d89e50c1b7e767795b35cc4a52b98d81b7083914c680f9f717f5d7b1fbd3,,,,,,
high-volume-for-hire,21,high-volume-for-hire-2020-11,2020-11,2021-10,measured,fixed-1024,1024,4336929021,1094.790229,4039779120,165734506,4039779120,165734506,5,5,True,8315f9e479b1a4a10a158b89091962b1bccd60ffdcf30b6441d0ade7ab80c708,9f4160499f544325939ac6e062b7e13b3845ea5469b73c20c82a8378b52a2344,,,,,,
high-volume-for-hire,21,high-volume-for-hire-2020-11,2020-11,2021-10,measured,fixed-128,128,4336929021,2080.509284,4039779696,165734506,4039779696,165734506,12,34,True,8315f9e479b1a4a10a158b89091962b1bccd60ffdcf30b6441d0ade7ab80c708,bd21072a7b6d84f2273a930bfec7f6fe1c903c499155b266a407ee75fc1ced00,,,,,,
high-volume-for-hire,21,high-volume-for-hire-2020-11,2020-11,2021-10,measured,enabled,1024,4336929021,1171.905382,4039779120,165734506,4039779120,165734506,5,5,True,8315f9e479b1a4a10a158b89091962b1bccd60ffdcf30b6441d0ade7ab80c708,d667d7fa05b0b07614064f6c8a4c04405127fe8c275ad2b13e46b067834db580,prior-enabled-data-shape,21,4047983199,166071091,0.9333754782336035,0.03829232394579681
high-volume-for-hire,22,high-volume-for-hire-2020-12,2020-12,2021-11,measured,enabled,1024,4446134327,1313.439093,4148120448,170179280,4148120448,170179280,6,6,True,01a25a4d1ffe0bd99bdfca109be62bd48421aa1a1332244f0ae569fb7a7b1855,4c84759ff2de03a8eca688e533f1dffb0c4b4499fada6b1dc1396a8e58513c3a,prior-enabled-data-shape,22,4146915642,170129843,0.9327013844258834,0.03826466545332854
high-volume-for-hire,22,high-volume-for-hire-2020-12,2020-12,2021-11,measured,fixed-128,128,4446134327,2337.705385,4148121024,170179280,4148121024,170179280,12,35,True,01a25a4d1ffe0bd99bdfca109be62bd48421aa1a1332244f0ae569fb7a7b1855,2d07166ada70575b7eabed4fcbfa2febb3c6065300d011eb2957186fe070f3a6,,,,,,
high-volume-for-hire,22,high-volume-for-hire-2020-12,2020-12,2021-11,measured,fixed-1024,1024,4446134327,1314.117617,4148120448,170179280,4148120448,170179280,6,6,True,01a25a4d1ffe0bd99bdfca109be62bd48421aa1a1332244f0ae569fb7a7b1855,b8c0ccf240aeb83f1853ce306d29b1b44e2a153c5dcb2b48f031f8f9fb1f48a5,,,,,,
high-volume-for-hire,23,high-volume-for-hire-2021-01,2021-01,2021-12,measured,enabled,1024,4553804415,1276.101725,4255793952,174596652,4255793952,174596652,6,6,True,d94a158a5645affe383d82f94111bfd65df080c5b8e23e9e2d58b7549396e822,9a53948166c0bdf8eae89c34ca41f0b4d1250f7a668e846234acfa82dd361fc9,prior-enabled-data-shape,23,4248573664,174300437,0.9329723627128731,0.038275784644326606
high-volume-for-hire,23,high-volume-for-hire-2021-01,2021-01,2021-12,measured,fixed-128,128,4553804415,2416.414609,4255794528,174596652,4255794528,174596652,12,36,True,d94a158a5645affe383d82f94111bfd65df080c5b8e23e9e2d58b7549396e822,720ef3988df8092d005da458290c6dc84334e185244f1a11c78b389bdf2864d9,,,,,,
high-volume-for-hire,23,high-volume-for-hire-2021-01,2021-01,2021-12,measured,fixed-1024,1024,4553804415,1351.559206,4255793952,174596652,4255793952,174596652,6,6,True,d94a158a5645affe383d82f94111bfd65df080c5b8e23e9e2d58b7549396e822,b2fe5679adadc2f2f0801df94bce68018262fd7861f824e70d8a3203d8cfc7b8,,,,,,
high-volume-for-hire,24,high-volume-for-hire-2021-02,2021-02,2022-01,measured,fixed-128,128,4619498666,2404.89734,4325095656,177439775,4325095656,177439775,12,36,True,c7dfa2786041ee0d3284e19dfa0300d0d1605445b39d0b5215496c0e72f4a18c,a67346b7a9bdf3848ed1d341329c0f039796e2f78f1d4b43aa2f6a92ad771f8a,,,,,,
high-volume-for-hire,24,high-volume-for-hire-2021-02,2021-02,2022-01,measured,enabled,1024,4619498666,1266.144461,4325095080,177439775,4325095080,177439775,6,6,True,c7dfa2786041ee0d3284e19dfa0300d0d1605445b39d0b5215496c0e72f4a18c,68b5130973599421696c37eb69a532f6c85ec1241b40946e0da10ab3e12499aa,prior-enabled-data-shape,24,4309864585,176814936,0.9329723627128731,0.038275784644326606
high-volume-for-hire,24,high-volume-for-hire-2021-02,2021-02,2022-01,measured,fixed-1024,1024,4619498666,1250.802514,4325095080,177439775,4325095080,177439775,6,6,True,c7dfa2786041ee0d3284e19dfa0300d0d1605445b39d0b5215496c0e72f4a18c,1c3726025d29ece5895ae7669399641a5dd9c4fc333ef79af91239b68ee0145b,,,,,,
high-volume-for-hire,25,high-volume-for-hire-2021-03,2021-03,2022-02,measured,enabled,1024,4724019739,1111.798322,4432475424,181845116,4432475424,181845116,6,6,True,6bc3fc2972ec437d812f0ec25181451830d303775619079d1ab6a4c9250dc392,fde1add8a19078934532f90f31b4122243f19b47c13df5122b17c2452fb61134,prior-enabled-data-shape,25,4413022992,181047073,0.9341669246766657,0.03832479174313215
high-volume-for-hire,25,high-volume-for-hire-2021-03,2021-03,2022-02,measured,fixed-1024,1024,4724019739,1277.418098,4432475424,181845116,4432475424,181845116,6,6,True,6bc3fc2972ec437d812f0ec25181451830d303775619079d1ab6a4c9250dc392,df46bae854305823c4fc280459b9892ece755862a70fe32206f41c52b9d02cea,,,,,,
high-volume-for-hire,25,high-volume-for-hire-2021-03,2021-03,2022-02,measured,fixed-128,128,4724019739,2229.703769,4432475808,181845116,4432475808,181845116,12,37,True,6bc3fc2972ec437d812f0ec25181451830d303775619079d1ab6a4c9250dc392,421813061b3d6c3c4e4358741c2f2e0e10062d2dcff03e556a0f16a6623bf669,,,,,,
high-volume-for-hire,26,high-volume-for-hire-2021-04,2021-04,2022-03,measured,enabled,1024,4826882540,1370.24374,4535487720,186071271,4535487720,186071271,6,6,True,e3086e3cb11c170eb521968fe18369542a58185672203804ef8b8d84c290893a,7fff7262869f94fafdebd09e48b155a7309b3d9c91be2745322fd4aac4e45717,prior-enabled-data-shape,26,4511001275,185066695,0.9345579133749423,0.038340832431205764
high-volume-for-hire,26,high-volume-for-hire-2021-04,2021-04,2022-03,measured,fixed-1024,1024,4826882540,1298.389556,4535487720,186071271,4535487720,186071271,6,6,True,e3086e3cb11c170eb521968fe18369542a58185672203804ef8b8d84c290893a,54f3a942dacad57b05715fdd131e24236acfe5fb80166bfad28c1db7a08b17d4,,,,,,
high-volume-for-hire,26,high-volume-for-hire-2021-04,2021-04,2022-03,measured,fixed-128,128,4826882540,2360.224119,4535488488,186071271,4535488488,186071271,12,37,True,e3086e3cb11c170eb521968fe18369542a58185672203804ef8b8d84c290893a,3b6766fdb149381d3a22dd10240183bad7144c01d4312f074e54ae54592346ad,,,,,,
high-volume-for-hire,27,high-volume-for-hire-2021-05,2021-05,2022-04,measured,fixed-1024,1024,4914015533,1274.45866,4624241976,189712461,4624241976,189712461,6,6,True,3dfdd48eb500b033572b7b9993a604c988cf8ec760435e9b10f18e2c78145442,b0671008b07182bf098cbaafd20f30b61efada787c310dcbed2438358d7a15fd,,,,,,
high-volume-for-hire,27,high-volume-for-hire-2021-05,2021-05,2022-04,measured,fixed-128,128,4914015533,2389.657483,4624242360,189712461,4624242360,189712461,12,38,True,3dfdd48eb500b033572b7b9993a604c988cf8ec760435e9b10f18e2c78145442,870c25be07c22171a11d15694552876f6f5b21f22f6d0632472e5bfc6cf65759,,,,,,
high-volume-for-hire,27,high-volume-for-hire-2021-05,2021-05,2022-04,measured,enabled,1024,4914015533,1302.599528,4624241976,189712461,4624241976,189712461,6,6,True,3dfdd48eb500b033572b7b9993a604c988cf8ec760435e9b10f18e2c78145442,556a5aaafa6f02f773e50b00928cc288bde58c8bed6cd990dd5e07e815266a16,prior-enabled-data-shape,27,4600842200,188752476,0.936269364429772,0.038411045836202
high-volume-for-hire,28,high-volume-for-hire-2021-06,2021-06,2022-05,measured,enabled,1024,4995329804,1305.070503,4708047000,193150625,4708047000,193150625,6,6,True,5832f4fd645b5bb2fc3d40c75e95dd955c32fac401b7c9e206e247f5bbf281aa,5713de76d805f52046c14396efdf3a98d87682af397ab9319de987458e54de16,prior-enabled-data-shape,28,4687041506,192288851,0.9382846958506327,0.038493724845970634
high-volume-for-hire,28,high-volume-for-hire-2021-06,2021-06,2022-05,measured,fixed-128,128,4995329804,2476.062653,4708047576,193150625,4708047576,193150625,12,39,True,5832f4fd645b5bb2fc3d40c75e95dd955c32fac401b7c9e206e247f5bbf281aa,3b2350d200b008120a5068f7765e97fe9cda89280b1976ffcb70f8230508cd46,,,,,,
high-volume-for-hire,28,high-volume-for-hire-2021-06,2021-06,2022-05,measured,fixed-1024,1024,4995329804,1223.395888,4708047000,193150625,4708047000,193150625,6,6,True,5832f4fd645b5bb2fc3d40c75e95dd955c32fac401b7c9e206e247f5bbf281aa,5ceb020cbfbef9d5da3df26523a6a7eef7a5de0d293d76e5f113718d2b4b1ccf,,,,,,
high-volume-for-hire,29,high-volume-for-hire-2021-07,2021-07,2022-06,measured,fixed-1024,1024,5059408173,1116.750347,4776740352,195968808,4776740352,195968808,6,6,True,0341cc93e157917f23d2bfd42db24cb251e0e556843d72cbdebbbe578319f5fe,29d00a2e071935f58138f846ba333aa21b12fe42655305240540ae4bd3b8d986,,,,,,
high-volume-for-hire,29,high-volume-for-hire-2021-07,2021-07,2022-06,measured,fixed-128,128,5059408173,2514.567242,4776740736,195968808,4776740736,195968808,12,39,True,0341cc93e157917f23d2bfd42db24cb251e0e556843d72cbdebbbe578319f5fe,d223383e7e07290259fbf576b55b49ac172d09eeba67cf2ecc8ade49d55ab23b,,,,,,
high-volume-for-hire,29,high-volume-for-hire-2021-07,2021-07,2022-06,measured,enabled,1024,5059408173,1283.302982,4776740352,195968808,4776740352,195968808,6,6,True,0341cc93e157917f23d2bfd42db24cb251e0e556843d72cbdebbbe578319f5fe,4698c80134068c87935e85c16184d2b12df02c127f035b5b781d806e13bc719c,prior-enabled-data-shape,29,4753975977,195034891,0.9396308450464179,0.038548953586096585
high-volume-for-hire,30,high-volume-for-hire-2021-08,2021-08,2022-07,measured,fixed-128,128,5107171666,2572.906637,4836153528,198406253,4836153528,198406253,12,40,True,24bcebaa8b875e3083cce36dcf09380371925e8153fbc94067d7edf86162506b,c5c70ce0fb0bdee20e3e25570a95032a5419c45102835a541cbd3a3523aea913,,,,,,
high-volume-for-hire,30,high-volume-for-hire-2021-08,2021-08,2022-07,measured,enabled,1024,5107171666,1224.178481,4836152760,198406253,4836152760,198406253,6,6,True,24bcebaa8b875e3083cce36dcf09380371925e8153fbc94067d7edf86162506b,c4ec715d7c0b243481a3dacd8f870a22f761a725094c7303a106ea9086ad1cd8,prior-enabled-data-shape,30,4806007925,197169524,0.9410312085800239,0.038606402386396364
high-volume-for-hire,30,high-volume-for-hire-2021-08,2021-08,2022-07,measured,fixed-1024,1024,5107171666,1390.455716,4836152760,198406253,4836152760,198406253,6,6,True,24bcebaa8b875e3083cce36dcf09380371925e8153fbc94067d7edf86162506b,6e535c3d2cfbbb21495da2936151eef9d2d87c7ff497bc3119c2dbd0266ac1df,,,,,,
high-volume-for-hire,31,high-volume-for-hire-2021-09,2021-09,2022-08,measured,fixed-128,128,5161380763,2295.094202,4901624544,201092244,4901624544,201092244,12,40,True,c5ee078f7ce6040033e43d472dc845c65245bb7917e39d2fdee50ff6883c6320,6498f24712dd3440490e758ee0c45725008668d9a10f7352b5e8429327106193,,,,,,
high-volume-for-hire,31,high-volume-for-hire-2021-09,2021-09,2022-08,measured,enabled,1024,5161380763,1180.92306,4901624160,201092244,4901624160,201092244,6,6,True,c5ee078f7ce6040033e43d472dc845c65245bb7917e39d2fdee50ff6883c6320,1df2393875caf35261b91824e327f9e90349f934e12fb857f92e04d94fd81f05,prior-enabled-data-shape,31,4864548322,199571191,0.9424897223462685,0.038666240784609465
high-volume-for-hire,31,high-volume-for-hire-2021-09,2021-09,2022-08,measured,fixed-1024,1024,5161380763,1313.482031,4901624160,201092244,4901624160,201092244,6,6,True,c5ee078f7ce6040033e43d472dc845c65245bb7917e39d2fdee50ff6883c6320,08b341af329217896e6a2f8e9389d1f0a94f3f562f7028bdc207a1e960c5e6bc,,,,,,
high-volume-for-hire,32,high-volume-for-hire-2021-10,2021-10,2022-09,measured,enabled,1024,5225702794,1192.118199,4972494048,203999740,4972494048,203999740,6,6,True,c4df181222c7308bdf643b15c33ed3c338def09dce0a4567c11212721fac6e15,13423d46d5674c50ce66bdd0a2356c2951bbb5a030566a100df831b1a4ac674f,prior-enabled-data-shape,32,4933744136,202409988,0.9441302596401526,0.03873354378597198
high-volume-for-hire,32,high-volume-for-hire-2021-10,2021-10,2022-09,measured,fixed-1024,1024,5225702794,1429.791264,4972494048,203999740,4972494048,203999740,6,6,True,c4df181222c7308bdf643b15c33ed3c338def09dce0a4567c11212721fac6e15,02e614b943e327714b57cb83f73382e2ba835944e795d7021bbb9d7429e0f284,,,,,,
high-volume-for-hire,32,high-volume-for-hire-2021-10,2021-10,2022-09,measured,fixed-128,128,5225702794,2434.201013,4972494816,203999740,4972494816,203999740,12,41,True,c4df181222c7308bdf643b15c33ed3c338def09dce0a4567c11212721fac6e15,4929c8ab849bcb51869344369b85aab87bd56eaa867627a7eb2859fdfefa4345,,,,,,
high-volume-for-hire,33,high-volume-for-hire-2021-11,2021-11,2022-10,measured,enabled,1024,5290670390,1232.106189,5039787120,206760474,5039787120,206760474,6,6,True,81a81b8a74e4da34f724143f49d50c9caa38b1c01ae3b4f8fb5c42d21d76a141,e621c8891c5a126597bf398ededb61aed84e471b3afb118b3addf727bf09399c,prior-enabled-data-shape,33,5009913878,205534914,0.9469336604045924,0.03884855767055002
high-volume-for-hire,33,high-volume-for-hire-2021-11,2021-11,2022-10,measured,fixed-1024,1024,5290670390,1232.312246,5039787120,206760474,5039787120,206760474,6,6,True,81a81b8a74e4da34f724143f49d50c9caa38b1c01ae3b4f8fb5c42d21d76a141,177d9147dcb6995fbb59af7926cd708a0a748426b6df6b57e2d1c71bb61cc1bf,,,,,,
high-volume-for-hire,33,high-volume-for-hire-2021-11,2021-11,2022-10,measured,fixed-128,128,5290670390,2234.672486,5039787696,206760474,5039787696,206760474,12,41,True,81a81b8a74e4da34f724143f49d50c9caa38b1c01ae3b4f8fb5c42d21d76a141,e8df4f03a53063f5aa2ab65b3f1ede25b04d7b76f701fe14df9e0b610cb1c5bc,,,,,,
high-volume-for-hire,34,high-volume-for-hire-2021-12,2021-12,2022-11,measured,fixed-128,128,5343907147,2567.297706,5089616520,208804731,5089616520,208804731,12,42,True,ef1fa437531052d834358db1ac01aa52834ac637403a3cd6e3a252e0abc5b82b,2ffef13632e2132431b5606580e400531fcdfee379478f3f307ab71c91129f4d,,,,,,
high-volume-for-hire,34,high-volume-for-hire-2021-12,2021-12,2022-11,measured,enabled,1024,5343907147,1322.370456,5089615944,208804731,5089615944,208804731,6,6,True,ef1fa437531052d834358db1ac01aa52834ac637403a3cd6e3a252e0abc5b82b,959dbf3efe1cdc73c203eba29dbdac3e14c8a1c8c7fcc37160074622b774a894,prior-enabled-data-shape,34,5074964546,208203643,0.9496730400395768,0.03896093956903059
high-volume-for-hire,34,high-volume-for-hire-2021-12,2021-12,2022-11,measured,fixed-1024,1024,5343907147,1258.622849,5089615944,208804731,5089615944,208804731,6,6,True,ef1fa437531052d834358db1ac01aa52834ac637403a3cd6e3a252e0abc5b82b,068f4baaba2e57c7ca239c900b6e3045c1ee0df601bbeaaf094cf724b0c40d4b,,,,,,
high-volume-for-hire,35,high-volume-for-hire-2022-01,2022-01,2022-12,measured,fixed-1024,1024,5436647219,1268.829526,5177642568,212416083,5177642568,212416083,6,6,True,4d2502dcff6280839603ef4aa857409e7236b68cf79a609b922243f0e813202b,a9f8be31f2120a4a978b8d8cbe3440c05f6c078eda47c99cd637faccaa373a2a,,,,,,
high-volume-for-hire,35,high-volume-for-hire-2022-01,2022-01,2022-12,measured,fixed-128,128,5436647219,2575.494015,5177643144,212416083,5177643144,212416083,12,43,True,4d2502dcff6280839603ef4aa857409e7236b68cf79a609b922243f0e813202b,ccbb65d9bf115e5b0dba3c260e1c87488a4d337c7e48322487f5e10d792ebcaa,,,,,,
high-volume-for-hire,35,high-volume-for-hire-2022-01,2022-01,2022-12,measured,enabled,1024,5436647219,1345.173198,5177642568,212416083,5177642568,212416083,6,6,True,4d2502dcff6280839603ef4aa857409e7236b68cf79a609b922243f0e813202b,97bcc751a8af46688e02e16a2a1b8c3801328e1f630edc13f10d694d7049c164,prior-enabled-data-shape,35,5173217269,212234538,0.9515455134014267,0.03903776162590543
high-volume-for-hire,36,high-volume-for-hire-2022-02,2022-02,2023-01,measured,enabled,1024,5535844667,1190.935291,5268498888,216143523,5268498888,216143523,6,6,True,e95bd9ad6e715ab62f5d8b01594a9bbe598d36a55d829cb6279bddb9bda1d50d,b88378a67316e85055e195c984d178c092c3733f01ba34516b05795a90bd05f6,prior-enabled-data-shape,36,5272114199,216291842,0.9523594891176992,0.03907115441620859
high-volume-for-hire,36,high-volume-for-hire-2022-02,2022-02,2023-01,measured,fixed-128,128,5535844667,2618.413469,5268499464,216143523,5268499464,216143523,12,44,True,e95bd9ad6e715ab62f5d8b01594a9bbe598d36a55d829cb6279bddb9bda1d50d,44e5f1c62bc48ce246a2dd91f6388c355da4dfb5e8b09121f8751637f8d3c43b,,,,,,
high-volume-for-hire,36,high-volume-for-hire-2022-02,2022-02,2023-01,measured,fixed-1024,1024,5535844667,1256.895313,5268498888,216143523,5268498888,216143523,6,6,True,e95bd9ad6e715ab62f5d8b01594a9bbe598d36a55d829cb6279bddb9bda1d50d,17a2df25c7076b3b1c58d2df222c575f58a8238353ea1911ba65c7dd04c790ce,,,,,,
high-volume-for-hire,37,high-volume-for-hire-2022-03,2022-03,2023-02,measured,enabled,1024,5587585966,1562.952361,5315827464,218085211,5315827464,218085211,6,6,True,dcbea64aca4c10d202c06af9c6c8d80bacfc9e74ca2a960f040e166327089dd3,454a9dec3618e6402c4237619fe1cf314510f0f239b618db18826fd378fd4745,prior-enabled-data-shape,37,5317741414,218163729,0.9517064160788888,0.03904436197216008
high-volume-for-hire,37,high-volume-for-hire-2022-03,2022-03,2023-02,measured,fixed-1024,1024,5587585966,1387.39454,5315827464,218085211,5315827464,218085211,6,6,True,dcbea64aca4c10d202c06af9c6c8d80bacfc9e74ca2a960f040e166327089dd3,2fc7d3cccd2206df4991d3bea86e52213184e9df470e934e2d4d9e434b532a35,,,,,,
high-volume-for-hire,37,high-volume-for-hire-2022-03,2022-03,2023-02,measured,fixed-128,128,5587585966,2434.68857,5315828232,218085211,5315828232,218085211,12,44,True,dcbea64aca4c10d202c06af9c6c8d80bacfc9e74ca2a960f040e166327089dd3,ebbfc3b80f0b44b691835e9dc35f7a8d5d0af634525050001fc2d23d61d6c03f,,,,,,
high-volume-for-hire,38,high-volume-for-hire-2022-04,2022-04,2023-03,measured,fixed-128,128,5638837120,2440.976034,5363602992,220045202,5363602992,220045202,12,44,True,19931c90bb1fdaadbaff73bb7a58406759f03fd54b0915af33e720adb80ba71d,945bb8fde81122950a56a8f6e71772cbe394b4b4f43d8438d4c56889a315bd3b,,,,,,
high-volume-for-hire,38,high-volume-for-hire-2022-04,2022-04,2023-03,measured,fixed-1024,1024,5638837120,1257.586553,5363602416,220045202,5363602416,220045202,6,6,True,19931c90bb1fdaadbaff73bb7a58406759f03fd54b0915af33e720adb80ba71d,aba31da8a7a7dede00b221cc25a21d31633149a5045d7a30184ad6d30462b216,,,,,,
high-volume-for-hire,38,high-volume-for-hire-2022-04,2022-04,2023-03,measured,enabled,1024,5638837120,1348.756548,5363602416,220045202,5363602416,220045202,6,6,True,19931c90bb1fdaadbaff73bb7a58406759f03fd54b0915af33e720adb80ba71d,86972ee3d14e0f9e254678a9e0c3372b0fc6e968ca7752965fefb5896b6cf250,prior-enabled-data-shape,38,5366517466,220164798,0.9517064160788888,0.03904436197216008
high-volume-for-hire,39,high-volume-for-hire-2022-05,2022-05,2023-04,measured,enabled,1024,5675114562,1306.560964,5397540864,221437544,5397540864,221437544,6,6,True,e991c664aacfaff0573dab02b743fe2f55142841759c0add5673e2c40f2763c0,6d307fce7329ba969c783ad3f136a51a25cb1a5d530ea0b1a02ae28e1222ac91,prior-enabled-data-shape,39,5399099009,221501479,0.9513638799199461,0.03903030974861604
high-volume-for-hire,39,high-volume-for-hire-2022-05,2022-05,2023-04,measured,fixed-1024,1024,5675114562,1402.841028,5397540864,221437544,5397540864,221437544,6,6,True,e991c664aacfaff0573dab02b743fe2f55142841759c0add5673e2c40f2763c0,355b991810d995ee19240699e25b8b92356deb0d48108e849a73e2a3e42ee092,,,,,,
high-volume-for-hire,39,high-volume-for-hire-2022-05,2022-05,2023-04,measured,fixed-128,128,5675114562,2253.074332,5397541440,221437544,5397541440,221437544,12,45,True,e991c664aacfaff0573dab02b743fe2f55142841759c0add5673e2c40f2763c0,657973ce8ccd9502098d60bb6a6b7763413cc8dfc716de36609ea824eeba188d,,,,,,
high-volume-for-hire,40,high-volume-for-hire-2022-06,2022-06,2023-05,measured,fixed-128,128,5719657238,2048.566125,5438743416,223127885,5438743416,223127885,12,45,True,6f66b52eeda7bf9a2f710afb62b0a51bbc6c16ad6fb0f9bb55e907207c320ec2,40e201a3f9cadc19dadd504ce815057b15eb79a161883fa8d324a6713db1b24a,,,,,,
high-volume-for-hire,40,high-volume-for-hire-2022-06,2022-06,2023-05,measured,enabled,1024,5719657238,1306.77367,5438743032,223127885,5438743032,223127885,6,6,True,6f66b52eeda7bf9a2f710afb62b0a51bbc6c16ad6fb0f9bb55e907207c320ec2,dee84b2081b5a73a4a1c9aeb947cb7649d514059af20b9448323eadcf6e36ff9,prior-enabled-data-shape,40,5441475302,223239994,0.9513638799199461,0.03903030974861604
high-volume-for-hire,40,high-volume-for-hire-2022-06,2022-06,2023-05,measured,fixed-1024,1024,5719657238,1290.709118,5438743032,223127885,5438743032,223127885,6,6,True,6f66b52eeda7bf9a2f710afb62b0a51bbc6c16ad6fb0f9bb55e907207c320ec2,1a2c3ca198ea6b6075f582e2892f1be5967d8fb36767e398faa68e1b394f9da1,,,,,,
high-volume-for-hire,41,high-volume-for-hire-2022-07,2022-07,2023-06,measured,fixed-128,128,5760263957,2010.475195,5477415480,224714429,5477415480,224714429,12,46,True,c3fef61248103dee144a62ed20fc8fa7d05e8d0f3f1dea315cd4a65b4718ab11,cabd608189f813caa3504594b77532670d353171d9cbbb0d93bd4f4e2525a429,,,,,,
high-volume-for-hire,41,high-volume-for-hire-2022-07,2022-07,2023-06,measured,fixed-1024,1024,5760263957,1396.100902,5477414904,224714429,5477414904,224714429,6,6,True,c3fef61248103dee144a62ed20fc8fa7d05e8d0f3f1dea315cd4a65b4718ab11,e0c75783e88a4aaf5080936b9bc6bd1a39883dc7379c9b4a8e34fd329d8f22a7,,,,,,
high-volume-for-hire,41,high-volume-for-hire-2022-07,2022-07,2023-06,measured,enabled,1024,5760263957,1372.281503,5477414904,224714429,5477414904,224714429,6,6,True,c3fef61248103dee144a62ed20fc8fa7d05e8d0f3f1dea315cd4a65b4718ab11,f25dbdb283669df9f3aa4ed7d811bdd58eb91bd43f8b2cd8828fb465a9e8d052,prior-enabled-data-shape,41,5479102343,224783660,0.9511894565949087,0.039023152702804084
high-volume-for-hire,42,high-volume-for-hire-2022-08,2022-08,2023-07,measured,enabled,1024,5808844409,1295.892213,5518060536,226381941,5518060536,226381941,6,6,True,40a55e581ae8a604fe092bc50ac212782f3e016cb692f86fca8380675b11e226,b5fd2628e81ac1f81a810d4e0a1cf64aaf979b7c23fbe921dd30c005afc3f82e,prior-enabled-data-shape,42,5524729894,226655555,0.9510893225207108,0.039019043859083245
high-volume-for-hire,42,high-volume-for-hire-2022-08,2022-08,2023-07,measured,fixed-128,128,5808844409,1837.16129,5518061112,226381941,5518061112,226381941,12,46,True,40a55e581ae8a604fe092bc50ac212782f3e016cb692f86fca8380675b11e226,2ad853cb4d62a16221b861b3ff82eb0348bf33cb4fb7d67297062b41dbcc4b44,,,,,,
high-volume-for-hire,42,high-volume-for-hire-2022-08,2022-08,2023-07,measured,fixed-1024,1024,5808844409,1285.221664,5518060536,226381941,5518060536,226381941,6,6,True,40a55e581ae8a604fe092bc50ac212782f3e016cb692f86fca8380675b11e226,2c5aa33f93720de3b1c717d9d46e9567972d5ea588acc436ce9df0688d4a556a,,,,,,
high-volume-for-hire,43,high-volume-for-hire-2022-09,2022-09,2023-08,measured,enabled,1024,5822572037,1302.833393,5545761888,227518404,5545761888,227518404,6,6,True,57211c82f567d0ba404eaefd8f561622d564091f7d0699b2be76c9dbba2be5ae,a03924ee71ee708ae0be9ae88f65f821ce61062934b1112fe10a338dbf7913df,prior-enabled-data-shape,43,5536663440,227145138,0.9508965118419138,0.03901113398231032
high-volume-for-hire,43,high-volume-for-hire-2022-09,2022-09,2023-08,measured,fixed-128,128,5822572037,1864.864471,5545762464,227518404,5545762464,227518404,15,46,True,57211c82f567d0ba404eaefd8f561622d564091f7d0699b2be76c9dbba2be5ae,f879f91062f50106912267902740a2d66c66de291de4ee00aa374240124d47b5,,,,,,
high-volume-for-hire,43,high-volume-for-hire-2022-09,2022-09,2023-08,measured,fixed-1024,1024,5822572037,1204.349203,5545761888,227518404,5545761888,227518404,6,6,True,57211c82f567d0ba404eaefd8f561622d564091f7d0699b2be76c9dbba2be5ae,0a7d78bf741f4df89f1a17a4f0e1fc050decb7e468cce4fe835971430ba6a9b9,,,,,,
high-volume-for-hire,44,high-volume-for-hire-2022-10,2022-10,2023-09,measured,fixed-128,128,5842630063,1986.962219,5595915648,229575976,5595915648,229575976,18,47,True,7b99038a3a7ef91fe924ab5253012401ad32ddc261c5e5bd74e2020f71085300,f703892c6db16f40f84db3bbc0160ecea906d507f0ce4e48d8b1f909cc8d839c,,,,,,
high-volume-for-hire,44,high-volume-for-hire-2022-10,2022-10,2023-09,measured,fixed-1024,1024,5842630063,1250.472181,5595915072,229575976,5595915072,229575976,6,6,True,7b99038a3a7ef91fe924ab5253012401ad32ddc261c5e5bd74e2020f71085300,b0f767ada2789cd2a137a365bd94ccf99970f3210fcfbe2fcefa8b52a0603951,,,,,,
high-volume-for-hire,44,high-volume-for-hire-2022-10,2022-10,2023-09,measured,enabled,1024,5842630063,1171.726199,5595915072,229575976,5595915072,229575976,6,6,True,7b99038a3a7ef91fe924ab5253012401ad32ddc261c5e5bd74e2020f71085300,c19d7af0f048470320cb6f9dfbc210e5b6540791020885c407a945d5dc199d21,prior-enabled-data-shape,44,5556863068,227973839,0.9510893225207108,0.039019043859083245
high-volume-for-hire,45,high-volume-for-hire-2022-11,2022-11,2023-10,measured,enabled,1024,5833372809,1107.39334,5617370880,230456216,5617370880,230456216,6,6,True,59bbac55e115f5ce5c9e4a1b5d4cbfd07cf115385ef77512879a594c1d87e07a,b71e9860b6c26f6e7c60f419234cda7ba5a011989111f04ea956b473ecd66726,prior-enabled-data-shape,45,5549660189,227678348,0.9513638799199461,0.03903030974861604
high-volume-for-hire,45,high-volume-for-hire-2022-11,2022-11,2023-10,measured,fixed-1024,1024,5833372809,1112.152023,5617370880,230456216,5617370880,230456216,6,6,True,59bbac55e115f5ce5c9e4a1b5d4cbfd07cf115385ef77512879a594c1d87e07a,ae3f9dad2b031c5ec0d614374c5cbcb03b0161b06d5e682b8297f3f5ee66d937,,,,,,
high-volume-for-hire,45,high-volume-for-hire-2022-11,2022-11,2023-10,measured,fixed-128,128,5833372809,2248.690591,5617371456,230456216,5617371456,230456216,21,47,True,59bbac55e115f5ce5c9e4a1b5d4cbfd07cf115385ef77512879a594c1d87e07a,57f112b1c7b58ccae4abc2733a44e1b9918d6dd16dcbb661c6c9d614369e52b3,,,,,,
high-volume-for-hire,46,high-volume-for-hire-2022-12,2022-12,2023-11,measured,fixed-128,128,5834000602,2337.859343,5646215664,231639570,5646215664,231639570,24,47,True,0217e188bddcae9aab29703603344393878c64c585275e20146e9557272f4606,f8912fe1de6f7fd09908bede497eaeff9436b802251f3e7775b9e2ffff1a20c4,,,,,,
high-volume-for-hire,46,high-volume-for-hire-2022-12,2022-12,2023-11,measured,enabled,1024,5834000602,1105.019469,5646215280,231639570,5646215280,231639570,6,6,True,0217e188bddcae9aab29703603344393878c64c585275e20146e9557272f4606,1e2660474eefd992be0432ff518d622309cae5ff455ceb5bfc54e1b784997a5d,prior-enabled-data-shape,46,5556647129,227964978,0.9524591285018051,0.039075240727674314
high-volume-for-hire,46,high-volume-for-hire-2022-12,2022-12,2023-11,measured,fixed-1024,1024,5834000602,1081.025205,5646215280,231639570,5646215280,231639570,6,6,True,0217e188bddcae9aab29703603344393878c64c585275e20146e9557272f4606,3899fd7e7e874985a7a2e2910702f24786c1b959e2e6dbe68cf050ea23669af1,,,,,,
high-volume-for-hire,47,high-volume-for-hire-2023-01,2023-01,2023-12,measured,enabled,1024,5820780048,977.615105,5666944992,232490020,5666944992,232490020,6,6,True,0fe24233214b967211121517c2dc41e3da2a0362beaa4a1b407d9cd999da9613,51ddddafd5dcefcd29c8f92826cff6b2e5ac9cb44efbcf2efac543188b7e6b62,prior-enabled-data-shape,47,5574987711,228717418,0.9577732992950576,0.039293258947515876
high-volume-for-hire,47,high-volume-for-hire-2023-01,2023-01,2023-12,measured,fixed-128,128,5820780048,2428.328497,5666945376,232490020,5666945376,232490020,27,47,True,0fe24233214b967211121517c2dc41e3da2a0362beaa4a1b407d9cd999da9613,49f4a1eb317e09ec0de3cecde9167451ad9bb578696a808be98c8831fe13e75f,,,,,,
high-volume-for-hire,47,high-volume-for-hire-2023-01,2023-01,2023-12,measured,fixed-1024,1024,5820780048,1033.750386,5666944992,232490020,5666944992,232490020,6,6,True,0fe24233214b967211121517c2dc41e3da2a0362beaa4a1b407d9cd999da9613,8bdda550f1104912a47eaf2af183fe548af2f33f96bfc198fdbd2e91a9030974,,,,,,
high-volume-for-hire,48,high-volume-for-hire-2023-02,2023-02,2024-01,measured,fixed-1024,1024,5819720959,941.533128,5695826856,233674919,5695826856,233674919,6,6,True,ac2a01c947f0f68ee34f5c900e9d7dc2b63ff500d7852e01cc9a9451eaf29f32,7f148ac11231b28ce6a39331b394e04af4385b8b6d844b36a961a63ba80b9821,,,,,,
high-volume-for-hire,48,high-volume-for-hire-2023-02,2023-02,2024-01,measured,fixed-128,128,5819720959,2378.523661,5695827432,233674919,5695827432,233674919,30,47,True,ac2a01c947f0f68ee34f5c900e9d7dc2b63ff500d7852e01cc9a9451eaf29f32,b11889ea676fe632a1f9640ff41a3cf64cb5e7e99db8882ba7dca5341f7778f0,,,,,,
high-volume-for-hire,48,high-volume-for-hire-2023-02,2023-02,2024-01,measured,enabled,1024,5819720959,906.351078,5695826856,233674919,5695826856,233674919,6,6,True,ac2a01c947f0f68ee34f5c900e9d7dc2b63ff500d7852e01cc9a9451eaf29f32,4d453fe9bd4a5ca01deaec38f04505d2338bd04559de035e079fb3f7e6abb6f4,prior-enabled-data-shape,48,5604224540,229916879,0.9629713484681208,0.03950651253498515
high-volume-for-hire,49,high-volume-for-hire-2023-03,2023-03,2024-02,measured,fixed-128,128,5823300804,2590.931706,5729907840,235073096,5729907840,235073096,32,47,True,91d03a7836f3731164546f997981d1aa3a2a3de2b5f695bf9967d16502df5627,41a684b37a70aade6667b31060a078150a6fcc0e60ab36c7710b8133f4a4cdc4,,,,,,
high-volume-for-hire,49,high-volume-for-hire-2023-03,2023-03,2024-02,measured,fixed-1024,1024,5823300804,912.078917,5729907456,235073096,5729907456,235073096,6,6,True,91d03a7836f3731164546f997981d1aa3a2a3de2b5f695bf9967d16502df5627,06554eb7de80023f11fd242c3eec36d31952029a7ffde96e88cfea1c31c0fdae,,,,,,
high-volume-for-hire,49,high-volume-for-hire-2023-03,2023-03,2024-02,measured,enabled,1024,5823300804,945.892009,5729907456,235073096,5729907456,235073096,6,6,True,91d03a7836f3731164546f997981d1aa3a2a3de2b5f695bf9967d16502df5627,19b268434a3036b263c56caf899212ca41abf65e5f76aad94a0331832373b597,prior-enabled-data-shape,49,5635859888,231214733,0.9678119124746707,0.039705098748291145
high-volume-for-hire,50,high-volume-for-hire-2023-04,2023-04,2024-03,measured,fixed-1024,1024,5808756494,904.651073,5751046680,235940345,5751046680,235940345,6,6,True,7de740f682b6715862af12c937b0d1a5938436904089c86a322a2149f44752a4,e7e8e62891e06896e2936e0800be1a78511a6341b1d6541c80b45044c88c4a8c,,,,,,
high-volume-for-hire,50,high-volume-for-hire-2023-04,2023-04,2024-03,measured,fixed-128,128,5808756494,2411.048462,5751047064,235940345,5751047064,235940345,35,47,True,7de740f682b6715862af12c937b0d1a5938436904089c86a322a2149f44752a4,f636b473e8a444fd229790a3b2157eadf3a966b6bd55f275602d9a2acae84f49,,,,,,
high-volume-for-hire,50,high-volume-for-hire-2023-04,2023-04,2024-03,measured,enabled,1024,5808756494,936.837815,5751046680,235940345,5751046680,235940345,6,6,True,7de740f682b6715862af12c937b0d1a5938436904089c86a322a2149f44752a4,78b92b3ab1e5d01c49f620de74b4edf768ca81162a6ffad6968a9ff5784dcbd4,prior-enabled-data-shape,50,5655239204,232009783,0.9735714019888353,0.03994138553300649
high-volume-for-hire,51,high-volume-for-hire-2023-05,2023-05,2024-04,measured,fixed-128,128,5793045662,2700.216589,5765382912,236528480,5765382912,236528480,38,47,True,dab9fed105ebb2c3d660ded81336ec80ebd182e3f27f216e848349b4205ce8ba,e8117afe365530595ba5c9ebb6dcb20b9ac1e7b7e8553a35d6ebbb65fb168fef,,,,,,
high-volume-for-hire,51,high-volume-for-hire-2023-05,2023-05,2024-04,measured,fixed-1024,1024,5793045662,929.765461,5765382336,236528480,5765382336,236528480,6,6,True,dab9fed105ebb2c3d660ded81336ec80ebd182e3f27f216e848349b4205ce8ba,12aedbc73ca94a6cd7c06422c2d072554c50056529c81d490292905a0e710c7e,,,,,,
high-volume-for-hire,51,high-volume-for-hire-2023-05,2023-05,2024-04,measured,enabled,1024,5793045662,945.674426,5765382336,236528480,5765382336,236528480,6,6,True,dab9fed105ebb2c3d660ded81336ec80ebd182e3f27f216e848349b4205ce8ba,7bf6de7096aa79385d80d7fe76e2d21e85d939b01d5d719b2c22cfd028c70e2e,prior-enabled-data-shape,51,5669719441,232603846,0.9787113327472511,0.04015225483253277
high-volume-for-hire,52,high-volume-for-hire-2023-06,2023-06,2024-05,measured,fixed-1024,1024,5778513211,911.596581,5786268240,237385342,5786268240,237385342,6,6,True,8633a00e37e07564e2f108290bab203a317eea22eb690e16550ee7cf25ee7a23,a1a909c097eb385db429fae0971b36b77830234b165e26e45ca911b7f22abf3a,,,,,,
high-volume-for-hire,52,high-volume-for-hire-2023-06,2023-06,2024-05,measured,fixed-128,128,5778513211,2941.186184,5786269008,237385342,5786269008,237385342,41,47,True,8633a00e37e07564e2f108290bab203a317eea22eb690e16550ee7cf25ee7a23,340f7674d444676a09ec1121b5a8682ed1b7d01f51d12ed90480884f18c08cd1,,,,,,
high-volume-for-hire,52,high-volume-for-hire-2023-06,2023-06,2024-05,measured,enabled,1024,5778513211,914.556234,5786268240,237385342,5786268240,237385342,6,6,True,8633a00e37e07564e2f108290bab203a317eea22eb690e16550ee7cf25ee7a23,157677b68e95ae0c15cad2546b48c3ffd984bb9d7617c94de80a2862e1058e7d,prior-enabled-data-shape,52,5685838161,233265125,0.9839621288435163,0.04036767186035269
high-volume-for-hire,53,high-volume-for-hire-2023-07,2023-07,2024-06,measured,enabled,1024,5764131088,938.030678,5804710584,238141949,5804710584,238141949,6,6,True,d5a710a185185ce5bcd338026fbb1d9a236d742cf1ff9ddf76180fc6e341afb2,80de6c06a9e1898996fab742de3678fb1a1f7f12617afd34897b18bbc8dfb9a7,prior-enabled-data-shape,53,5706864626,234127748,0.9900650312920485,0.04061804712311633
high-volume-for-hire,53,high-volume-for-hire-2023-07,2023-07,2024-06,measured,fixed-128,128,5764131088,3173.915818,5804711352,238141949,5804711352,238141949,44,47,True,d5a710a185185ce5bcd338026fbb1d9a236d742cf1ff9ddf76180fc6e341afb2,60fdb45e4da8d4498308b90e729a0e2de825dccc00379465a9a8f5b47f722a64,,,,,,
high-volume-for-hire,53,high-volume-for-hire-2023-07,2023-07,2024-06,measured,fixed-1024,1024,5764131088,962.095529,5804710584,238141949,5804710584,238141949,6,6,True,d5a710a185185ce5bcd338026fbb1d9a236d742cf1ff9ddf76180fc6e341afb2,e02c986eccecc36ddd097f3923f524906638a52928537f9be74606a2233021c6,,,,,,
high-volume-for-hire,54,high-volume-for-hire-2023-08,2023-08,2024-07,measured,fixed-128,128,5740257753,3039.843393,5805949440,238192752,5805949440,238192752,46,46,True,cf3a9e121e022ceaadc705a832a44bc41e618d9277273cbd43dbcce6853cf43a,a182f689461385b9d93926792619dcf26d7d05562287dc333cfd7fd9e463321b,,,,,,
high-volume-for-hire,54,high-volume-for-hire-2023-08,2023-08,2024-07,measured,enabled,1024,5740257753,887.148153,5805948864,238192752,5805948864,238192752,6,6,True,cf3a9e121e022ceaadc705a832a44bc41e618d9277273cbd43dbcce6853cf43a,7d8738af7f5be43eb20fbad4faa5a011e7c4de1d5b44442570c108ebada79033,prior-enabled-data-shape,54,5712846503,234373164,0.9952247353785834,0.04082972822940611
high-volume-for-hire,54,high-volume-for-hire-2023-08,2023-08,2024-07,measured,fixed-1024,1024,5740257753,903.957897,5805948864,238192752,5805948864,238192752,6,6,True,cf3a9e121e022ceaadc705a832a44bc41e618d9277273cbd43dbcce6853cf43a,4fe76f110e79b1d8584990e01e34ff4e8542ee8de12a53c5f4e6e29d6d73fa6c,,,,,,
high-volume-for-hire,55,high-volume-for-hire-2023-09,2023-09,2024-08,measured,fixed-128,128,5755985687,3215.939167,5825601648,238998994,5825601648,238998994,46,46,True,15ef0f870b9105bbebe910fcd7eb0d6a63aeb14a027ad7696775cac2a2180273,46060e71445a682dad9ce921ecfc9f3adf7f96211c0e8a708e812e57155c333e,,,,,,
high-volume-for-hire,55,high-volume-for-hire-2023-09,2023-09,2024-08,measured,enabled,1024,5755985687,960.639484,5825601072,238998994,5825601072,238998994,6,6,True,15ef0f870b9105bbebe910fcd7eb0d6a63aeb14a027ad7696775cac2a2180273,8e4565cb59e9c21feef873187b9bec705d723f33461c0ce13c5e484357a152ab,prior-enabled-data-shape,55,5763710483,236459896,1.0013420457333622,0.0410806955581779
high-volume-for-hire,55,high-volume-for-hire-2023-09,2023-09,2024-08,measured,fixed-1024,1024,5755985687,920.766276,5825601072,238998994,5825601072,238998994,6,6,True,15ef0f870b9105bbebe910fcd7eb0d6a63aeb14a027ad7696775cac2a2180273,f67f71a6dda7e3eb12632aea7a8d07523f60e867c7338fab8acc4af7cbcb34e9,,,,,,
high-volume-for-hire,56,high-volume-for-hire-2023-10,2023-10,2024-09,measured,fixed-1024,1024,5744387966,916.332343,5809968648,238357659,5809968648,238357659,6,6,True,17dd149ffb688394c20aef4ab6c1ef802461975ca4d19d0c0397866c9dc7d839,d71c9168b50eb8a28ff3814365287da5921f57dc4ed991e1a4e027c183d8cc62,,,,,,
high-volume-for-hire,56,high-volume-for-hire-2023-10,2023-10,2024-09,measured,fixed-128,128,5744387966,3328.526242,5809969032,238357659,5809969032,238357659,46,46,True,17dd149ffb688394c20aef4ab6c1ef802461975ca4d19d0c0397866c9dc7d839,296f5edaf1f27df4a8b89a2f185b7139f565d71fd550c8871a63a3ed2f0dc81a,,,,,,
high-volume-for-hire,56,high-volume-for-hire-2023-10,2023-10,2024-09,measured,enabled,1024,5744387966,970.298678,5809968648,238357659,5809968648,238357659,6,6,True,17dd149ffb688394c20aef4ab6c1ef802461975ca4d19d0c0397866c9dc7d839,f4b6a11eac76faabd55c68928b34d4bd25d1cde983c5a42b0b307093adcc9d62,prior-enabled-data-shape,56,5784828470,237326273,1.0070400022796984,0.0413144575243567
high-volume-for-hire,57,high-volume-for-hire-2023-11,2023-11,2024-10,measured,fixed-1024,1024,5743664098,931.350903,5806116168,238199611,5806116168,238199611,6,6,True,a2274d175b2c4011338f8031a4a36c5ff931eb8cbb477646a585f461af370200,ed7dd576d4bc64b98e80bc1b7f21b11c70d0d5e105dcb7ccac0ddd84b89dd6e5,,,,,,
high-volume-for-hire,57,high-volume-for-hire-2023-11,2023-11,2024-10,measured,enabled,1008,5743664098,920.988745,5806116168,238199611,5806116168,238199611,6,6,True,a2274d175b2c4011338f8031a4a36c5ff931eb8cbb477646a585f461af370200,5290fe3ccd3c1153652e1d722704e99f19fe7b3dc365559020bfd9494839dced,prior-enabled-data-shape,57,5809236516,238327623,1.0114164785505715,0.04149400430660257
high-volume-for-hire,57,high-volume-for-hire-2023-11,2023-11,2024-10,measured,fixed-128,128,5743664098,3417.243716,5806116552,238199611,5806116552,238199611,46,46,True,a2274d175b2c4011338f8031a4a36c5ff931eb8cbb477646a585f461af370200,d04fc4f66ae358b982c7b81e5c3d54b33c86b5b7e44c5a4b0be720427613813c,,,,,,
high-volume-for-hire,58,high-volume-for-hire-2023-12,2023-12,2024-11,measured,enabled,1008,5758966142,935.243211,5823624144,238917894,5823624144,238917894,6,6,True,32bdd566bc8f0144b839b5d69d2f9f1f3cfe71f4fb49155d072a1d0bde598c88,a16ff7b3380616a4dec4168b4870e172934ce0a5957d2a7007f74679065b5647,prior-enabled-data-shape,58,5821584594,238834213,1.0108732107126088,0.04147171682322848
high-volume-for-hire,58,high-volume-for-hire-2023-12,2023-12,2024-11,measured,fixed-1024,1024,5758966142,926.345107,5823624144,238917894,5823624144,238917894,6,6,True,32bdd566bc8f0144b839b5d69d2f9f1f3cfe71f4fb49155d072a1d0bde598c88,3eda37ee42464b678d03f83385f3c5fb303d96d197114d88bff05c8139e1a77b,,,,,,
high-volume-for-hire,58,high-volume-for-hire-2023-12,2023-12,2024-11,measured,fixed-128,128,5758966142,3338.083553,5823624720,238917894,5823624720,238917894,46,46,True,32bdd566bc8f0144b839b5d69d2f9f1f3cfe71f4fb49155d072a1d0bde598c88,0bc746d34fbeaa3b785a13393ec33c2ac2155e4e7f7557614aa672fbdd022950,,,,,,
high-volume-for-hire,59,high-volume-for-hire-2024-01,2024-01,2024-12,measured,fixed-1024,1024,5776046623,1021.617894,5837092800,239470448,5837092800,239470448,6,6,True,69549520c4bba55a3a027e441441d0f4df5e692f44676a3805eef2a0825d8ee4,37b470156405b68d304be70cf9cfaba89fbfc648a5cb128171861e951ccff41c,,,,,,
high-volume-for-hire,59,high-volume-for-hire-2024-01,2024-01,2024-12,measured,fixed-128,128,5776046623,3299.993908,5837093376,239470448,5837093376,239470448,46,46,True,69549520c4bba55a3a027e441441d0f4df5e692f44676a3805eef2a0825d8ee4,88f5f62c3de1d07a6f2a1d087f42600f1d0d77724751636be7e54f6c2c14cc09,,,,,,
high-volume-for-hire,59,high-volume-for-hire-2024-01,2024-01,2024-12,measured,enabled,1008,5776046623,932.970339,5837092800,239470448,5837092800,239470448,6,6,True,69549520c4bba55a3a027e441441d0f4df5e692f44676a3805eef2a0825d8ee4,69d534cb720fca5d6463b7390774ad651970be52d01db3186316a0d1113c8bf7,prior-enabled-data-shape,59,5840896394,239626499,1.0112273627602097,0.0414862473765174
high-volume-for-hire,60,high-volume-for-hire-2024-02,2024-02,2025-01,measured,fixed-128,128,5794365718,3479.892122,5855173056,240212184,5855173056,240212184,46,46,True,bc225cf2b2416c3ea9f473272971d0f63d0b9563c4b3c5de1bb4a6ec73803aaf,62158c9ddd8a1000cebd4d7977b5b0cc9b1b198c40a4c0a71048739ff751c9ce,,,,,,
high-volume-for-hire,60,high-volume-for-hire-2024-02,2024-02,2025-01,measured,enabled,1008,5794365718,921.105159,5855172480,240212184,5855172480,240212184,6,6,True,bc225cf2b2416c3ea9f473272971d0f63d0b9563c4b3c5de1bb4a6ec73803aaf,f2ad01a925ea4e6c5fa994769b6fc411bab3a19da98927f29d1c5c94d2a6ef01,prior-enabled-data-shape,60,5857369077,240302294,1.0108732107126088,0.04147171682322848
high-volume-for-hire,60,high-volume-for-hire-2024-02,2024-02,2025-01,measured,fixed-1024,1024,5794365718,928.152647,5855172480,240212184,5855172480,240212184,6,6,True,bc225cf2b2416c3ea9f473272971d0f63d0b9563c4b3c5de1bb4a6ec73803aaf,067036a8506b6be5b6462e5b3fb3427f5571b5d630cf32d5ce80cc4083c7e468,,,,,,
high-volume-for-hire,61,high-volume-for-hire-2024-03,2024-03,2025-02,measured,fixed-1024,1024,5793522544,938.735663,5854692696,240192497,5854692696,240192497,6,6,True,58d41a2f088a308a6fa2e28a2a840917fe0efe3f5ecc74af99739b90cca36005,f21baa72e16082c7e12265dae5dd22bfc303d96e3039c9bd055661cf0de9b968,,,,,,
high-volume-for-hire,61,high-volume-for-hire-2024-03,2024-03,2025-02,measured,fixed-128,128,5793522544,3232.403336,5854693272,240192497,5854693272,240192497,46,46,True,58d41a2f088a308a6fa2e28a2a840917fe0efe3f5ecc74af99739b90cca36005,62a7d1413fe289f6b017b130eccf242f5339777134ee0040de0a0d9cd506abd3,,,,,,
high-volume-for-hire,61,high-volume-for-hire-2024-03,2024-03,2025-02,measured,enabled,1008,5793522544,914.92726,5854692696,240192497,5854692696,240192497,6,6,True,58d41a2f088a308a6fa2e28a2a840917fe0efe3f5ecc74af99739b90cca36005,cae1126c8bb099c4b3b57fd50542e4a4c9a31580105fe1afc2338e619e7b01d4,prior-enabled-data-shape,61,5854753421,240194986,1.010568851151048,0.04145923044430384
high-volume-for-hire,62,high-volume-for-hire-2024-04,2024-04,2025-03,measured,fixed-128,128,5787365751,2948.792296,5836560480,239448588,5836560480,239448588,46,46,True,eb80e5461a4626e330a2ab3513e79f0db68a8ba76778f081a4e495d41962784f,f8f661d6aeb6632904f9540e5c070f343592de48484bbe67aa32209bb81d758b,,,,,,
high-volume-for-hire,62,high-volume-for-hire-2024-04,2024-04,2025-03,measured,enabled,1008,5787365751,920.427258,5836559904,239448588,5836559904,239448588,6,6,True,eb80e5461a4626e330a2ab3513e79f0db68a8ba76778f081a4e495d41962784f,3b0f8d95f42c5f745389ad88bc689688e73fafb8e8e0177dedd93f8008fca926,prior-enabled-data-shape,62,5848531558,239939730,1.010568851151048,0.04145923044430384
high-volume-for-hire,62,high-volume-for-hire-2024-04,2024-04,2025-03,measured,fixed-1024,1024,5787365751,938.155966,5836559904,239448588,5836559904,239448588,6,6,True,eb80e5461a4626e330a2ab3513e79f0db68a8ba76778f081a4e495d41962784f,63eed5a7b71bc10e659eb0aa3718832fad8c1302f32927f2dc89aaf322e80d8a,,,,,,
high-volume-for-hire,63,high-volume-for-hire-2024-05,2024-05,2025-04,measured,fixed-1024,1024,5798469694,911.24166,5837070456,239469533,5837070456,239469533,6,6,True,4cf157b2a0c6eefb7ccb1e9f108f3913a681679dfac834ffa82d5eb78a819666,80489cabdc4f5574bd6b4481c933dffbda712b7868e54ad1c582fae90bb5212e,,,,,,
high-volume-for-hire,63,high-volume-for-hire-2024-05,2024-05,2025-04,measured,enabled,1008,5798469694,945.917418,5837070456,239469533,5837070456,239469533,6,6,True,4cf157b2a0c6eefb7ccb1e9f108f3913a681679dfac834ffa82d5eb78a819666,7f82fd7184a73dd33fbede49cf71cb683aee4a5f8e2eedeef2afa3a6bdcabaed,prior-enabled-data-shape,63,5859692080,240397600,1.0105583695472715,0.04145880078584536
high-volume-for-hire,63,high-volume-for-hire-2024-05,2024-05,2025-04,measured,fixed-128,128,5798469694,3127.146515,5837070840,239469533,5837070840,239469533,46,46,True,4cf157b2a0c6eefb7ccb1e9f108f3913a681679dfac834ffa82d5eb78a819666,fc3ab56c62d0cfdc89b7e38f5344e35849b6dc7f8644e7338716d5faf04035f3,,,,,,
high-volume-for-hire,64,high-volume-for-hire-2024-06,2024-06,2025-05,measured,fixed-128,128,5817280320,3091.971315,5846495520,239856188,5846495520,239856188,46,46,True,5c5fe58796b592a1cd18e3781538e0976fa54c9519dbc6840d6a1aaf7109787c,a19a020ad1226b5b542d79dbd580dba8cfd8fa103de4efd868777ff9060d52db,,,,,,
high-volume-for-hire,64,high-volume-for-hire-2024-06,2024-06,2025-05,measured,fixed-1024,1024,5817280320,936.477613,5846494944,239856188,5846494944,239856188,6,6,True,5c5fe58796b592a1cd18e3781538e0976fa54c9519dbc6840d6a1aaf7109787c,ede5b514dec713e1a16d6d9043615d0261a7fd3935005d7cc6b79bfd69e83069,,,,,,
high-volume-for-hire,64,high-volume-for-hire-2024-06,2024-06,2025-05,measured,enabled,1008,5817280320,945.920283,5846494944,239856188,5846494944,239856188,6,6,True,5c5fe58796b592a1cd18e3781538e0976fa54c9519dbc6840d6a1aaf7109787c,9fe659e56c471023f7398cdac729fc78ac99f85527a832ddaf463e785aa9f47a,prior-enabled-data-shape,64,5878327551,241162136,1.0104941187628365,0.041456165470154745
high-volume-for-hire,65,high-volume-for-hire-2024-07,2024-07,2025-06,measured,fixed-128,128,5823682079,3131.717846,5840274504,239600971,5840274504,239600971,46,46,True,48a8583927a05a7c57f60e27a579e2679067756e177d88e9fdf5a5ad5524a4db,4aaa23b8323641258fae434ec03b8d7377f08421e0a54dcb8227735351bdbb2d,,,,,,
high-volume-for-hire,65,high-volume-for-hire-2024-07,2024-07,2025-06,measured,fixed-1024,1024,5823682079,908.48282,5840273928,239600971,5840273928,239600971,6,6,True,48a8583927a05a7c57f60e27a579e2679067756e177d88e9fdf5a5ad5524a4db,8d2d36bc2ac4c4806368f13af81d87b05e8d1b2ee8b134bb458799120618182d,,,,,,
high-volume-for-hire,65,high-volume-for-hire-2024-07,2024-07,2025-06,measured,enabled,1008,5823682079,911.765093,5840273928,239600971,5840273928,239600971,6,6,True,48a8583927a05a7c57f60e27a579e2679067756e177d88e9fdf5a5ad5524a4db,64892f1519171d6878a991d5a623d46698d41e970fe29393a0b0332caed3c860,prior-enabled-data-shape,65,5873184930,240951153,1.008500266808176,0.04137436586907016
high-volume-for-hire,66,high-volume-for-hire-2024-08,2024-08,2025-07,measured,enabled,1024,5842467537,902.745731,5851732248,240071049,5851732248,240071049,6,6,True,9137d9d464ecdfc18e0ebaabce8c13a929db3fd680c401b6b181747c76ae3e5d,4df7c79c8d291d91a3792fa9ebc7db61e6a9d32be4f3fb02f1c9c03c38c0ad2b,prior-enabled-data-shape,66,5881361195,241286589,1.0066570602308988,0.04129874702075144
high-volume-for-hire,66,high-volume-for-hire-2024-08,2024-08,2025-07,measured,fixed-1024,1024,5842467537,944.926318,5851732248,240071049,5851732248,240071049,6,6,True,9137d9d464ecdfc18e0ebaabce8c13a929db3fd680c401b6b181747c76ae3e5d,31176fe0c3e0d5a3d37fabfca3f97c19eb4a1a91dcbb4cc2b678e60da8b48837,,,,,,
high-volume-for-hire,66,high-volume-for-hire-2024-08,2024-08,2025-07,measured,fixed-128,128,5842467537,3358.307837,5851732824,240071049,5851732824,240071049,47,47,True,9137d9d464ecdfc18e0ebaabce8c13a929db3fd680c401b6b181747c76ae3e5d,e973cde57ccc5a6960793217564b19f2b1fb615422fca710cd59f8bcc9d44509,,,,,,
high-volume-for-hire,67,high-volume-for-hire-2024-09,2024-09,2025-08,measured,enabled,1024,5856050498,938.884681,5855219472,240214118,5855219472,240214118,6,6,True,1b40ae8bbb66f5153564a25c9020735fa3fa2137765243e7afdc4915bfc21374,5240e280b76a86d6a48b8b14096cf9d8ce7496f98dd05077ee9944b491c3b6bc,prior-enabled-data-shape,67,5885459827,241454747,1.005022041640242,0.041231670953755926
high-volume-for-hire,67,high-volume-for-hire-2024-09,2024-09,2025-08,measured,fixed-1024,1024,5856050498,1031.071863,5855219472,240214118,5855219472,240214118,6,6,True,1b40ae8bbb66f5153564a25c9020735fa3fa2137765243e7afdc4915bfc21374,c007c5579f1d771958045e9783d9ca53b96c56242a76441a3747dd039860d358,,,,,,
high-volume-for-hire,67,high-volume-for-hire-2024-09,2024-09,2025-08,measured,fixed-128,128,5856050498,3335.187003,5855220048,240214118,5855220048,240214118,47,47,True,1b40ae8bbb66f5153564a25c9020735fa3fa2137765243e7afdc4915bfc21374,c1dc016babfa9f60d0e7e340a95affb90859608a714c5530b34fb9d298434167,,,,,,
high-volume-for-hire,68,high-volume-for-hire-2024-10,2024-10,2025-09,measured,fixed-1024,1024,5870431721,920.935732,5860700232,240438971,5860700232,240438971,6,6,True,801b68814d6653584a116239dc38ba7c64d6d38c6c269a7e68436318cc1eb464,10da07b756b49a91edf77949140ee8a820b8e1ccf5ffd16739c8d3ed95dc31b2,,,,,,
high-volume-for-hire,68,high-volume-for-hire-2024-10,2024-10,2025-09,measured,enabled,1024,5870431721,951.893015,5860700232,240438971,5860700232,240438971,6,6,True,801b68814d6653584a116239dc38ba7c64d6d38c6c269a7e68436318cc1eb464,155b6df0768a9e3eee45fcbd228be6b2da7d552d71fe8cb9b2076ec035259709,prior-enabled-data-shape,68,5887156761,241524369,1.0028490306948297,0.0411425225054769
high-volume-for-hire,68,high-volume-for-hire-2024-10,2024-10,2025-09,measured,fixed-128,128,5870431721,3334.112897,5860701000,240438971,5860701000,240438971,48,48,True,801b68814d6653584a116239dc38ba7c64d6d38c6c269a7e68436318cc1eb464,da7f33e870e7e974997a0f4aa73be5903a567d44adf4cd0a58fa585658798479,,,,,,
high-volume-for-hire,69,high-volume-for-hire-2024-11,2024-11,2025-10,measured,fixed-128,128,5903815425,3235.366802,5891911248,241719390,5891911248,241719390,48,48,True,82d637bd9a48c3c6000af96d473fdbf630170401aad32c1932717e92d1466a87,d7ebdf3b9313ca8e0ed055a6613797060a05beb65074e99cf0929193c224db74,,,,,,
high-volume-for-hire,69,high-volume-for-hire-2024-11,2024-11,2025-10,measured,fixed-1024,1024,5903815425,933.23567,5891910672,241719390,5891910672,241719390,6,6,True,82d637bd9a48c3c6000af96d473fdbf630170401aad32c1932717e92d1466a87,28a3c0bf1aab16e801ea404925f514c3a09649c900dbc63ca3ea0c014872a299,,,,,,
high-volume-for-hire,69,high-volume-for-hire-2024-11,2024-11,2025-10,measured,enabled,1024,5903815425,925.659507,5891910672,241719390,5891910672,241719390,6,6,True,82d637bd9a48c3c6000af96d473fdbf630170401aad32c1932717e92d1466a87,89a970806a277af765f97fb4887b553804374dd807319ca7dd637c07a35bfe50,prior-enabled-data-shape,69,5913177419,242591876,1.0015857530985541,0.04109069455322504
high-volume-for-hire,70,high-volume-for-hire-2024-12,2024-12,2025-11,measured,enabled,1024,5931073034,935.704701,5912159064,242550097,5912159064,242550097,6,6,True,c772a8e94226ee2bc8eaa5ba3e6c35e88da7e2b784ce3229cc3eaf1bae11ad3b,2147d01b13d712b7cc3e77eaee277054336633db70c35c8decb526c3f4f7b997,prior-enabled-data-shape,70,5930231362,243291529,0.9998580910461268,0.04101981669762575
high-volume-for-hire,70,high-volume-for-hire-2024-12,2024-12,2025-11,measured,fixed-1024,1024,5931073034,965.836945,5912159064,242550097,5912159064,242550097,6,6,True,c772a8e94226ee2bc8eaa5ba3e6c35e88da7e2b784ce3229cc3eaf1bae11ad3b,8948faf319ee58eb0bd2bf30d9a8ec1659047d0014be468f7f6d4dcb2402a034,,,,,,
high-volume-for-hire,70,high-volume-for-hire-2024-12,2024-12,2025-11,measured,fixed-128,128,5931073034,3192.039026,5912159640,242550097,5912159640,242550097,48,48,True,c772a8e94226ee2bc8eaa5ba3e6c35e88da7e2b784ce3229cc3eaf1bae11ad3b,3d990527793612536fb719413d1e486d3e8e5d65cbe5632ec514f289aab68827,,,,,,
high-volume-for-hire,71,high-volume-for-hire-2025-01,2025-01,2025-12,measured,fixed-1024,1024,5959293712,936.676651,5937499104,243589684,5937499104,243589684,6,6,True,40313cb0cb59a4ec60fa6c98712b5dcb78184c8f6d238f4a3ca8a80d19846f46,c5b186d57bb0638368140dc0cfc478fa32d114d202c8949c592281d22b16e131,,,,,,
high-volume-for-hire,71,high-volume-for-hire-2025-01,2025-01,2025-12,measured,enabled,1024,5959293712,910.54848,5937499104,243589684,5937499104,243589684,6,6,True,40313cb0cb59a4ec60fa6c98712b5dcb78184c8f6d238f4a3ca8a80d19846f46,cc5bfafdb43766d78dfa7f4fd9083d23777e16650b408bd77e77b3802450f77b,prior-enabled-data-shape,71,5949414915,244078548,0.9983422873372008,0.04095763010749103
high-volume-for-hire,71,high-volume-for-hire-2025-01,2025-01,2025-12,measured,fixed-128,128,5959293712,3233.467363,5937499488,243589684,5937499488,243589684,48,48,True,40313cb0cb59a4ec60fa6c98712b5dcb78184c8f6d238f4a3ca8a80d19846f46,8e6bc3118b8d8921467b24acb57f64785614e98feeaba71894010e7c4fcf4aa1,,,,,,
high-volume-for-hire,72,high-volume-for-hire-2025-02,2025-02,2026-01,measured,enabled,1024,5974085798,947.81909,5950532712,244124391,5950532712,244124391,6,6,True,238c970e401bdd6aa27a6fc057808d1db7d70b0fd4da26b72393ca5c4dcf7d6a,b457913af747a46941947eeeaeb527d4b896b7c07029a5191f2b31e3ef3336bd,prior-enabled-data-shape,72,5962039348,244596464,0.9979835492570468,0.04094291108364046
high-volume-for-hire,72,high-volume-for-hire-2025-02,2025-02,2026-01,measured,fixed-128,128,5974085798,3187.468415,5950533096,244124391,5950533096,244124391,48,48,True,238c970e401bdd6aa27a6fc057808d1db7d70b0fd4da26b72393ca5c4dcf7d6a,7bf73956d8859ed1ac05c58e480cc33a681d7a19f22330371585a80b665e5843,,,,,,
high-volume-for-hire,72,high-volume-for-hire-2025-02,2025-02,2026-01,measured,fixed-1024,1024,5974085798,916.893911,5950532712,244124391,5950532712,244124391,6,6,True,238c970e401bdd6aa27a6fc057808d1db7d70b0fd4da26b72393ca5c4dcf7d6a,7854d6823a3a0adafb4b8e66f1146a72fa72d5b4de99e62bb7fadbf3c00db6cd,,,,,,
high-volume-for-hire,73,high-volume-for-hire-2025-03,2025-03,2026-02,measured,enabled,1024,5989233581,968.519933,5963603328,244660616,5963603328,244660616,6,6,True,841a50c51ebd5c61160dc32a88cc9a52d780ba640819cba8889d340d699cf1b4,179031c5c9851fdef65b1dcd9a3278a0d8401e4b8107480706328e264ad6746c,prior-enabled-data-shape,73,5970134139,244928561,0.9968110374140438,0.04089480868125826
high-volume-for-hire,73,high-volume-for-hire-2025-03,2025-03,2026-02,measured,fixed-128,128,5989233581,2772.385717,5963603520,244660616,5963603520,244660616,48,48,True,841a50c51ebd5c61160dc32a88cc9a52d780ba640819cba8889d340d699cf1b4,7d9bd9442de4c4c9bada396571337f83cdb035e32f033db628771e43ed7bbcd6,,,,,,
high-volume-for-hire,73,high-volume-for-hire-2025-03,2025-03,2026-02,measured,fixed-1024,1024,5989233581,920.794825,5963603328,244660616,5963603328,244660616,6,6,True,841a50c51ebd5c61160dc32a88cc9a52d780ba640819cba8889d340d699cf1b4,7016ad2eca663983a0cc7fbfd1906dbf65f51f7f3f96cd792568030df7765cb8,,,,,,
high-volume-for-hire,74,high-volume-for-hire-2025-04,2025-04,2026-03,measured,fixed-128,128,6020065435,3188.182349,6000689448,246182095,6000689448,246182095,48,48,True,a44da5b60b179633d1a87bf8043848b6a9184615d06d5b79978e50ecaa347521,4d26848e0748393866365cce4d180c3682aac968f6d86b2deb66f93e354ec22a,,,,,,
high-volume-for-hire,74,high-volume-for-hire-2025-04,2025-04,2026-03,measured,enabled,1024,6020065435,969.554838,6000689256,246182095,5987825688,245654361,7,6,True,a44da5b60b179633d1a87bf8043848b6a9184615d06d5b79978e50ecaa347521,e85c2b5ccddaf1925a1e719fa31885ad16015d2735a2b26d534d168902ec2683,prior-enabled-data-shape,74,5998048570,246073764,0.9963427531762509,0.040875596299187744
high-volume-for-hire,74,high-volume-for-hire-2025-04,2025-04,2026-03,measured,fixed-1024,1024,6020065435,987.345,6000689256,246182095,5987825688,245654361,7,6,True,a44da5b60b179633d1a87bf8043848b6a9184615d06d5b79978e50ecaa347521,1d09d8cd9bc31698c390cca52185f6ee5eec21509d64a9bb6d6b9f253cbd6f76,,,,,,
high-volume-for-hire,75,high-volume-for-hire-2025-05,2025-05,2026-04,measured,enabled,1024,6042711416,960.845014,6030962328,247424065,6018098760,246896331,7,6,True,b4a4c0787fe806fde7295ed86b641f18425b7c05959fe2a58954843e5b61ef70,c8ba3b71fdf7297f0db9c084b4678fba4b16b64c0e90f88ae7d87a8b5ad61ea6,prior-enabled-data-shape,75,6023262349,247108170,0.9967814005995103,0.04089359121725228
high-volume-for-hire,75,high-volume-for-hire-2025-05,2025-05,2026-04,measured,fixed-1024,1024,6042711416,1024.411915,6030962328,247424065,6018098760,246896331,7,6,True,b4a4c0787fe806fde7295ed86b641f18425b7c05959fe2a58954843e5b61ef70,d4fe34e868156e07b0bce346621d4af2901065978c532bda68f665caf3bbbb40,,,,,,
high-volume-for-hire,75,high-volume-for-hire-2025-05,2025-05,2026-04,measured,fixed-128,128,6042711416,3215.09879,6030962520,247424065,6030962520,247424065,48,48,True,b4a4c0787fe806fde7295ed86b641f18425b7c05959fe2a58954843e5b61ef70,ca0a05cc258ecc0af48b012c5d989e0d835d5d85afebf2304568e1afc3c4f826,,,,,,
high-volume-for-hire,76,high-volume-for-hire-2025-06,2025-06,2026-05,measured,fixed-1024,1024,6062901356,1093.062791,6056179392,248458616,6043315824,247930882,8,7,True,7ae379933151a8fbbed6572386fecaa5c28603f8ef8871d5d019dd2216bbe2cc,884a56ed72833922fdf87b4d81631c4a47da9510e41ef3cdc885d357ceaab021,,,,,,
high-volume-for-hire,76,high-volume-for-hire-2025-06,2025-06,2026-05,measured,enabled,1024,6062901356,1156.441572,6056179392,248458616,6043315824,247930882,8,7,True,7ae379933151a8fbbed6572386fecaa5c28603f8ef8871d5d019dd2216bbe2cc,aa1e9b56976021fd6c27901dc43bc0d18e23d18cc601487eb56db6c1254b2aef,prior-enabled-data-shape,76,6043387305,247933810,0.9967814005995103,0.04089359121725228
high-volume-for-hire,76,high-volume-for-hire-2025-06,2025-06,2026-05,measured,fixed-128,128,6062901356,3364.328626,6056179776,248458616,6056179776,248458616,48,48,True,7ae379933151a8fbbed6572386fecaa5c28603f8ef8871d5d019dd2216bbe2cc,f232646951c30e11d0508b7a616e9a53783f8d797b80789f3528b1c69d7e7f8e,,,,,,
fre-crt-stacr-dnhq,0,fre-crt-stacr-dnhq-2013-07,2013-07,2014-06,warmup,enabled,128,217873310,2313.930668,143866032,3941530,143866032,3941530,2,2,True,f983d80ad86c6d680401906d9e415a14fb1df41abf5339a58536418c59664706,9f1ddef0648ff44a37c0f6b753eabf510b0198ab79d8ab030d33988c50194e56,cold-start-fallback,0,,,,
fre-crt-stacr-dnhq,0,fre-crt-stacr-dnhq-2013-07,2013-07,2014-06,warmup,fixed-128,128,217873310,392.133973,143866032,3941530,143866032,3941530,2,2,True,f983d80ad86c6d680401906d9e415a14fb1df41abf5339a58536418c59664706,770a4dff43b63ade4a8f8200d66cafea46246580724e4bfd4e1301e176db8473,,,,,,
fre-crt-stacr-dnhq,0,fre-crt-stacr-dnhq-2013-07,2013-07,2014-06,warmup,fixed-1024,1024,217873310,343.281642,143866028,3941530,143866028,3941530,1,1,True,f983d80ad86c6d680401906d9e415a14fb1df41abf5339a58536418c59664706,28fb0eb5c6899724fb6b8c3dcae4fbb194f7dedbabbbc05aed7e97bd1ff258f0,,,,,,
fre-crt-stacr-dnhq,0,fre-crt-stacr-dnhq-2013-07,2013-07,2014-06,measured,fixed-1024,1024,217873310,308.738291,143866028,3941530,143866028,3941530,1,1,True,f983d80ad86c6d680401906d9e415a14fb1df41abf5339a58536418c59664706,ec55922bd3dcdff4bf063a647573c650304041cf39a76568574141df62699177,,,,,,
fre-crt-stacr-dnhq,0,fre-crt-stacr-dnhq-2013-07,2013-07,2014-06,measured,fixed-128,128,217873310,320.945896,143866032,3941530,143866032,3941530,2,2,True,f983d80ad86c6d680401906d9e415a14fb1df41abf5339a58536418c59664706,20dc254ddf56e85f4b51260515be34e23f9ec8b7c6467ec4ad3ad2d1b4b09c10,,,,,,
fre-crt-stacr-dnhq,0,fre-crt-stacr-dnhq-2013-07,2013-07,2014-06,measured,enabled,128,217873310,307.494651,143866032,3941530,143866032,3941530,2,2,True,f983d80ad86c6d680401906d9e415a14fb1df41abf5339a58536418c59664706,20b47b4d1d64df065fed0ed9624bd11bbe2563d21f2f3772c5c9301ab14951ac,cold-start-fallback,0,,,,
fre-crt-stacr-dnhq,1,fre-crt-stacr-dnhq-2013-08,2013-08,2014-07,measured,fixed-128,128,217873310,300.643944,153210032,4197530,153210032,4197530,2,2,True,857fadc6f5f09b8cb06e5cc713644243daacfddd24530aacc1acddf2ca7dc2cb,f5b26cd9639ba992d5ce2c931a61dc5c21d5b5ebb9dda1ce9b3dae0c25a4141c,,,,,,
fre-crt-stacr-dnhq,1,fre-crt-stacr-dnhq-2013-08,2013-08,2014-07,measured,enabled,1024,217873310,305.791807,153210028,4197530,153210028,4197530,1,1,True,857fadc6f5f09b8cb06e5cc713644243daacfddd24530aacc1acddf2ca7dc2cb,b9151676fa1d036f3c847e5505db6f1db0d87078a6494dfee983595ae94f5e1a,prior-enabled-data-shape,1,143866032,3941530,0.660319669261003,0.018090926327781958
fre-crt-stacr-dnhq,1,fre-crt-stacr-dnhq-2013-08,2013-08,2014-07,measured,fixed-1024,1024,217873310,299.134633,153210028,4197530,153210028,4197530,1,1,True,857fadc6f5f09b8cb06e5cc713644243daacfddd24530aacc1acddf2ca7dc2cb,37c949f44bfeb828bbce7ba1be855fa0eb21409ac9517ae8fb3b32d179fcbaa0,,,,,,
fre-crt-stacr-dnhq,2,fre-crt-stacr-dnhq-2013-09,2013-09,2014-08,measured,fixed-128,128,217873310,313.579423,198818832,5447090,198818832,5447090,2,2,True,408ed87843346100fe2e7cfeb3cb08da41a1612a587860372d951cdd5e383121,3f3c17b701bed98c6bf3386a6f01da2c73e26915b635ec0c39780038dac1dc0e,,,,,,
fre-crt-stacr-dnhq,2,fre-crt-stacr-dnhq-2013-09,2013-09,2014-08,measured,enabled,1024,217873310,319.825066,198818828,5447090,198818828,5447090,1,1,True,408ed87843346100fe2e7cfeb3cb08da41a1612a587860372d951cdd5e383121,b81a8d1763cb7fa758f01c5d563ed6f0ec4d217d2811fb22ad7597a8820ed136,prior-enabled-data-shape,2,153210028,4197530,0.7032069600448076,0.019265921098825734
fre-crt-stacr-dnhq,2,fre-crt-stacr-dnhq-2013-09,2013-09,2014-08,measured,fixed-1024,1024,217873310,301.949322,198818828,5447090,198818828,5447090,1,1,True,408ed87843346100fe2e7cfeb3cb08da41a1612a587860372d951cdd5e383121,b29066b9c2b3026d33318abf63dcb88cc7212577cc4a46c86e0c04cf5fc7f56c,,,,,,
fre-crt-stacr-dnhq,3,fre-crt-stacr-dnhq-2013-10,2013-10,2014-09,measured,enabled,1024,217873310,300.930482,217506828,5959090,217506828,5959090,1,1,True,7fbc741dbe44158a29ef76443d2442adaaad08de0ab601f4e8394988a95a653c,074ad889a9a8e265356556b7132c42f202418a09e0d2c73512c5aa5515d5f8af,prior-enabled-data-shape,3,153210028,4197530,0.7032069600448076,0.019265921098825734
fre-crt-stacr-dnhq,3,fre-crt-stacr-dnhq-2013-10,2013-10,2014-09,measured,fixed-1024,1024,217873310,283.91418,217506828,5959090,217506828,5959090,1,1,True,7fbc741dbe44158a29ef76443d2442adaaad08de0ab601f4e8394988a95a653c,5ad74ccea191308b525b6de2a546a024157c057747838abed6484eaa341009b6,,,,,,
fre-crt-stacr-dnhq,3,fre-crt-stacr-dnhq-2013-10,2013-10,2014-09,measured,fixed-128,128,217873310,310.003459,217506832,5959090,217506832,5959090,2,2,True,7fbc741dbe44158a29ef76443d2442adaaad08de0ab601f4e8394988a95a653c,045b74e94b7e4f8217991f45d9d8e92d142d7c9841b5366bbce9f1dc39895255,,,,,,
fre-crt-stacr-dnhq,4,fre-crt-stacr-dnhq-2013-11,2013-11,2014-10,measured,enabled,1024,217873310,276.179711,254376524,6969218,254376524,6969218,1,1,True,9fe59b3897ba5d5763320aa871357ed416c2a08ff06e8a4a466ce0eef61c0b73,7d1e3ce51510526436cf14c8cdf709ccb04230db8c0b1617304554cfc5812039,prior-enabled-data-shape,4,198818828,5447090,0.9125432940822352,0.0250011807320502
fre-crt-stacr-dnhq,4,fre-crt-stacr-dnhq-2013-11,2013-11,2014-10,measured,fixed-1024,1024,217873310,264.837751,254376524,6969218,254376524,6969218,1,1,True,9fe59b3897ba5d5763320aa871357ed416c2a08ff06e8a4a466ce0eef61c0b73,f411ad6248f8adaeb550cae25be2b82f11dab8a1401b39b65b9d504a3ab699e9,,,,,,
fre-crt-stacr-dnhq,4,fre-crt-stacr-dnhq-2013-11,2013-11,2014-10,measured,fixed-128,128,217873310,255.734205,254376528,6969218,254376528,6969218,2,2,True,9fe59b3897ba5d5763320aa871357ed416c2a08ff06e8a4a466ce0eef61c0b73,830b76e89ec7f3990aafff395d57d1845f578e80a02203c6890c6f0587650a1b,,,,,,
fre-crt-stacr-dnhq,5,fre-crt-stacr-dnhq-2013-12,2013-12,2014-11,measured,fixed-1024,1024,217873310,264.544401,276221320,7567705,276221320,7567705,1,1,True,fce2521bcef7379bd1a3fdb9c7af8206eccfbf0709df935601c9902fd7e682ed,19b6e7e9844bd32e31a07da13bb0bc865d4393c183ac0c6c3d554795fd94108c,,,,,,
fre-crt-stacr-dnhq,5,fre-crt-stacr-dnhq-2013-12,2013-12,2014-11,measured,fixed-128,128,217873310,289.23789,276221324,7567705,276221324,7567705,2,2,True,fce2521bcef7379bd1a3fdb9c7af8206eccfbf0709df935601c9902fd7e682ed,a037f935c81ccd07e389aac5c96135d4d61b23bea6d61cf069d7d0fd86de60a8,,,,,,
fre-crt-stacr-dnhq,5,fre-crt-stacr-dnhq-2013-12,2013-12,2014-11,measured,enabled,1024,217873310,261.764491,276221320,7567705,276221320,7567705,1,1,True,fce2521bcef7379bd1a3fdb9c7af8206eccfbf0709df935601c9902fd7e682ed,c0135555e740eb75197dca903aba18df7698d3adbbb7b7bceee61fff95f37e96,prior-enabled-data-shape,5,217506828,5959090,0.998317912368431,0.027351170274137755
fre-crt-stacr-dnhq,6,fre-crt-stacr-dnhq-2014-01,2014-01,2014-12,measured,fixed-1024,1024,194354170,271.273507,257666404,7059352,257666404,7059352,1,1,True,7d012e85676970d09dc2f553e5159084a7cdc3bac074a708e22e0dc2595eafde,0ef7cfbd2eba268f2933c347866587145cfc59fd5e21bb780af75c0053311338,,,,,,
fre-crt-stacr-dnhq,6,fre-crt-stacr-dnhq-2014-01,2014-01,2014-12,measured,fixed-128,128,194354170,255.477738,257666408,7059352,257666408,7059352,2,2,True,7d012e85676970d09dc2f553e5159084a7cdc3bac074a708e22e0dc2595eafde,6511ca6c1a9e123c9e632402233df97c3b1f213b4413c9cc3793ae54c3adeaf7,,,,,,
fre-crt-stacr-dnhq,6,fre-crt-stacr-dnhq-2014-01,2014-01,2014-12,measured,enabled,1024,194354170,260.28721,257666404,7059352,257666404,7059352,1,1,True,7d012e85676970d09dc2f553e5159084a7cdc3bac074a708e22e0dc2595eafde,46573c025f20b06d94c714013e332693112a09b002050cf9c4a2d10c40d047a3,prior-enabled-data-shape,6,194027249,5315814,0.998317912368431,0.027351170274137755
fre-crt-stacr-dnhq,7,fre-crt-stacr-dnhq-2014-02,2014-02,2015-01,measured,enabled,880,671781468,299.781834,357825732,9619352,357825732,9619352,1,1,True,58d68c81b4e399f87f28beacec5a880d46c2927f80b9deb4067b7fd82394c81e,c9c94a81d42bdc1cc05b2845ce72d48bfeb84a4e8d74995f1561f16a1d504dc4,prior-enabled-data-shape,7,784333954,21488596,1.1675433030323907,0.03198747932915693
fre-crt-stacr-dnhq,7,fre-crt-stacr-dnhq-2014-02,2014-02,2015-01,measured,fixed-1024,1024,671781468,316.702647,357825732,9619352,357825732,9619352,1,1,True,58d68c81b4e399f87f28beacec5a880d46c2927f80b9deb4067b7fd82394c81e,7784696f9e60fd75d1d2d37fb22243e0d6515ab9d13049f9d8d35a9cac2ae8af,,,,,,
fre-crt-stacr-dnhq,7,fre-crt-stacr-dnhq-2014-02,2014-02,2015-01,measured,fixed-128,128,671781468,534.955246,357826524,9619352,357826524,9619352,7,7,True,58d68c81b4e399f87f28beacec5a880d46c2927f80b9deb4067b7fd82394c81e,6ed710f8447f58e78ca18df3cccee93523c836819a6f27a1b70b1ff70d706a8e,,,,,,
fre-crt-stacr-dnhq,8,fre-crt-stacr-dnhq-2014-03,2014-03,2015-02,measured,fixed-128,128,671781468,571.746097,376514524,10131352,376514524,10131352,7,7,True,0ace15a5c5d28787ba34c887b20dbfd49d321ac5aa714d23124c001ca7fa46bd,554b83145d9e6f7fa757c1f59cc7d793034623528c8665c42938554bb0068e72,,,,,,
fre-crt-stacr-dnhq,8,fre-crt-stacr-dnhq-2014-03,2014-03,2015-02,measured,enabled,1024,671781468,311.093278,376513732,10131352,376513732,10131352,1,1,True,0ace15a5c5d28787ba34c887b20dbfd49d321ac5aa714d23124c001ca7fa46bd,9125412aead92f8c279d98b7412409079bbf50459654a56343a674038b0d8233,prior-enabled-data-shape,8,670651473,18374009,0.998317912368431,0.027351170274137755
fre-crt-stacr-dnhq,8,fre-crt-stacr-dnhq-2014-03,2014-03,2015-02,measured,fixed-1024,1024,671781468,293.853488,376513732,10131352,376513732,10131352,1,1,True,0ace15a5c5d28787ba34c887b20dbfd49d321ac5aa714d23124c001ca7fa46bd,796ee55e065ec2e52a6ca1e4c4a6a934198ee7a286b205b77aa8f36f673c86d1,,,,,,
fre-crt-stacr-dnhq,9,fre-crt-stacr-dnhq-2014-04,2014-04,2015-03,measured,fixed-128,128,671781468,553.290324,421369900,10899352,421369900,10899352,7,7,True,57f9a1496976801d88da9a6530b36478089fb7eede4406066ccbf29eba8c39f8,171b352d2834f1a085ebedf9e527c450ae4c24338d43149ae6fd11e6dee11c30,,,,,,
fre-crt-stacr-dnhq,9,fre-crt-stacr-dnhq-2014-04,2014-04,2015-03,measured,enabled,1024,671781468,339.392313,421369108,10899352,421369108,10899352,1,1,True,57f9a1496976801d88da9a6530b36478089fb7eede4406066ccbf29eba8c39f8,62519cf8eb08fe52b63ac55d93c5f1b4bf118640b6682af7ddf1177a60f58448,prior-enabled-data-shape,9,472401404,12942489,0.7032069600448076,0.019265921098825734
fre-crt-stacr-dnhq,9,fre-crt-stacr-dnhq-2014-04,2014-04,2015-03,measured,fixed-1024,1024,671781468,288.691405,421369108,10899352,421369108,10899352,1,1,True,57f9a1496976801d88da9a6530b36478089fb7eede4406066ccbf29eba8c39f8,14c400412bb56bc4aa524233f6a73d41bcd2d3e643c553a3ab21d6530be9181e,,,,,,
fre-crt-stacr-dnhq,10,fre-crt-stacr-dnhq-2014-05,2014-05,2015-04,measured,enabled,1024,671781468,299.343984,496953780,11923352,496953780,11923352,1,1,True,8fa037b604e6e40cd671938785f67f057163df0c7729110177b5a2058995217e,f91b98eaaecc91f660a8ccd3b5e7c4748966820b9ebdc9e22999ba1c6b433697,prior-enabled-data-shape,10,421369108,10899352,0.6272413397387735,0.016224549975230932
fre-crt-stacr-dnhq,10,fre-crt-stacr-dnhq-2014-05,2014-05,2015-04,measured,fixed-128,128,671781468,641.129441,496954572,11923352,496954572,11923352,7,7,True,8fa037b604e6e40cd671938785f67f057163df0c7729110177b5a2058995217e,bf8d8e12683ff26c7618023526cd562b13fda6ed204f4c2a2b68d319b1fc930a,,,,,,
fre-crt-stacr-dnhq,10,fre-crt-stacr-dnhq-2014-05,2014-05,2015-04,measured,fixed-1024,1024,671781468,293.420089,496953780,11923352,496953780,11923352,1,1,True,8fa037b604e6e40cd671938785f67f057163df0c7729110177b5a2058995217e,39dc60947f828a0fc6fd5ca7000dfa789c81353a2bf81de42f222f9a12c2d8a2,,,,,,
fre-crt-stacr-dnhq,11,fre-crt-stacr-dnhq-2014-06,2014-06,2015-05,measured,enabled,1024,671781468,308.554062,561849780,12691352,561849780,12691352,1,1,True,35475c681fae303ce1d47dc1d1291d761065563a1c9d120cc4e0d495f65a1089,b5d68f4f058ff21e88fba7d2509034954e9e8e3de966490d2cf533305915c18b,prior-enabled-data-shape,11,496953780,11923352,0.7397551192942405,0.01774885519765484
fre-crt-stacr-dnhq,11,fre-crt-stacr-dnhq-2014-06,2014-06,2015-05,measured,fixed-1024,1024,671781468,293.856259,561849780,12691352,561849780,12691352,1,1,True,35475c681fae303ce1d47dc1d1291d761065563a1c9d120cc4e0d495f65a1089,3e9923978dfccf6af8b4bdc9c68718f41a720152955f0fd68c1afc72a9312111,,,,,,
fre-crt-stacr-dnhq,11,fre-crt-stacr-dnhq-2014-06,2014-06,2015-05,measured,fixed-128,128,671781468,628.405733,561850572,12691352,561850572,12691352,7,7,True,35475c681fae303ce1d47dc1d1291d761065563a1c9d120cc4e0d495f65a1089,835aabc54ac0367c655db19c42e28d380cf6333a452533a30364bacd30caaa60,,,,,,
fre-crt-stacr-dnhq,12,fre-crt-stacr-dnhq-2014-07,2014-07,2015-06,measured,enabled,1024,671781468,315.161366,700857780,14227352,700857780,14227352,1,1,True,8216f879984c390a939776b240728f40adcb40dc04659d7bd0d080b1551fc15e,f06bbaa7d6242b4d5fafcc3905131456d1aed95cb99b95ff1187d5425ff9414f,prior-enabled-data-shape,12,496953780,11923352,0.7397551192942405,0.01774885519765484
fre-crt-stacr-dnhq,12,fre-crt-stacr-dnhq-2014-07,2014-07,2015-06,measured,fixed-128,128,671781468,641.424636,700858572,14227352,700858572,14227352,7,7,True,8216f879984c390a939776b240728f40adcb40dc04659d7bd0d080b1551fc15e,051f9e31167b44a6775c5870f3c9d213393996a62da4f1ddb16b5a0c118efc96,,,,,,
fre-crt-stacr-dnhq,12,fre-crt-stacr-dnhq-2014-07,2014-07,2015-06,measured,fixed-1024,1024,671781468,305.555706,700857780,14227352,700857780,14227352,1,1,True,8216f879984c390a939776b240728f40adcb40dc04659d7bd0d080b1551fc15e,6259aca30b356c376a574fd0b86b0a072b17576fd86beb8e7b42266a75711b1f,,,,,,
fre-crt-stacr-dnhq,13,fre-crt-stacr-dnhq-2014-08,2014-08,2015-07,measured,fixed-1024,1024,671781468,314.504548,784313780,15251352,784313780,15251352,1,1,True,21bfc4cd87c5a9bb7d66f823535fd211e05563345d73f5a1263ff89ed6583d83,ce11b873e20dec526576e04e9ac9bd1dffaa624a8c1dae7c662af4c2c82f35fa,,,,,,
fre-crt-stacr-dnhq,13,fre-crt-stacr-dnhq-2014-08,2014-08,2015-07,measured,enabled,1024,671781468,309.048874,784313780,15251352,784313780,15251352,1,1,True,21bfc4cd87c5a9bb7d66f823535fd211e05563345d73f5a1263ff89ed6583d83,9ad9b19b1453093668f1756170e110c5affbcdbb0827159e5f1724ef4edd921a,prior-enabled-data-shape,13,561849780,12691352,0.8363579627653557,0.018892084114472775
fre-crt-stacr-dnhq,13,fre-crt-stacr-dnhq-2014-08,2014-08,2015-07,measured,fixed-128,128,671781468,635.056518,784314572,15251352,784314572,15251352,7,7,True,21bfc4cd87c5a9bb7d66f823535fd211e05563345d73f5a1263ff89ed6583d83,22b5a17744506cce5897d08aa47a687200fdff38fd4fc966e2fbb0c637b6ff65,,,,,,
fre-crt-stacr-dnhq,14,fre-crt-stacr-dnhq-2014-09,2014-09,2015-08,measured,fixed-1024,1024,671781468,311.040913,862038388,15942064,862038388,15942064,1,1,True,53846316ed2535b21c5a7df025f3873b7385ad948958a85787a785205581e95f,4b40432a1416d46789296fbc3df36d5cc1a201104d9318a451af200fe91dfb68,,,,,,
fre-crt-stacr-dnhq,14,fre-crt-stacr-dnhq-2014-09,2014-09,2015-08,measured,enabled,976,671781468,306.031402,862038388,15942064,862038388,15942064,1,1,True,53846316ed2535b21c5a7df025f3873b7385ad948958a85787a785205581e95f,4da3aa3da686b78abc0421ddd678a35964caf642ad088a8eee80b108bbbe0ba3,prior-enabled-data-shape,14,700857780,14227352,1.0432823967094014,0.021178541948108635
fre-crt-stacr-dnhq,14,fre-crt-stacr-dnhq-2014-09,2014-09,2015-08,measured,fixed-128,128,671781468,667.114819,862039180,15942064,862039180,15942064,7,7,True,53846316ed2535b21c5a7df025f3873b7385ad948958a85787a785205581e95f,37685a9e8cbc87c4926f5a504a6321b04e07ebb939d6df6cd1ea36ff9a37ab15,,,,,,
fre-crt-stacr-dnhq,15,fre-crt-stacr-dnhq-2014-10,2014-10,2015-09,measured,enabled,976,671781468,313.273447,1009453748,17721144,1009453748,17721144,1,1,True,1f695de9262b90a17b4d6b184a4eca28a7f030dc853eb0a1c32cd0c79b57bb46,ba9cf367bb802b26f2bf32fb65e22476217cc36d8a8a62e8371603f5a31619df,prior-enabled-data-shape,15,700857780,14227352,1.0432823967094014,0.021178541948108635
fre-crt-stacr-dnhq,15,fre-crt-stacr-dnhq-2014-10,2014-10,2015-09,measured,fixed-128,128,671781468,640.343083,1009454540,17721144,1009454540,17721144,7,7,True,1f695de9262b90a17b4d6b184a4eca28a7f030dc853eb0a1c32cd0c79b57bb46,b38aa4829fea7a2106a59d54204141bd0f42c4b0ff5617a45e008c9371237e2a,,,,,,
fre-crt-stacr-dnhq,15,fre-crt-stacr-dnhq-2014-10,2014-10,2015-09,measured,fixed-1024,1024,671781468,315.965296,1009453748,17721144,1009453748,17721144,1,1,True,1f695de9262b90a17b4d6b184a4eca28a7f030dc853eb0a1c32cd0c79b57bb46,3c64f8d5032af07ad154298064eb49bae1b8dce76b8d2db66ffbb12d451104f0,,,,,,
fre-crt-stacr-dnhq,16,fre-crt-stacr-dnhq-2014-11,2014-11,2015-10,measured,enabled,880,671781468,322.86297,1037101748,17721144,1037101748,17721144,1,1,True,9eecf3095ac0cd9b14bc2ecf6e6cb15117b6c55a163ef17501a190843a9fea78,31c4cecfb13592bce834e42d84acf60d62e26059d8e4e11297a0aed07f22b312,prior-enabled-data-shape,16,784313780,15251352,1.16751327233695,0.022702847170532545
fre-crt-stacr-dnhq,16,fre-crt-stacr-dnhq-2014-11,2014-11,2015-10,measured,fixed-128,128,671781468,691.474921,1037102540,17721144,1037102540,17721144,7,7,True,9eecf3095ac0cd9b14bc2ecf6e6cb15117b6c55a163ef17501a190843a9fea78,90108cfd0f4f2ae14b9f2377d85e638e343323fd824d5de302ec4d2306b8e90f,,,,,,
fre-crt-stacr-dnhq,16,fre-crt-stacr-dnhq-2014-11,2014-11,2015-10,measured,fixed-1024,1024,671781468,312.267212,1037101748,17721144,1037101748,17721144,1,1,True,9eecf3095ac0cd9b14bc2ecf6e6cb15117b6c55a163ef17501a190843a9fea78,0d6b063f2408a5627c71f7e2c163a3add6c5e17b50d47f3112f218c57d4ac50b,,,,,,
fre-crt-stacr-dnhq,17,fre-crt-stacr-dnhq-2014-12,2014-12,2015-11,measured,fixed-1024,1024,671781468,370.490114,1133314248,18666858,1069100956,17439292,2,1,True,cc7454afbb48cc3e7be2d8b7a43ceeb1f9ecd068636c6dbea6bccee0ebf874ca,979afd7cc6b6e6fe4e6f3347c50d957697658c2d2ac24924dcb7222beb05380d,,,,,,
fre-crt-stacr-dnhq,17,fre-crt-stacr-dnhq-2014-12,2014-12,2015-11,measured,fixed-128,128,671781468,634.833911,1133314780,18666858,1133314780,18666858,7,7,True,cc7454afbb48cc3e7be2d8b7a43ceeb1f9ecd068636c6dbea6bccee0ebf874ca,1da7fe707c2128a71e327b3bc214bdc45e6f97ac927303b97771357d20c3b2dd,,,,,,
fre-crt-stacr-dnhq,17,fre-crt-stacr-dnhq-2014-12,2014-12,2015-11,measured,enabled,800,671781468,347.792399,1133314248,18666858,1069100956,17439292,2,1,True,cc7454afbb48cc3e7be2d8b7a43ceeb1f9ecd068636c6dbea6bccee0ebf874ca,ed8f7f9aaa8f8fb56a47090c616645e519d8f940c522c0e2f54e1d7508ccb71c,prior-enabled-data-shape,17,862038388,15942064,1.2832125163655155,0.023731026768961123
fre-crt-stacr-dnhq,18,fre-crt-stacr-dnhq-2015-01,2015-01,2015-12,measured,fixed-1024,1024,477427298,341.493741,1097176072,17205414,1062976196,16733694,2,1,True,17830c17d725ab26297d6030e2557c3cc3d0c8cc80288a1aced2889bc9a3ddd9,705119b5378a487df914fac3418cf7cad97d4a88f340903ba69fd0055e0d492f,,,,,,
fre-crt-stacr-dnhq,18,fre-crt-stacr-dnhq-2015-01,2015-01,2015-12,measured,fixed-128,128,477427298,487.934947,1097176340,17205414,1097176340,17205414,5,5,True,17830c17d725ab26297d6030e2557c3cc3d0c8cc80288a1aced2889bc9a3ddd9,80fe920eb4ba0e907519313913930e0871788a406980b6c51d38c50e96865975,,,,,,
fre-crt-stacr-dnhq,18,fre-crt-stacr-dnhq-2015-01,2015-01,2015-12,measured,enabled,688,477427298,337.108415,1097176072,17205414,1062976196,16733694,2,1,True,17830c17d725ab26297d6030e2557c3cc3d0c8cc80288a1aced2889bc9a3ddd9,a71d6f919880ca9d66573a63e940031b5ae2c45cd368a45ac90a87353aada4e3,prior-enabled-data-shape,18,717407071,12594212,1.5026519725310434,0.026379328463404413
fre-crt-stacr-dnhq,19,fre-crt-stacr-dnhq-2015-02,2015-02,2016-01,measured,fixed-1024,1024,1305942088,335.685812,1412696072,21557414,1412696072,21557414,2,2,True,5c32039055af3a9bfb538232fdab7c77ebb487dedbe4fe26ae92476a3540628a,236eb412d189d19be9efcb10dc8936b70bdea8b0df3eb8b51f6de8e4f00aca0b,,,,,,
fre-crt-stacr-dnhq,19,fre-crt-stacr-dnhq-2015-02,2015-02,2016-01,measured,enabled,656,1305942088,375.109671,1412696332,21557414,1412696332,21557414,3,3,True,5c32039055af3a9bfb538232fdab7c77ebb487dedbe4fe26ae92476a3540628a,a85332d09b92e138b3a4dbaf761694a2c6b8bb93b7ce33bdc284c3e6788ac929,prior-enabled-data-shape,19,2016124122,34449875,1.543808213536489,0.026379328463404413
fre-crt-stacr-dnhq,19,fre-crt-stacr-dnhq-2015-02,2015-02,2016-01,measured,fixed-128,128,1305942088,1079.370583,1412697140,21557414,1412697140,21557414,13,13,True,5c32039055af3a9bfb538232fdab7c77ebb487dedbe4fe26ae92476a3540628a,16f7898c15810174ca09a9b0d6ee0bcb3fa22719943546dcfe583710c3357fda,,,,,,
fre-crt-stacr-dnhq,20,fre-crt-stacr-dnhq-2015-03,2015-03,2016-02,measured,fixed-1024,1024,1305942088,320.716559,1551704072,23093414,1551704072,23093414,2,2,True,ebf8a4bc62f386015a04d0437f6012114fc28add6aa5ae475425681a5920d230,e817d22cd2f9b958ff15571ea0b6c4379433bef08bc10b4de9720366c215ab68,,,,,,
fre-crt-stacr-dnhq,20,fre-crt-stacr-dnhq-2015-03,2015-03,2016-02,measured,fixed-128,128,1305942088,985.229298,1551705140,23093414,1551705140,23093414,13,13,True,ebf8a4bc62f386015a04d0437f6012114fc28add6aa5ae475425681a5920d230,c20ca4a45223f18b53ad7006f5de371aaee46c596a0109ac52272c9f67310bca,,,,,,
fre-crt-stacr-dnhq,20,fre-crt-stacr-dnhq-2015-03,2015-03,2016-02,measured,enabled,688,1305942088,358.314021,1551704332,23093414,1551704332,23093414,3,3,True,ebf8a4bc62f386015a04d0437f6012114fc28add6aa5ae475425681a5920d230,1c0fb4e1576a9786f501b8f0eef18ca7dbe36f01b6a3e51aa3a70ce0b143477e,prior-enabled-data-shape,20,1962376455,34449875,1.5026519725310434,0.026379328463404413
fre-crt-stacr-dnhq,21,fre-crt-stacr-dnhq-2015-04,2015-04,2016-03,measured,enabled,864,1305942088,332.675166,1625688328,23605414,1625688328,23605414,2,2,True,53eaf378795705568fc13e49deb374779bded1c1945af24867d1008e21de095e,0d89423ecd32db4a56d683b4830b0e72672d55af8d21cfae6b865e882b0c0822,prior-enabled-data-shape,21,1551704332,29648604,1.1881877046909297,0.022702847170532545
fre-crt-stacr-dnhq,21,fre-crt-stacr-dnhq-2015-04,2015-04,2016-03,measured,fixed-1024,1024,1305942088,378.60471,1625688076,23605414,1546065672,22507174,3,2,True,53eaf378795705568fc13e49deb374779bded1c1945af24867d1008e21de095e,9edec32c127602770b55e36890c1bc40c50e8ef03f27c56df7f475f530ea9e3a,,,,,,
fre-crt-stacr-dnhq,21,fre-crt-stacr-dnhq-2015-04,2015-04,2016-03,measured,fixed-128,128,1305942088,978.222838,1625689140,23605414,1625689140,23605414,13,13,True,53eaf378795705568fc13e49deb374779bded1c1945af24867d1008e21de095e,2503fb6d97f249455610571ce8af38d0d357b3733122f72b2da2199edea144be,,,,,,
fre-crt-stacr-dnhq,22,fre-crt-stacr-dnhq-2015-05,2015-05,2016-04,measured,fixed-128,128,1305942088,970.590729,1811033140,25653414,1811033140,25653414,13,13,True,a43039f54301fb195d9d71dfa1f0a77f82873e210597c6432850c530562d37a5,af686eb9a1a3f318b4672032d4a929228784069a9733846faad49ba5d99317f9,,,,,,
fre-crt-stacr-dnhq,22,fre-crt-stacr-dnhq-2015-05,2015-05,2016-04,measured,fixed-1024,1024,1305942088,383.423673,1811032332,25653414,1610431272,22886506,3,2,True,a43039f54301fb195d9d71dfa1f0a77f82873e210597c6432850c530562d37a5,f44b57c5cb00374d1b9a3d9d76419ef6beb9460efdcfed62a85f4529ce854bb8,,,,,,
fre-crt-stacr-dnhq,22,fre-crt-stacr-dnhq-2015-05,2015-05,2016-04,measured,enabled,816,1305942088,316.340943,1811032328,25653414,1811032328,25653414,2,2,True,a43039f54301fb195d9d71dfa1f0a77f82873e210597c6432850c530562d37a5,8378f887794fffc2153866d7100e0a65ff3d069484e3c76cfb566aec8fd583cd,prior-enabled-data-shape,22,1625688328,23605414,1.2448395246145096,0.01807539110417276
fre-crt-stacr-dnhq,23,fre-crt-stacr-dnhq-2015-06,2015-06,2016-05,measured,fixed-128,128,1305942088,897.911227,1863965204,26165414,1863965204,26165414,13,13,True,27ff5ca20c4a73046e06b4f6f6c3bb64781e68285bcf52a77ec1ed20cf8d0cf6,ecc04e501d54ddd91b29edfd81eab268fac44fa293d6732dcac9f6427b38f0fd,,,,,,
fre-crt-stacr-dnhq,23,fre-crt-stacr-dnhq-2015-06,2015-06,2016-05,measured,fixed-1024,1024,1305942088,384.293217,1863964396,26165414,1649467352,23142506,3,2,True,27ff5ca20c4a73046e06b4f6f6c3bb64781e68285bcf52a77ec1ed20cf8d0cf6,b10ebc43efdcff90d08c5bb93db49f136cffbfcfbda21934ec2a3e347366ed45,,,,,,
fre-crt-stacr-dnhq,23,fre-crt-stacr-dnhq-2015-06,2015-06,2016-05,measured,enabled,800,1305942088,302.839784,1863964392,26165414,1863964392,26165414,2,2,True,27ff5ca20c4a73046e06b4f6f6c3bb64781e68285bcf52a77ec1ed20cf8d0cf6,9a2b15df6b5a9ae78502f1aa28058de88cb4d34fbcd86dc8b622c16cb7117af5,prior-enabled-data-shape,23,1675801233,25653414,1.2832125163655155,0.019643607657432356
fre-crt-stacr-dnhq,24,fre-crt-stacr-dnhq-2015-07,2015-07,2016-06,measured,fixed-1024,1024,1305942088,402.921592,1983744092,27445414,1638857448,22688360,3,2,True,6d526d755350f1657e16391f535e297904f2fce3cce15dd15277699fe0d0fd53,7b8a4b7a10f1c4c7e4e5d322228913c83b8c82585a4877259c33cc45619e023e,,,,,,
fre-crt-stacr-dnhq,24,fre-crt-stacr-dnhq-2015-07,2015-07,2016-06,measured,enabled,736,1305942088,324.706161,1983743832,27445414,1983743832,27445414,2,2,True,6d526d755350f1657e16391f535e297904f2fce3cce15dd15277699fe0d0fd53,0706c12106a9732607d34e04718e0a1026d50861ca3f88e4387d9152b5315ccf,prior-enabled-data-shape,24,1811032328,25653414,1.386763122684503,0.019643607657432356
fre-crt-stacr-dnhq,24,fre-crt-stacr-dnhq-2015-07,2015-07,2016-06,measured,fixed-128,128,1305942088,953.8768,1983744900,27445414,1983744900,27445414,13,13,True,6d526d755350f1657e16391f535e297904f2fce3cce15dd15277699fe0d0fd53,a60b6a72e0811cce4669881da4d714e90d296280b55f8f1e614bc0855585f29a,,,,,,
fre-crt-stacr-dnhq,25,fre-crt-stacr-dnhq-2015-08,2015-08,2016-07,measured,fixed-1024,1024,1305942088,391.63005,2002304092,27701414,1657417448,22944360,3,2,True,d3f647a868f76b3f3959378f85085d3f8b15a50bd87bdb4055af64680a136f97,a4a334727e134c92892674aad9578205f7635fdc4a79f3466aa4b6b66d7ded89,,,,,,
fre-crt-stacr-dnhq,25,fre-crt-stacr-dnhq-2015-08,2015-08,2016-07,measured,fixed-128,128,1305942088,988.773423,2002304900,27701414,2002304900,27701414,13,13,True,d3f647a868f76b3f3959378f85085d3f8b15a50bd87bdb4055af64680a136f97,a5d5a987f4beaf6b151212bc31f99b8019fa3bf92b3e0a80ad71967d033eb268,,,,,,
fre-crt-stacr-dnhq,25,fre-crt-stacr-dnhq-2015-08,2015-08,2016-07,measured,enabled,720,1305942088,348.499868,2002303836,27701414,2002303836,27701414,3,3,True,d3f647a868f76b3f3959378f85085d3f8b15a50bd87bdb4055af64680a136f97,b7de668503cc6643a0922b2d57d675eebcb0421ca8564a7f54a2dd9b4d229a63,prior-enabled-data-shape,25,1863964392,26165414,1.4272948311625286,0.020035661795747256
fre-crt-stacr-dnhq,26,fre-crt-stacr-dnhq-2015-09,2015-09,2016-08,measured,fixed-1024,1024,1305942088,403.081836,2132669308,29416126,1710811592,23597400,3,2,True,8b6aaa27c8c32ae87012d76c48d1d2ade7804b78e36a9a22e4d693c7efe9b6d4,27bf8c3e30aafe6e6d2fdc0e25471ff0736298d59df5d008d3c80355d0d9e4d2,,,,,,
fre-crt-stacr-dnhq,26,fre-crt-stacr-dnhq-2015-09,2015-09,2016-08,measured,enabled,672,1305942088,376.206467,2132669308,29416126,2132669308,29416126,3,3,True,8b6aaa27c8c32ae87012d76c48d1d2ade7804b78e36a9a22e4d693c7efe9b6d4,343da14bc91b280c2c26743ca9c7efdf3313af22afde42de132fbb691635bf94,prior-enabled-data-shape,26,1983743832,27445414,1.519013630258312,0.021015797141534502
fre-crt-stacr-dnhq,26,fre-crt-stacr-dnhq-2015-09,2015-09,2016-08,measured,fixed-128,128,1305942088,1027.79228,2132670372,29416126,2132670372,29416126,13,13,True,8b6aaa27c8c32ae87012d76c48d1d2ade7804b78e36a9a22e4d693c7efe9b6d4,9420644b5cda2c65e79d1d7c244cd8a78e73f499cc0a0a73cbb4f812a205bae7,,,,,,
fre-crt-stacr-dnhq,27,fre-crt-stacr-dnhq-2015-10,2015-10,2016-09,measured,enabled,672,1305942088,372.266607,2180447540,30075133,2180447540,30075133,3,3,True,74c0fe0a399dfe2b77324ea0b337524f1aa72b3d0832e110d9d3fe9f9153c544,fa658d570b88933f9a6c629372f7e0d06a28bead825dc3d676fa591a914a8c22,prior-enabled-data-shape,27,1983743832,27445414,1.519013630258312,0.021015797141534502
fre-crt-stacr-dnhq,27,fre-crt-stacr-dnhq-2015-10,2015-10,2016-09,measured,fixed-128,128,1305942088,992.852948,2180448604,30075133,2180448604,30075133,13,13,True,74c0fe0a399dfe2b77324ea0b337524f1aa72b3d0832e110d9d3fe9f9153c544,175554b5c3a54ff6fafd0632075d386063a104abef0d00771d744c6dfecbacaf,,,,,,
fre-crt-stacr-dnhq,27,fre-crt-stacr-dnhq-2015-10,2015-10,2016-09,measured,fixed-1024,1024,1305942088,421.934969,2180447540,30075133,1721469824,23744407,3,2,True,74c0fe0a399dfe2b77324ea0b337524f1aa72b3d0832e110d9d3fe9f9153c544,503178d82d9b0eedbdebc6a573f70a51667e7fe218694a5205e8728ab6d33f05,,,,,,
fre-crt-stacr-dnhq,28,fre-crt-stacr-dnhq-2015-11,2015-11,2016-10,measured,fixed-128,128,1305942088,1117.48269,2291808604,31611133,2291808604,31611133,13,13,True,7f68d27e6c116c97117f4c84534ab693ad2c8723bab28ecfa7183b750dfca17b,0b992544bb2b07961278be32042c7b7a4497cf3199972f19cf5b58621134cbde,,,,,,
fre-crt-stacr-dnhq,28,fre-crt-stacr-dnhq-2015-11,2015-11,2016-10,measured,enabled,672,1305942088,385.140738,2291807544,31611133,2273247540,31355133,4,3,True,7f68d27e6c116c97117f4c84534ab693ad2c8723bab28ecfa7183b750dfca17b,ff01d401d0ec53d4bfd7a7c8ffbd5e5421534405451d125a82198a693ffb456d,prior-enabled-data-shape,28,2002303836,27701414,1.5332255958351502,0.02121182421069195
fre-crt-stacr-dnhq,28,fre-crt-stacr-dnhq-2015-11,2015-11,2016-10,measured,fixed-1024,1024,1305942088,392.924084,2291807540,31611133,1740029824,24000407,3,2,True,7f68d27e6c116c97117f4c84534ab693ad2c8723bab28ecfa7183b750dfca17b,ba3aacb1de3cbbf96f769c065ab5caf5474fc99df0fd033bd317a52ec249042c,,,,,,
fre-crt-stacr-dnhq,29,fre-crt-stacr-dnhq-2015-12,2015-12,2016-11,measured,fixed-128,128,1305942088,1054.057241,2257757252,31141458,2257757252,31141458,13,13,True,27342d033ba88fce00598bdd12567932d606afc2dfe1df932ba1f9424dd99642,7f16e2382af9eed14893699e06df6c133fd549f61f162a354525364e7693ca68,,,,,,
fre-crt-stacr-dnhq,29,fre-crt-stacr-dnhq-2015-12,2015-12,2016-11,measured,fixed-1024,1024,1305942088,421.5877,2257755932,31141458,1730748488,23872392,3,2,True,27342d033ba88fce00598bdd12567932d606afc2dfe1df932ba1f9424dd99642,c56694c8facd8f393e15e1f721bc053e63dcf573efbd4ef9a00640eef45e24d1,,,,,,
fre-crt-stacr-dnhq,29,fre-crt-stacr-dnhq-2015-12,2015-12,2016-11,measured,enabled,624,1305942088,403.996385,2257756188,31141458,2257756188,31141458,3,3,True,27342d033ba88fce00598bdd12567932d606afc2dfe1df932ba1f9424dd99642,9e6326e59e1451dec1e533c7117554297fb5fc23737f8931add938e1534b55a4,prior-enabled-data-shape,29,2132669308,29416126,1.6330504450362733,0.022524831897446283
fre-crt-stacr-dnhq,30,fre-crt-stacr-dnhq-2016-01,2016-01,2016-12,measured,fixed-1024,1024,828514790,382.857414,2028970352,27985797,1067756804,14727680,2,1,True,2141935212b50f1f686971a9f4d7836895b1cbc268e7738a7b76c08983939d67,4ff2965eeb2a30a05cb50b1650270bc498fc5e8906fc8f3e3d63201ece2649eb,,,,,,
fre-crt-stacr-dnhq,30,fre-crt-stacr-dnhq-2016-01,2016-01,2016-12,measured,fixed-128,128,828514790,737.116114,2028971404,27985797,2028971404,27985797,9,9,True,2141935212b50f1f686971a9f4d7836895b1cbc268e7738a7b76c08983939d67,732940415d86a665bcd5b90685f539d7c56af19f2589bce335b274f4ca49031b,,,,,,
fre-crt-stacr-dnhq,30,fre-crt-stacr-dnhq-2016-01,2016-01,2016-12,measured,enabled,608,828514790,394.970323,2028970612,27985797,1747892240,24108857,3,2,True,2141935212b50f1f686971a9f4d7836895b1cbc268e7738a7b76c08983939d67,68adfe139c2ab853d971c2395d096ea3237a853b4a350898cb5081605b277194,prior-enabled-data-shape,30,1383317876,19080243,1.6696357059287916,0.02302945381449411
fre-crt-stacr-dnhq,31,fre-crt-stacr-dnhq-2016-02,2016-02,2017-01,measured,fixed-128,128,2047827760,1383.147577,2567211960,35409797,2567211960,35409797,20,20,True,b452c64d3fd0eeb4282485d6cd80467a36dfe28249ee4db63fd696aff93d0f81,7d2437100cd1c5f23dd7de2f266d74ecd328b187ed08d9ff784ebc8f87a48191,,,,,,
fre-crt-stacr-dnhq,31,fre-crt-stacr-dnhq-2016-02,2016-02,2017-01,measured,enabled,592,2047827760,446.916417,2567210616,35409797,2567210616,35409797,4,4,True,b452c64d3fd0eeb4282485d6cd80467a36dfe28249ee4db63fd696aff93d0f81,863507ead007649d827fb0291d4d97bf977b0d057bf0097dbd3618695498a0f7,prior-enabled-data-shape,31,3540352853,48832443,1.7288333140849046,0.02384597164464769
fre-crt-stacr-dnhq,31,fre-crt-stacr-dnhq-2016-02,2016-02,2017-01,measured,fixed-1024,1024,2047827760,441.569368,2567210876,35409797,2415304052,33314533,5,3,True,b452c64d3fd0eeb4282485d6cd80467a36dfe28249ee4db63fd696aff93d0f81,db4bf6affb912ee5358f6dfa492023f2a5f622da6800282aa14ea065a43788c4,,,,,,
fre-crt-stacr-dnhq,32,fre-crt-stacr-dnhq-2016-03,2016-03,2017-02,measured,fixed-1024,1024,2047827760,422.232646,2604330876,35921797,2415304052,33314533,5,3,True,a7ae7c8961bb92368ddb2f73e2cc2e96334d102b9e632cf8e3337aab0f267292,a9d53925964f16b00d2f03b07a5b52e48b0a5c77b02d2ce6e69de45a9b41ee4f,,,,,,
fre-crt-stacr-dnhq,32,fre-crt-stacr-dnhq-2016-03,2016-03,2017-02,measured,enabled,608,2047827760,438.999064,2604330616,35921797,2604330616,35921797,4,4,True,a7ae7c8961bb92368ddb2f73e2cc2e96334d102b9e632cf8e3337aab0f267292,a4a9e91c95842dbae2474a9679e46d1547af83572f4486720bc740772886e463,prior-enabled-data-shape,32,3419126348,47160355,1.6696357059287916,0.02302945381449411
fre-crt-stacr-dnhq,32,fre-crt-stacr-dnhq-2016-03,2016-03,2017-02,measured,fixed-128,128,2047827760,1476.060258,2604331960,35921797,2604331960,35921797,20,20,True,a7ae7c8961bb92368ddb2f73e2cc2e96334d102b9e632cf8e3337aab0f267292,5b29426338149e1573de1c3e3797aceb69afca1a1e8598e21d5f1a1873592a4c,,,,,,
fre-crt-stacr-dnhq,33,fre-crt-stacr-dnhq-2016-04,2016-04,2017-03,measured,fixed-128,128,2047827760,1262.709757,2672056264,36855927,2672056264,36855927,20,20,True,22afd5d01f50d7a6baa2e6bf6655dd84cdf4a08e19b814ac49f7a47daaadb14c,65be5b094fd72af7d7c17a4ecdee53cdb77ff193e5622888487c52a1eca18363,,,,,,
fre-crt-stacr-dnhq,33,fre-crt-stacr-dnhq-2016-04,2016-04,2017-03,measured,fixed-1024,1024,2047827760,451.335709,2672055180,36855927,2429450588,33509658,5,3,True,22afd5d01f50d7a6baa2e6bf6655dd84cdf4a08e19b814ac49f7a47daaadb14c,2c7a145bc9908c4c5b92b70c2648746a04b2a85ae6e9dcc74a0fe510317fd937,,,,,,
fre-crt-stacr-dnhq,33,fre-crt-stacr-dnhq-2016-04,2016-04,2017-03,measured,enabled,672,2047827760,492.572979,2672055176,36855927,2672055176,36855927,4,4,True,22afd5d01f50d7a6baa2e6bf6655dd84cdf4a08e19b814ac49f7a47daaadb14c,b5e68f34aa19d50455ef64d51516de3073991e95645db71c224a8c9aefb83dc4,prior-enabled-data-shape,33,3139781937,43438162,1.5332255958351502,0.02121182421069195
fre-crt-stacr-dnhq,34,fre-crt-stacr-dnhq-2016-05,2016-05,2017-04,measured,fixed-1024,1024,2047827760,463.732184,2801975436,38647927,2420374876,33384474,5,3,True,851b695ab485d8b3572daa74dcc4b5cf20e80bfec762bb95bc0cffcd1b539f53,d882ba130926cf84e61f770245a190b2d9874f9d3e554a1d07d0cc474b52220c,,,,,,
fre-crt-stacr-dnhq,34,fre-crt-stacr-dnhq-2016-05,2016-05,2017-04,measured,enabled,784,2047827760,437.244923,2801975172,38647927,2801975172,38647927,3,3,True,851b695ab485d8b3572daa74dcc4b5cf20e80bfec762bb95bc0cffcd1b539f53,e37f2a4610bda344da07659bd3c520ef8f279c08cbabb55ce8b0a0aa1a899f88,prior-enabled-data-shape,34,2672055176,36855927,1.304824179158505,0.017997571729372396
fre-crt-stacr-dnhq,34,fre-crt-stacr-dnhq-2016-05,2016-05,2017-04,measured,fixed-128,128,2047827760,1502.730866,2801976264,38647927,2801976264,38647927,20,20,True,851b695ab485d8b3572daa74dcc4b5cf20e80bfec762bb95bc0cffcd1b539f53,a49a11d88c2a34528217faaa65170b41dbcfecaf9063f1104d4b4bd0cf9597f1,,,,,,
fre-crt-stacr-dnhq,35,fre-crt-stacr-dnhq-2016-06,2016-06,2017-05,measured,fixed-1024,1024,2047827760,455.057237,2931895436,40439927,2457494876,33896474,5,3,True,ba677c13b83a09d682155a178abd4c3b5ab565bfe2a44e17df1b8cf007aff3d0,00296128bd1aaf2e9a3ec5cc7a8b95c1dca9baab53c522792121514855db6cc4,,,,,,
fre-crt-stacr-dnhq,35,fre-crt-stacr-dnhq-2016-06,2016-06,2017-05,measured,fixed-128,128,2047827760,1325.548526,2931896264,40439927,2931896264,40439927,20,20,True,ba677c13b83a09d682155a178abd4c3b5ab565bfe2a44e17df1b8cf007aff3d0,a601f74ed002867032e7d38e28bdd75b9d74c0b73a17af7178b8fb64eb02b58d,,,,,,
fre-crt-stacr-dnhq,35,fre-crt-stacr-dnhq-2016-06,2016-06,2017-05,measured,enabled,752,2047827760,461.098218,2931895432,40439927,2913965132,40192616,4,3,True,ba677c13b83a09d682155a178abd4c3b5ab565bfe2a44e17df1b8cf007aff3d0,02fa801965fb68114165fd3322b88a460db4f6fdce013c165fb17d1722c6a805,prior-enabled-data-shape,35,2801975172,38647927,1.3682670128468226,0.018872645324429043
fre-crt-stacr-dnhq,36,fre-crt-stacr-dnhq-2016-07,2016-07,2017-06,measured,fixed-1024,1024,2047827760,491.123474,2969015436,40951927,2457494876,33896474,5,3,True,c3dcf827a08a82d3eaac085c6747827a0d76d39403e115ed9b867ac43689126a,196856a23257b5db3351e132c420c1d89622db7744cfd225cd17a1c8637dc1d2,,,,,,
fre-crt-stacr-dnhq,36,fre-crt-stacr-dnhq-2016-07,2016-07,2017-06,measured,fixed-128,128,2047827760,1360.291744,2969016264,40951927,2969016264,40951927,20,20,True,c3dcf827a08a82d3eaac085c6747827a0d76d39403e115ed9b867ac43689126a,d8b8b94c6f2a055a3dd15e607adf890bb26edb54beb2abee413e16765a714443,,,,,,
fre-crt-stacr-dnhq,36,fre-crt-stacr-dnhq-2016-07,2016-07,2017-06,measured,enabled,752,2047827760,426.656585,2969015172,40951927,2969015172,40951927,3,3,True,c3dcf827a08a82d3eaac085c6747827a0d76d39403e115ed9b867ac43689126a,c4d0283de282e0a118be65fff04a522a2d5b89fd36edf288fd395c8150a46b30,prior-enabled-data-shape,36,2801975172,38647927,1.3682670128468226,0.018872645324429043
fre-crt-stacr-dnhq,37,fre-crt-stacr-dnhq-2016-08,2016-08,2017-07,measured,enabled,720,2047827760,435.381025,3080375436,42487927,2992084448,41270122,5,4,True,8aa650968cb4690d104edafa7d3e0ec91954a5cfc55be4e6bb8afd8f0493be45,9308cff20f117e71c2b34caefd9b13a8b1af96dd0b1b4303474f8420a3c89d96,prior-enabled-data-shape,37,2931895432,40439927,1.4317099754522324,0.01974771891948569
fre-crt-stacr-dnhq,37,fre-crt-stacr-dnhq-2016-08,2016-08,2017-07,measured,fixed-1024,1024,2047827760,472.430497,3080375436,42487927,2466042844,34014378,5,3,True,8aa650968cb4690d104edafa7d3e0ec91954a5cfc55be4e6bb8afd8f0493be45,834a78780628c9d3c169a05386eb6de2b79a1243651f686be88c8870a46b0944,,,,,,
fre-crt-stacr-dnhq,37,fre-crt-stacr-dnhq-2016-08,2016-08,2017-07,measured,fixed-128,128,2047827760,1331.769923,3080376264,42487927,3080376264,42487927,20,20,True,8aa650968cb4690d104edafa7d3e0ec91954a5cfc55be4e6bb8afd8f0493be45,26ff106b9dfc43cb4359dff99093d5d8a827d32c9138a53e133caf46a03cd90e,,,,,,
fre-crt-stacr-dnhq,38,fre-crt-stacr-dnhq-2016-09,2016-09,2017-08,measured,enabled,704,2047827760,429.031353,3130452040,43178639,3130452040,43178639,4,4,True,c321ef6882c6ebf446f9bd1d203716be816c898dbacffbf6ee937bb4dd19b94c,4965351330de891fc3635f9c108e5e1e6f3d1116d34b7833364cf080429dc704,prior-enabled-data-shape,38,2969015172,40951927,1.4498363729574602,0.019997739946644732
fre-crt-stacr-dnhq,38,fre-crt-stacr-dnhq-2016-09,2016-09,2017-08,measured,fixed-128,128,2047827760,1522.580289,3130452872,43178639,3130452872,43178639,20,20,True,c321ef6882c6ebf446f9bd1d203716be816c898dbacffbf6ee937bb4dd19b94c,849b83ea3e7fbc097c61fdc13946a537eebd48b71f9f909621b44ad959aa3483,,,,,,
fre-crt-stacr-dnhq,38,fre-crt-stacr-dnhq-2016-09,2016-09,2017-08,measured,fixed-1024,1024,2047827760,506.921289,3130452044,43178639,2441879452,33681090,5,3,True,c321ef6882c6ebf446f9bd1d203716be816c898dbacffbf6ee937bb4dd19b94c,2a80d1d63b4ab1b4c230607ca360359c5e660447e174572210906a5a120227fd,,,,,,
fre-crt-stacr-dnhq,39,fre-crt-stacr-dnhq-2016-10,2016-10,2017-09,measured,fixed-1024,1024,2047827760,432.396087,3235090188,44621927,2451051292,33807602,5,3,True,05272b946aecf3fb7a0289ad2b44ca8429f5e744ea123eb421eb33b9c216ffee,918c2bc9036bb4ca89bdf6b4bfd9f57e45f812ea66631d3995bedf043ddd1dc8,,,,,,
fre-crt-stacr-dnhq,39,fre-crt-stacr-dnhq-2016-10,2016-10,2017-09,measured,fixed-128,128,2047827760,1422.072164,3235091272,44621927,3235091272,44621927,20,20,True,05272b946aecf3fb7a0289ad2b44ca8429f5e744ea123eb421eb33b9c216ffee,800da3b7996a53a56eda1226c190bfd1c92be779897396917f0d5b60416552a8,,,,,,
fre-crt-stacr-dnhq,39,fre-crt-stacr-dnhq-2016-10,2016-10,2017-09,measured,enabled,704,2047827760,493.513435,3235090700,44621927,3204316808,44197463,5,4,True,05272b946aecf3fb7a0289ad2b44ca8429f5e744ea123eb421eb33b9c216ffee,e666efcb9b46b2ee1c6e5750fa4841ac99f64196b4f632c9b665341dd7062dd2,prior-enabled-data-shape,39,2969015172,40951927,1.4498363729574602,0.019997739946644732
fre-crt-stacr-dnhq,40,fre-crt-stacr-dnhq-2016-11,2016-11,2017-10,measured,enabled,688,2047827760,484.257554,3300599756,45525503,3287963360,45351210,5,4,True,b18daf00f7c914e37506a3b6710f2d782018f096c0539219c14a6cdc8ad4b350,9ba8e417e62d3237f4f0dddab8d3a6fa4b5c4cdfc6a2d6a49ff78fc7b692efe5,prior-enabled-data-shape,40,3080375436,42487927,1.5042160752816438,0.020747803028121858
fre-crt-stacr-dnhq,40,fre-crt-stacr-dnhq-2016-11,2016-11,2017-10,measured,fixed-1024,1024,2047827760,486.038783,3300599500,45525503,2450572188,33800994,5,3,True,b18daf00f7c914e37506a3b6710f2d782018f096c0539219c14a6cdc8ad4b350,2250fcadcb0f094f81337f75b55ff24833a62af46580ab4bc5452e06e12b2fa6,,,,,,
fre-crt-stacr-dnhq,40,fre-crt-stacr-dnhq-2016-11,2016-11,2017-10,measured,fixed-128,128,2047827760,1384.128966,3300600840,45525503,3300600840,45525503,20,20,True,b18daf00f7c914e37506a3b6710f2d782018f096c0539219c14a6cdc8ad4b350,86fd19cbb134c682d472d77563f2b313f74a1b9d7f0028adc702a9b48378ce86,,,,,,
fre-crt-stacr-dnhq,41,fre-crt-stacr-dnhq-2016-12,2016-12,2017-11,measured,enabled,672,2047827760,500.216398,3296181748,45464572,3291153008,45395212,5,4,True,490538d7423164992ec7efeedc9cfefa6e97f72ca0cd0bc0a90739a9381f13b0,8fdc18dec2753026404b3bf06349bdb1d400c68586987e8f4f80f38581ca8438,prior-enabled-data-shape,41,3130452040,43178639,1.5286695986580434,0.021085093113495053
fre-crt-stacr-dnhq,41,fre-crt-stacr-dnhq-2016-12,2016-12,2017-11,measured,fixed-1024,1024,2047827760,472.3514,3296182004,45464572,2423743972,33430947,5,3,True,490538d7423164992ec7efeedc9cfefa6e97f72ca0cd0bc0a90739a9381f13b0,e567bf88111ac654f08a5e26378806c8f6538571a81d2f8ecd1a436cff093019,,,,,,
fre-crt-stacr-dnhq,41,fre-crt-stacr-dnhq-2016-12,2016-12,2017-11,measured,fixed-128,128,2047827760,1371.149253,3296183344,45464572,3296183344,45464572,20,20,True,490538d7423164992ec7efeedc9cfefa6e97f72ca0cd0bc0a90739a9381f13b0,b057408006a3983ae7ebbe037a9ba6fa1569f304146c4c241a645092bc28819d,,,,,,
fre-crt-stacr-dnhq,42,fre-crt-stacr-dnhq-2017-01,2017-01,2017-12,measured,fixed-1024,1024,1219312970,442.148471,2932703752,40451079,1773191448,24457810,4,2,True,37d58d4418bab58c9540902c07cd7a4dc267f6237467cc4063ccd1f5a74860b0,246ba92b5fb7721367726c711720989284c51064e5de2060571712a690bb0af0,,,,,,
fre-crt-stacr-dnhq,42,fre-crt-stacr-dnhq-2017-01,2017-01,2017-12,measured,fixed-128,128,1219312970,882.959128,2932704552,40451079,2932704552,40451079,12,12,True,37d58d4418bab58c9540902c07cd7a4dc267f6237467cc4063ccd1f5a74860b0,820dc8851e3962bebb1f308fdb22b078657622b3ee122fa4fbeecabb3c08ff9f,,,,,,
fre-crt-stacr-dnhq,42,fre-crt-stacr-dnhq-2017-01,2017-01,2017-12,measured,enabled,656,1219312970,366.65697,2932704012,40451079,2206724324,30437571,5,3,True,37d58d4418bab58c9540902c07cd7a4dc267f6237467cc4063ccd1f5a74860b0,6a71ed4cbcdf1e5d9c366e8dc0da42a5d07e9e5277ba832a416106b5b74738e7,prior-enabled-data-shape,42,1926230383,26568687,1.5797669917317656,0.021789882856163647
fre-crt-stacr-dnhq,43,fre-crt-stacr-dnhq-2017-02,2017-02,2018-01,measured,fixed-128,128,2946452529,1867.764121,3627632160,50036262,3627632160,50036262,28,28,True,4ee54c354487ae1ece3fb2425487432e83917febb387bb515afeb0ecaab877d9,423468dc94cc8b2df58d0e6b94bae23aa313c7b52bc72dac757d0258403937e8,,,,,,
fre-crt-stacr-dnhq,43,fre-crt-stacr-dnhq-2017-02,2017-02,2018-01,measured,enabled,640,2946452529,568.820666,3627629768,50036262,3627629768,50036262,6,6,True,4ee54c354487ae1ece3fb2425487432e83917febb387bb515afeb0ecaab877d9,e4827cfa41cf4278363b0e83b5ad08a1eab41978b05dcd91df9fbfdc1820e483,prior-enabled-data-shape,43,4742607380,65415269,1.609599113941106,0.022201365216379332
fre-crt-stacr-dnhq,43,fre-crt-stacr-dnhq-2017-02,2017-02,2018-01,measured,fixed-1024,1024,2946452529,535.341231,3627629512,50036262,3142741816,43348157,6,4,True,4ee54c354487ae1ece3fb2425487432e83917febb387bb515afeb0ecaab877d9,ddb06426d14f1102f061fd30a7eba87a4404e9ed6007633a6462e2f55bc11998,,,,,,
fre-crt-stacr-dnhq,44,fre-crt-stacr-dnhq-2017-03,2017-03,2018-02,measured,fixed-128,128,2946452529,1882.800666,3720432160,51316262,3720432160,51316262,28,28,True,f17324b418f4c11f065ec49defc816e5086832a19830ab59232ea363c47a0164,4f59cb0998dc0084afc6240be61708d51bd69cc42687e6b1dd550404f2eba95f,,,,,,
fre-crt-stacr-dnhq,44,fre-crt-stacr-dnhq-2017-03,2017-03,2018-02,measured,enabled,656,2946452529,585.107719,3720429508,51316262,3720429508,51316262,5,5,True,f17324b418f4c11f065ec49defc816e5086832a19830ab59232ea363c47a0164,8affff341a3862be492d0c7f5458bd5a84287652fc7725063387d9734bb2d18c,prior-enabled-data-shape,44,4654708448,64202855,1.5797669917317656,0.021789882856163647
fre-crt-stacr-dnhq,44,fre-crt-stacr-dnhq-2017-03,2017-03,2018-02,measured,fixed-1024,1024,2946452529,531.535762,3720429512,51316262,3291221816,45396157,6,4,True,f17324b418f4c11f065ec49defc816e5086832a19830ab59232ea363c47a0164,a83a81d12312d3bd8873003d59c074bc86b78328b3e24b918b5f6ee8909c1766,,,,,,
fre-crt-stacr-dnhq,45,fre-crt-stacr-dnhq-2017-04,2017-04,2018-03,measured,fixed-128,128,2946452529,1770.83114,3813232160,52596262,3813232160,52596262,28,28,True,edc6c983ac712172ac09c614358466127939d47c399e3da377c7363b2ce428bf,e7c6eaa1e66eac832321c87d657bf336c4f1c15dcf6031312b2319fa3dc3e2b4,,,,,,
fre-crt-stacr-dnhq,45,fre-crt-stacr-dnhq-2017-04,2017-04,2018-03,measured,enabled,688,2946452529,589.20467,3813229764,52596262,3813229764,52596262,5,5,True,edc6c983ac712172ac09c614358466127939d47c399e3da377c7363b2ce428bf,e781d9d7c73379187dbdc71c915b054a650f24cc7d8caa4ad25a5b9e07fb7e81,prior-enabled-data-shape,45,4432101259,61132417,1.5042160752816438,0.020747803028121858
fre-crt-stacr-dnhq,45,fre-crt-stacr-dnhq-2017-04,2017-04,2018-03,measured,fixed-1024,1024,2946452529,563.213797,3813229512,52596262,3346901816,46164157,6,4,True,edc6c983ac712172ac09c614358466127939d47c399e3da377c7363b2ce428bf,439af07840592fde43df353affaaa125deb5d93c46004d77b04a52aa0a1ee16e,,,,,,
fre-crt-stacr-dnhq,46,fre-crt-stacr-dnhq-2017-05,2017-05,2018-04,measured,fixed-1024,1024,2946452529,596.842194,3943149772,54388262,3370125400,46484481,7,4,True,78f8fb42576ce4de5d0aec42b135be2b7a41e87b095abd8e41bfaa91dcf72a8f,a7529aa7dd8817dc8be094064a61c54ce7f2e1d7e9388547ca279c65ebf54498,,,,,,
fre-crt-stacr-dnhq,46,fre-crt-stacr-dnhq-2017-05,2017-05,2018-04,measured,enabled,784,2946452529,513.474,3943149768,54388262,3934068972,54263011,6,5,True,78f8fb42576ce4de5d0aec42b135be2b7a41e87b095abd8e41bfaa91dcf72a8f,6b40cb1c2c513477ea7e5755d91f36eefab25ae39124ac219d6f71daf3c2db40,prior-enabled-data-shape,46,3813229764,52596262,1.2941765483980754,0.01785070741250011
fre-crt-stacr-dnhq,46,fre-crt-stacr-dnhq-2017-05,2017-05,2018-04,measured,fixed-128,128,2946452529,1944.629819,3943152160,54388262,3943152160,54388262,28,28,True,78f8fb42576ce4de5d0aec42b135be2b7a41e87b095abd8e41bfaa91dcf72a8f,a89236ace4a3843a8c619d0ff659261d27d1026c18ddc8d6ab8a45ddf90ac90c,,,,,,
fre-crt-stacr-dnhq,47,fre-crt-stacr-dnhq-2017-06,2017-06,2018-05,measured,fixed-1024,1024,2946452529,559.596735,3998829516,55156262,3373072856,46525137,7,4,True,b12e2d2e81d74b67aba82e347258cb7d528657c8556a2ff4f539adf20f2a4859,829b324f9351a12041d7fd32afc7a96cc4f478e81364dd9df1fea149dc3a98e8,,,,,,
fre-crt-stacr-dnhq,47,fre-crt-stacr-dnhq-2017-06,2017-06,2018-05,measured,fixed-128,128,2946452529,1792.782756,3998832160,55156262,3998832160,55156262,28,28,True,b12e2d2e81d74b67aba82e347258cb7d528657c8556a2ff4f539adf20f2a4859,2684ec9c67ffbfa1c61ec14e2a79f77b15911d25d80e5c22ae4f3f0f8f2b3cf7,,,,,,
fre-crt-stacr-dnhq,47,fre-crt-stacr-dnhq-2017-06,2017-06,2018-05,measured,enabled,768,2946452529,602.475196,3998829508,55156262,3998829508,55156262,5,5,True,b12e2d2e81d74b67aba82e347258cb7d528657c8556a2ff4f539adf20f2a4859,a5bf3a2fbf4ffb28ba51fff2207e354f276c97689c94df984ddd25b8ae1606cb,prior-enabled-data-shape,47,3943149768,54388262,1.338270251833404,0.018458896406676164
fre-crt-stacr-dnhq,48,fre-crt-stacr-dnhq-2017-07,2017-07,2018-06,measured,enabled,768,2946452529,534.611852,4128749508,56948262,4128749508,56948262,5,5,True,b22e320373ecdaf75a8c5cefc571db08a8f9e98b7a03d1c533925108f5c69431,db4c1db5304f71d588882e50518465e8fd667be325d1df0cef78c4eafde8bf24,prior-enabled-data-shape,48,3943149768,54388262,1.338270251833404,0.018458896406676164
fre-crt-stacr-dnhq,48,fre-crt-stacr-dnhq-2017-07,2017-07,2018-06,measured,fixed-128,128,2946452529,2018.434564,4128752160,56948262,4128752160,56948262,28,28,True,b22e320373ecdaf75a8c5cefc571db08a8f9e98b7a03d1c533925108f5c69431,789271ac8fe53d8be0bb182be7c15ffcf43c2d27a3192a5e0d7b280c8856df59,,,,,,
fre-crt-stacr-dnhq,48,fre-crt-stacr-dnhq-2017-07,2017-07,2018-06,measured,fixed-1024,1024,2946452529,591.124328,4128750028,56948262,3376534200,46572877,7,4,True,b22e320373ecdaf75a8c5cefc571db08a8f9e98b7a03d1c533925108f5c69431,15203b50d973ff848cec26bef9eab56c6ac46be451a8578725039ad419894c42,,,,,,
fre-crt-stacr-dnhq,49,fre-crt-stacr-dnhq-2017-08,2017-08,2018-07,measured,fixed-1024,1024,2946452529,613.860721,4221549772,58228262,3379481656,46613533,7,4,True,3c6b8a0fa5d9b5458c7819bf4eeec41495a6ef0751fa9f567ff8fdb0949b22d6,8850a6164fabde417b9eddd63ecef70fa80de62f39d06487b1736e5cd4166e41,,,,,,
fre-crt-stacr-dnhq,49,fre-crt-stacr-dnhq-2017-08,2017-08,2018-07,measured,enabled,752,2946452529,590.115179,4221549764,58228262,4221549764,58228262,5,5,True,3c6b8a0fa5d9b5458c7819bf4eeec41495a6ef0751fa9f567ff8fdb0949b22d6,704d01637b0aa14309ce3fa68ba1c2362378dbd4b5b2fdea3c513c35b91a5671,prior-enabled-data-shape,49,3998829508,55156262,1.3571674644821674,0.018719548832751617
fre-crt-stacr-dnhq,49,fre-crt-stacr-dnhq-2017-08,2017-08,2018-07,measured,fixed-128,128,2946452529,1998.594809,4221552160,58228262,4221552160,58228262,28,28,True,3c6b8a0fa5d9b5458c7819bf4eeec41495a6ef0751fa9f567ff8fdb0949b22d6,390a21064668b8d5949f713401f394e946b794256054b504792b24712e30d4f1,,,,,,
fre-crt-stacr-dnhq,50,fre-crt-stacr-dnhq-2017-09,2017-09,2018-08,measured,enabled,736,2946452529,568.729723,4294010128,59227719,4256890124,58715719,6,5,True,56b8ce099b497b8de95121eb54738cea626863568d10e28ea69f41ed61179901,024cb8a9212efaa47eafc712cdea57d4afb34af683752e03c07a32bcfab0bd5a,prior-enabled-data-shape,50,4128749508,56948262,1.4012611665599313,0.01932773782692767
fre-crt-stacr-dnhq,50,fre-crt-stacr-dnhq-2017-09,2017-09,2018-08,measured,fixed-1024,1024,2946452529,646.805258,4294010644,59227719,3393314816,46804334,7,4,True,56b8ce099b497b8de95121eb54738cea626863568d10e28ea69f41ed61179901,78a77f7d52f6c583dcad43844e84a976496bf29157c0cea0c0f766dea31452fe,,,,,,
fre-crt-stacr-dnhq,50,fre-crt-stacr-dnhq-2017-09,2017-09,2018-08,measured,fixed-128,128,2946452529,1833.761164,4294013032,59227719,4294013032,59227719,28,28,True,56b8ce099b497b8de95121eb54738cea626863568d10e28ea69f41ed61179901,c2abb00378fdb6920bb75bd73c0a47f13276645398141a41007d714e87f026c3,,,,,,
fre-crt-stacr-dnhq,51,fre-crt-stacr-dnhq-2017-10,2017-10,2018-09,measured,fixed-128,128,2946452529,1882.073383,4450851368,61391007,4450851368,61391007,28,28,True,1cbc36fe4bfe92ca374b9b603a56bd38079de6377f06d9752b7cf8ed220eb7bd,67a7dc7e0c7bc358660671a3a0553c4166e8855f2a6841b1fd5c8a632153fd13,,,,,,
fre-crt-stacr-dnhq,51,fre-crt-stacr-dnhq-2017-10,2017-10,2018-09,measured,fixed-1024,1024,2946452529,625.993316,4450848980,61391007,3389834752,46756334,7,4,True,1cbc36fe4bfe92ca374b9b603a56bd38079de6377f06d9752b7cf8ed220eb7bd,0fec08e3f4710a799b30292d4dbc762ccfda9f8de8565291b7cddee953df0012,,,,,,
fre-crt-stacr-dnhq,51,fre-crt-stacr-dnhq-2017-10,2017-10,2018-09,measured,enabled,736,2946452529,626.681351,4450848724,61391007,4342880748,59901795,7,5,True,1cbc36fe4bfe92ca374b9b603a56bd38079de6377f06d9752b7cf8ed220eb7bd,c2e6889e11adea1cba4ae59cf8fd9af368800837b1bcde08b06df6687d185be9,prior-enabled-data-shape,51,4128749508,56948262,1.4012611665599313,0.01932773782692767
fre-crt-stacr-dnhq,52,fre-crt-stacr-dnhq-2017-11,2017-11,2018-10,measured,enabled,720,2946452529,644.46095,4513938320,62261207,4495378316,62005207,6,5,True,d9d38a5cf9cbe04dbce2f31aed0d2f921c1b23e7cf7e2f16918478a74457c854,626315c4e7ea58cc83d3bda1960264523afe082f687380fbfe570b42c252d7c6,prior-enabled-data-shape,52,4221549764,58228262,1.4327567549281905,0.019762158537053424
fre-crt-stacr-dnhq,52,fre-crt-stacr-dnhq-2017-11,2017-11,2018-10,measured,fixed-128,128,2946452529,1845.494528,4513940456,62261207,4513940456,62261207,28,28,True,d9d38a5cf9cbe04dbce2f31aed0d2f921c1b23e7cf7e2f16918478a74457c854,71c7712860d2e74dab2529f4ae907c4e1816200610df9cd838cd8624996ab073,,,,,,
fre-crt-stacr-dnhq,52,fre-crt-stacr-dnhq-2017-11,2017-11,2018-10,measured,fixed-1024,1024,2946452529,622.558005,4513938580,62261207,3401079016,46911427,7,4,True,d9d38a5cf9cbe04dbce2f31aed0d2f921c1b23e7cf7e2f16918478a74457c854,0ae9a7554ad6afd8e569be6f07c612f3ed2b9388bce270ea61ba3c6b9ae82df7,,,,,,
fre-crt-stacr-dnhq,53,fre-crt-stacr-dnhq-2017-12,2017-12,2018-11,measured,fixed-1024,1024,2946452529,652.433224,4476799788,61748946,3390168184,46760933,7,4,True,15015751c126f3deb3b64d85f45a42cc2f9be286e7c7f7df5d81e3409d743fba,184e8ca366b966da48d8e1589c29680a717e32b5b46b8ffebf992da4fcda5978,,,,,,
fre-crt-stacr-dnhq,53,fre-crt-stacr-dnhq-2017-12,2017-12,2018-11,measured,fixed-128,128,2946452529,1906.482764,4476801408,61748946,4476801408,61748946,28,28,True,15015751c126f3deb3b64d85f45a42cc2f9be286e7c7f7df5d81e3409d743fba,bc48c161b1e5e9e19ff7d563719486ee44a220764786e8975900d10a57e6badd,,,,,,
fre-crt-stacr-dnhq,53,fre-crt-stacr-dnhq-2017-12,2017-12,2018-11,measured,enabled,704,2946452529,607.416943,4476799272,61748946,4461488868,61537770,6,5,True,15015751c126f3deb3b64d85f45a42cc2f9be286e7c7f7df5d81e3409d743fba,e2b2808c7edd987e512e51c53e2a7f8c9db97620f7109bd3f56c324226170902,prior-enabled-data-shape,53,4294010128,59227719,1.457349163353855,0.020101365427428543
fre-crt-stacr-dnhq,54,fre-crt-stacr-dnhq-2018-01,2018-01,2018-12,measured,fixed-1024,1024,1727139559,470.782983,3982629740,54932819,2131101768,29394504,5,2,True,00885d98e6242bee38c92366fe9c301f5e2a7a2f2b77b2f80fce3182e9f0d974,28614d062f8a4e1b6c87c16dd8f00dfc8c0ce659e0f945b80fcc59573aef6561,,,,,,
fre-crt-stacr-dnhq,54,fre-crt-stacr-dnhq-2018-01,2018-01,2018-12,measured,enabled,672,1727139559,588.575775,3982630000,54932819,3211077572,44290719,6,3,True,00885d98e6242bee38c92366fe9c301f5e2a7a2f2b77b2f80fce3182e9f0d974,ae3979e27561cb44ddac098b01062548c970ac9dd1beed57638619bb4555cd9b,prior-enabled-data-shape,54,2608980402,35985931,1.5105787994862347,0.020835566293964887
fre-crt-stacr-dnhq,54,fre-crt-stacr-dnhq-2018-01,2018-01,2018-12,measured,fixed-128,128,1727139559,1153.833173,3982631324,54932819,3982631324,54932819,17,17,True,00885d98e6242bee38c92366fe9c301f5e2a7a2f2b77b2f80fce3182e9f0d974,1c41f6941bc65366bd55574c1f005e37c79f68e7d484aea0719a1190c5d20065,,,,,,
fre-crt-stacr-dnhq,55,fre-crt-stacr-dnhq-2018-02,2018-02,2019-01,measured,fixed-128,128,4008773626,2660.992834,4882296020,67341967,4882296020,67341967,39,39,True,939c5b60cb29bc79121340992de9041e4fa2f925765a378a28754648502cd514,f90d801b741063327efc19df7f4db1e6ceb6916a8b28cce80e8982c98dc846f2,,,,,,
fre-crt-stacr-dnhq,55,fre-crt-stacr-dnhq-2018-02,2018-02,2019-01,measured,enabled,672,4008773626,719.426416,4882293076,67341967,4882293076,67341967,7,7,True,939c5b60cb29bc79121340992de9041e4fa2f925765a378a28754648502cd514,af4c50772f35952996760ccb747de975af8dc7b4e41620cfd36ce4a91bec1965,prior-enabled-data-shape,55,6090875273,84012060,1.5193861865880411,0.020957047633466216
fre-crt-stacr-dnhq,55,fre-crt-stacr-dnhq-2018-02,2018-02,2019-01,measured,fixed-1024,1024,4008773626,739.507843,4882293848,67341967,4222943724,58247491,8,5,True,939c5b60cb29bc79121340992de9041e4fa2f925765a378a28754648502cd514,9ccaf433f357f2128b3ea2b5824f504182327dae6726a944271f2b7579bfa7cc,,,,,,
fre-crt-stacr-dnhq,56,fre-crt-stacr-dnhq-2018-03,2018-03,2019-02,measured,fixed-128,128,4008773626,2635.943912,5030776020,69389967,5030776020,69389967,39,39,True,75e7f510ca77360cc1e64986e3549385e92cd026a9a4baf45d9eac44d42f02e0,8d31b2f6a9c31f04bfb402d40303bfdd5c9e6a0d6770a9ee7ab43f2f55c8f82d,,,,,,
fre-crt-stacr-dnhq,56,fre-crt-stacr-dnhq-2018-03,2018-03,2019-02,measured,enabled,672,4008773626,733.106515,5030773076,69389967,5030773076,69389967,7,7,True,75e7f510ca77360cc1e64986e3549385e92cd026a9a4baf45d9eac44d42f02e0,a7f353f72d6aa9c2a62c15fdaf5a72cac740c8609f891d0dd97ecb342319e12d,prior-enabled-data-shape,56,6055568451,83525069,1.5105787994862347,0.020835566293964887
fre-crt-stacr-dnhq,56,fre-crt-stacr-dnhq-2018-03,2018-03,2019-02,measured,fixed-1024,1024,4008773626,729.382395,5030773848,69389967,4389983724,60551491,8,5,True,75e7f510ca77360cc1e64986e3549385e92cd026a9a4baf45d9eac44d42f02e0,1d1ee004fc72b60edbeaf9ad316dffaf1ae462e43b4480a6966ce6614555efbc,,,,,,
fre-crt-stacr-dnhq,57,fre-crt-stacr-dnhq-2018-04,2018-04,2019-03,measured,enabled,720,4008773626,677.607805,5067893076,69901967,5067893076,69901967,7,7,True,817f5c6556072aaafdabb9c73395dd47eb992a6f9da93b88d0ef4165dbefc1f4,da8743d4996c430863189b38d71a778528ecccf3e819a388672d8e8d11cdf34e,prior-enabled-data-shape,57,5743597492,79222020,1.4327567549281905,0.019762158537053424
fre-crt-stacr-dnhq,57,fre-crt-stacr-dnhq-2018-04,2018-04,2019-03,measured,fixed-128,128,4008773626,2561.614307,5067896020,69901967,5067896020,69901967,39,39,True,817f5c6556072aaafdabb9c73395dd47eb992a6f9da93b88d0ef4165dbefc1f4,953809b565ec884e67d9a54e815ebe5d23fa3aedfb491eaec19a7406090b84a3,,,,,,
fre-crt-stacr-dnhq,57,fre-crt-stacr-dnhq-2018-04,2018-04,2019-03,measured,fixed-1024,1024,4008773626,747.382405,5067893848,69901967,4408543724,60807491,8,5,True,817f5c6556072aaafdabb9c73395dd47eb992a6f9da93b88d0ef4165dbefc1f4,2b0bd15d855d245c7702a8fb795cfb2c70f1f78f7470b29a9ccfa5cf0ebde3f6,,,,,,
fre-crt-stacr-dnhq,58,fre-crt-stacr-dnhq-2018-05,2018-05,2019-04,measured,fixed-128,128,4008773626,2544.917814,5253496020,72461967,5253496020,72461967,39,39,True,4525198b955774e8b44ad0b28164a2d6adfd43dc8b30965af34d6ddd10663907,53a598208a1f0c5dc58f517dba6bbeb1702d9a881e1c727595ca8c5ab4a4b123,,,,,,
fre-crt-stacr-dnhq,58,fre-crt-stacr-dnhq-2018-05,2018-05,2019-04,measured,enabled,816,4008773626,653.783079,5253493588,72461967,5179253584,71437967,7,6,True,4525198b955774e8b44ad0b28164a2d6adfd43dc8b30965af34d6ddd10663907,e5de322968fb470ad52314daedc286f6f44b541ef261216b68a439eab315b873,prior-enabled-data-shape,58,5067893076,69901967,1.2642003637049473,0.017437244783948796
fre-crt-stacr-dnhq,58,fre-crt-stacr-dnhq-2018-05,2018-05,2019-04,measured,fixed-1024,1024,4008773626,753.381394,5253493848,72461967,4583631276,63222491,8,5,True,4525198b955774e8b44ad0b28164a2d6adfd43dc8b30965af34d6ddd10663907,0b33227309638481bd81ac76f2a7332bf1c60596c0508f2e23fa26a361c3c643,,,,,,
fre-crt-stacr-dnhq,59,fre-crt-stacr-dnhq-2018-06,2018-06,2019-05,measured,fixed-1024,1024,4008773626,785.931006,5381329872,74225222,4674347300,64473746,8,5,True,65fd7226ffe0184851bf70a432d4f4aa9b2f237bdc4ec5bcd18567a273176bb9,1a0c451099d671ffdd26e25eb4c2d199d8393484a7ac955ad8d31da1e404f054,,,,,,
fre-crt-stacr-dnhq,59,fre-crt-stacr-dnhq-2018-06,2018-06,2019-05,measured,fixed-128,128,4008773626,2435.844237,5381332044,74225222,5381332044,74225222,39,39,True,65fd7226ffe0184851bf70a432d4f4aa9b2f237bdc4ec5bcd18567a273176bb9,b2dce6a12e4875129b37418407ce2cc29a8d2cf911f17cee524a553e80fc7bea,,,,,,
fre-crt-stacr-dnhq,59,fre-crt-stacr-dnhq-2018-06,2018-06,2019-05,measured,enabled,784,4008773626,632.126634,5381329352,74225222,5381329352,74225222,6,6,True,65fd7226ffe0184851bf70a432d4f4aa9b2f237bdc4ec5bcd18567a273176bb9,77c36fd4981e1edbc7cb74a33b83f2fe62268e12e4d247ab4d24e71aaff18b3e,prior-enabled-data-shape,59,5253493588,72461967,1.3104989401065272,0.018075844076110473
fre-crt-stacr-dnhq,60,fre-crt-stacr-dnhq-2018-07,2018-07,2019-06,measured,fixed-128,128,4008773626,2544.782488,5437012044,74993222,5437012044,74993222,39,39,True,15e3d242bd1d914c47661cc158bb6b4bba2410ea04ad5b7e756cdd98d2b7c6f6,8ec8bd598d8992093a47630206cfae539887e04700fd470053479a4c2e5e1836,,,,,,
fre-crt-stacr-dnhq,60,fre-crt-stacr-dnhq-2018-07,2018-07,2019-06,measured,fixed-1024,1024,4008773626,763.079752,5437009876,74993222,4674347300,64473746,9,5,True,15e3d242bd1d914c47661cc158bb6b4bba2410ea04ad5b7e756cdd98d2b7c6f6,0e2aed2f1dda3b56272af29785bc1b8e6ca9dd00a8ee9088034f1c9fbb2271f8,,,,,,
fre-crt-stacr-dnhq,60,fre-crt-stacr-dnhq-2018-07,2018-07,2019-06,measured,enabled,784,4008773626,651.860042,5437009352,74993222,5437009352,74993222,6,6,True,15e3d242bd1d914c47661cc158bb6b4bba2410ea04ad5b7e756cdd98d2b7c6f6,68ad7afb650f3aba2bc756e4a80cc73c9ec803849884c09933f80e3dba62ad79,prior-enabled-data-shape,60,5253493588,72461967,1.3104989401065272,0.018075844076110473
fre-crt-stacr-dnhq,61,fre-crt-stacr-dnhq-2018-08,2018-08,2019-07,measured,enabled,768,4008773626,672.416829,5585058240,77035277,5585058240,77035277,6,6,True,752e92ba5775716b128962edc9d68d3fffb28697b2d0c30a59f0ee3e066ce67d,d33206e490365df72ae9710eb71e77a070675fe1dde8996fe1c01343722ccc28,prior-enabled-data-shape,61,5381329352,74225222,1.3423879355765846,0.018515693058493495
fre-crt-stacr-dnhq,61,fre-crt-stacr-dnhq-2018-08,2018-08,2019-07,measured,fixed-128,128,4008773626,2459.259542,5585060932,77035277,5585060932,77035277,39,39,True,752e92ba5775716b128962edc9d68d3fffb28697b2d0c30a59f0ee3e066ce67d,9c92171118e57d1033c9c03d6754745defe1e103802a53c370c976407d21ca9f,,,,,,
fre-crt-stacr-dnhq,61,fre-crt-stacr-dnhq-2018-08,2018-08,2019-07,measured,fixed-1024,1024,4008773626,722.139572,5585058764,77035277,4711036188,64979801,9,5,True,752e92ba5775716b128962edc9d68d3fffb28697b2d0c30a59f0ee3e066ce67d,066ef59c3d666bf19371789cb11cf7bd2618a3fc3bb948df12dd6f57f5811068,,,,,,
fre-crt-stacr-dnhq,62,fre-crt-stacr-dnhq-2018-09,2018-09,2019-08,measured,enabled,752,4008773626,658.064557,5705895296,78701989,5705895296,78701989,6,6,True,264c8cba1ff90bd0b046fc908c215dc0e660595123eb1e8774d7cddd9463124a,feada2d06723d60f63d6161cf9a4a5bf17812500c63f21e1f0b4e360e843d516,prior-enabled-data-shape,62,5437009352,74993222,1.3562774701811011,0.018707272846141997
fre-crt-stacr-dnhq,62,fre-crt-stacr-dnhq-2018-09,2018-09,2019-08,measured,fixed-1024,1024,4008773626,692.817556,5705895564,78701989,4706670900,64919588,9,5,True,264c8cba1ff90bd0b046fc908c215dc0e660595123eb1e8774d7cddd9463124a,75d130c8deb91945b30e8d56c5c2189a3ce279f4d9d654d1829cb0f2587222ba,,,,,,
fre-crt-stacr-dnhq,62,fre-crt-stacr-dnhq-2018-09,2018-09,2019-08,measured,fixed-128,128,4008773626,2667.183156,5705897732,78701989,5705897732,78701989,39,39,True,264c8cba1ff90bd0b046fc908c215dc0e660595123eb1e8774d7cddd9463124a,1b526e9e3e3dc5dbefb285ef1431f0a166f1bb5301d465daffa7339e66bdb893,,,,,,
fre-crt-stacr-dnhq,63,fre-crt-stacr-dnhq-2018-10,2018-10,2019-09,measured,fixed-1024,1024,4008773626,743.644935,5736293964,79121277,4725230900,65175588,9,5,True,92958e07032e005355c2800fee8a386435eac17f26214f3dff307e2d16dc4a51,4bd45be5dbbb4e26ba1811a2d21d2dea99c035ab0432783dbb95c72a25bad28f,,,,,,
fre-crt-stacr-dnhq,63,fre-crt-stacr-dnhq-2018-10,2018-10,2019-09,measured,fixed-128,128,4008773626,2569.209914,5736296132,79121277,5736296132,79121277,39,39,True,92958e07032e005355c2800fee8a386435eac17f26214f3dff307e2d16dc4a51,e9702fc5e87cb299a256fd84c7103c1b1d72f4da9b6a1b871ce7bbcd1d3d2aba,,,,,,
fre-crt-stacr-dnhq,63,fre-crt-stacr-dnhq-2018-10,2018-10,2019-09,measured,enabled,752,4008773626,683.828436,5736293440,79121277,5736293440,79121277,6,6,True,92958e07032e005355c2800fee8a386435eac17f26214f3dff307e2d16dc4a51,95c8ba9cc7682fe6ef05176c35d80f5eeca2f59c1023be699950580acb8d3ca1,prior-enabled-data-shape,63,5437009352,74993222,1.3562774701811011,0.018707272846141997
fre-crt-stacr-dnhq,64,fre-crt-stacr-dnhq-2018-11,2018-11,2019-10,measured,fixed-128,128,4008773626,2641.598832,5834605844,80477271,5834605844,80477271,39,39,True,25cba7ebb4ed7a53da2b60a6433f520a7837117aa60c8a55565d57e1be460ae0,4bbb18e410ba8e64e6cc9f968668439dddf21e20a68d349237864704f5478733,,,,,,
fre-crt-stacr-dnhq,64,fre-crt-stacr-dnhq-2018-11,2018-11,2019-10,measured,enabled,736,4008773626,702.170569,5834602900,80477271,5817401968,80240019,7,6,True,25cba7ebb4ed7a53da2b60a6433f520a7837117aa60c8a55565d57e1be460ae0,97cd1f8accf0d6c85a30ade78cc7dc0e8aba4bf4ee6ed03278051d32f0790792,prior-enabled-data-shape,64,5585058240,77035277,1.3932086870100557,0.019216669282687004
fre-crt-stacr-dnhq,64,fre-crt-stacr-dnhq-2018-11,2018-11,2019-10,measured,fixed-1024,1024,4008773626,757.836319,5834603160,80477271,4700531732,64834912,8,5,True,25cba7ebb4ed7a53da2b60a6433f520a7837117aa60c8a55565d57e1be460ae0,0412731ca3da9005c49fe7fe30714242f9573c08b61acc013dc92c559e59afef,,,,,,
fre-crt-stacr-dnhq,65,fre-crt-stacr-dnhq-2018-12,2018-12,2019-11,measured,fixed-128,128,4008773626,2583.387156,5881454356,81123447,5881454356,81123447,39,39,True,d1270a0f9a10e17e25585cd1e9dd2c107469f244ad7e1bd10f9c4c3e6c7d3d25,6ec963245d641c428e4b7493bec387ecbbbf35c9bab66adb21e3f4290c4f9a6f,,,,,,
fre-crt-stacr-dnhq,65,fre-crt-stacr-dnhq-2018-12,2018-12,2019-11,measured,fixed-1024,1024,4008773626,682.995956,5881450904,81123447,4655973764,64220318,8,5,True,d1270a0f9a10e17e25585cd1e9dd2c107469f244ad7e1bd10f9c4c3e6c7d3d25,6cdeecbfd2dd9f1337d107caf90aa9c6d7b31464f38e499a6bb78c107554ae09,,,,,,
fre-crt-stacr-dnhq,65,fre-crt-stacr-dnhq-2018-12,2018-12,2019-11,measured,enabled,720,4008773626,751.471835,5881451676,81123447,5722954628,78937285,9,7,True,d1270a0f9a10e17e25585cd1e9dd2c107469f244ad7e1bd10f9c4c3e6c7d3d25,2bad5998de0a540a6bdab062112db5e991fb6c9e0644077a1cd7e412ca528343,prior-enabled-data-shape,65,5705895296,78701989,1.4233518348336889,0.019632435338717228
fre-crt-stacr-dnhq,66,fre-crt-stacr-dnhq-2019-01,2019-01,2019-12,measured,enabled,720,2281634067,572.675554,5152467492,71068505,3788640800,52257106,7,4,True,51beefc0ab65c6a59c2654ccf4cd81edbeed63f14d1b79a5dd4ae9540d9e81e6,85d6264384b54d6bcb6704d209e86402af82bd3ba9288f9eb200e2a5df88e7a3,prior-enabled-data-shape,66,3264869447,45032675,1.430934738443622,0.01973702792465937
fre-crt-stacr-dnhq,66,fre-crt-stacr-dnhq-2019-01,2019-01,2019-12,measured,fixed-128,128,2281634067,1611.82637,5152469604,71068505,5152469604,71068505,23,23,True,51beefc0ab65c6a59c2654ccf4cd81edbeed63f14d1b79a5dd4ae9540d9e81e6,2de6bfd199092bf8f8d5c4b02c2d03186445bc17a382f91195f557f269d0299f,,,,,,
fre-crt-stacr-dnhq,66,fre-crt-stacr-dnhq-2019-01,2019-01,2019-12,measured,fixed-1024,1024,2281634067,588.781055,5152467488,71068505,2981854372,41129019,6,3,True,51beefc0ab65c6a59c2654ccf4cd81edbeed63f14d1b79a5dd4ae9540d9e81e6,0b746c647ca42c09e3444da54ea1c6bf72a0d224388bff244f5be83c1a490b98,,,,,,
fre-crt-stacr-dnhq,67,fre-crt-stacr-dnhq-2019-02,2019-02,2020-01,measured,fixed-128,128,5431430924,3585.127958,6349094852,87573653,6349094852,87573653,55,58,True,255c591b2636a6042bdf9d42a0fe29c38c3e1d8e3a8ddaeff12940d1627a1b50,52d86014576d2c974dc7bf30e26fb1949677e3ecc4760f55f86a960eaed38bdf,,,,,,
fre-crt-stacr-dnhq,67,fre-crt-stacr-dnhq-2019-02,2019-02,2020-01,measured,fixed-1024,1024,5431430924,693.988512,6349091336,87573653,6053182240,83492153,8,6,True,255c591b2636a6042bdf9d42a0fe29c38c3e1d8e3a8ddaeff12940d1627a1b50,fb3bca0601ba4879eca2f9912e923001ffafdb0da25ea3261cd5269b55e21172,,,,,,
fre-crt-stacr-dnhq,67,fre-crt-stacr-dnhq-2019-02,2019-02,2020-01,measured,enabled,704,5431430924,861.817991,6349091084,87573653,6349091084,87573653,9,9,True,255c591b2636a6042bdf9d42a0fe29c38c3e1d8e3a8ddaeff12940d1627a1b50,05e035137cd6816fc1bb19ae004880cd84c8eb54bb9fb5c0d77784e030dcd1db,prior-enabled-data-shape,67,7905221291,109037521,1.4554583132751833,0.020075284490509167
fre-crt-stacr-dnhq,68,fre-crt-stacr-dnhq-2019-03,2019-03,2020-02,measured,fixed-1024,1024,5431430924,791.163443,6497571600,89621653,6130303520,84555897,10,6,True,aba3bc65941da0ed4859436d28e267adbefb3e8ab2626e976d2b1495cffcdb7c,efd818076668e7f84a1fe8d9d6ec843083f94906fda525a4c0f83f161ff35f87,,,,,,
fre-crt-stacr-dnhq,68,fre-crt-stacr-dnhq-2019-03,2019-03,2020-02,measured,fixed-128,128,5431430924,3341.838212,6497574852,89621653,6497574852,89621653,55,58,True,aba3bc65941da0ed4859436d28e267adbefb3e8ab2626e976d2b1495cffcdb7c,74a37e70dbe30bc496a3742ccc7156eea4a3c5727b4af9af957c641522357512,,,,,,
fre-crt-stacr-dnhq,68,fre-crt-stacr-dnhq-2019-03,2019-03,2020-02,measured,enabled,720,5431430924,794.620267,6497571084,89621653,6497571084,89621653,9,9,True,aba3bc65941da0ed4859436d28e267adbefb3e8ab2626e976d2b1495cffcdb7c,592b895b9d1af81163d38ea66d7b2a17b2ec22d02c4ad2e4c5c7f7b9a630ccaf,prior-enabled-data-shape,68,7772023189,107200304,1.430934738443622,0.01973702792465937
fre-crt-stacr-dnhq,69,fre-crt-stacr-dnhq-2019-04,2019-04,2020-03,measured,enabled,736,5431430924,742.668294,6683171080,92181653,6683171080,92181653,8,8,True,946a11a6ebfe7cddc430cacaf90b756a8a7b4391264c5b8f3bf0a5f59a5a360c,f2d9aa2a704d8883e7ae2667ab02e465c0c8139a5f2fc33ab8a5ed1e177da2e3,prior-enabled-data-shape,69,7567116746,104374012,1.3932086870100557,0.019216669282687004
fre-crt-stacr-dnhq,69,fre-crt-stacr-dnhq-2019-04,2019-04,2020-03,measured,fixed-128,128,5431430924,3439.326456,6683174852,92181653,6683174852,92181653,55,58,True,946a11a6ebfe7cddc430cacaf90b756a8a7b4391264c5b8f3bf0a5f59a5a360c,f437de3bb462dc2c3a3fb80ff55c32d22bd278b4d007cf2b8c9973c760b75634,,,,,,
fre-crt-stacr-dnhq,69,fre-crt-stacr-dnhq-2019-04,2019-04,2020-03,measured,fixed-1024,1024,5431430924,785.1545,6683171600,92181653,6185983520,85323897,10,6,True,946a11a6ebfe7cddc430cacaf90b756a8a7b4391264c5b8f3bf0a5f59a5a360c,e75b8193f290ae266096c04f2d2bcad357030bf5034464838b369fcc4239cb65,,,,,,
fre-crt-stacr-dnhq,70,fre-crt-stacr-dnhq-2019-05,2019-05,2020-04,measured,fixed-1024,1024,5431430924,859.175365,6865291280,94693653,6303347488,86942713,10,6,True,7aa0b5de0e7d363654e1739486b86c567e1a4a2c75009f78d479c70913d9f1df,205762ca46a3e71a3d4c014becfbfec5b00a98e98346c8312a8b8f70bd5e3264,,,,,,
fre-crt-stacr-dnhq,70,fre-crt-stacr-dnhq-2019-05,2019-05,2020-04,measured,enabled,832,5431430924,770.491836,6865291276,94693653,6777819592,93487149,9,8,True,7aa0b5de0e7d363654e1739486b86c567e1a4a2c75009f78d479c70913d9f1df,784bf951a49b8dc68bbadf6f877f8abbcbf41b4d8f511d3794a952632a987539,prior-enabled-data-shape,70,6683171080,92181653,1.2304623171159013,0.0169718908865571
fre-crt-stacr-dnhq,70,fre-crt-stacr-dnhq-2019-05,2019-05,2020-04,measured,fixed-128,128,5431430924,3421.270056,6865295048,94693653,6865295048,94693653,56,58,True,7aa0b5de0e7d363654e1739486b86c567e1a4a2c75009f78d479c70913d9f1df,ac645e923c3ce1b7c9e714ca8da66a199be2da8281be960160414fe4c2b9b2c9,,,,,,
fre-crt-stacr-dnhq,71,fre-crt-stacr-dnhq-2019-06,2019-06,2020-05,measured,fixed-1024,1024,5431430924,833.720035,6954611216,95925653,6355547424,87662713,10,6,True,48a134664b887a7fedee9fb87c3375d02f15504f08880f43e3be61f65f61266c,6792d7d271a451a18a6300b71126cec4b3501cf450d98405f608ade70836e32e,,,,,,
fre-crt-stacr-dnhq,71,fre-crt-stacr-dnhq-2019-06,2019-06,2020-05,measured,fixed-128,128,5431430924,3633.817736,6954615240,95925653,6954615240,95925653,56,58,True,48a134664b887a7fedee9fb87c3375d02f15504f08880f43e3be61f65f61266c,020b6da353e798419772da5877ab66184374ca97cb1ada6ef47f92fc9b5ca947,,,,,,
fre-crt-stacr-dnhq,71,fre-crt-stacr-dnhq-2019-06,2019-06,2020-05,measured,enabled,816,5431430924,830.747452,6954611212,95925653,6886958944,94992520,9,8,True,48a134664b887a7fedee9fb87c3375d02f15504f08880f43e3be61f65f61266c,1cb929429ddb9455b348eca960368e373ad0cf6814aa7bcb092161c7a4f4baac,prior-enabled-data-shape,71,6865291276,94693653,1.2639931119558505,0.01743438411074599
fre-crt-stacr-dnhq,72,fre-crt-stacr-dnhq-2019-07,2019-07,2020-06,measured,fixed-1024,1024,5431430924,917.963607,7177331480,98997653,6409508384,88407001,12,6,True,5cc947aa68ace2bec77c8b11b13275e63d8213c83eaad0900501d7ae13fdc258,012b71ed8e56e42624eb0f94d388bbd6eda83451dd3bb62ef116940078ae12ef,,,,,,
fre-crt-stacr-dnhq,72,fre-crt-stacr-dnhq-2019-07,2019-07,2020-06,measured,fixed-128,128,5431430924,3712.070537,7177335244,98997653,7177335244,98997653,57,58,True,5cc947aa68ace2bec77c8b11b13275e63d8213c83eaad0900501d7ae13fdc258,e63546455104f21cf56aef32acd3c0a8c775c07a150d777f898952afe6d072de,,,,,,
fre-crt-stacr-dnhq,72,fre-crt-stacr-dnhq-2019-07,2019-07,2020-06,measured,enabled,816,5431430924,801.34904,7177331212,98997653,7072558944,97552520,9,8,True,5cc947aa68ace2bec77c8b11b13275e63d8213c83eaad0900501d7ae13fdc258,145e79670473af4c93aa2f3353aa7f7c50a58fc3654506534c26b731c9bbd366,prior-enabled-data-shape,72,6865291276,94693653,1.2639931119558505,0.01743438411074599
fre-crt-stacr-dnhq,73,fre-crt-stacr-dnhq-2019-08,2019-08,2020-07,measured,enabled,800,5431430924,816.586649,7322331148,100997653,7270130952,100277653,9,8,True,15742d9283ca35517c6d6a48507ea496b881549a797c163df25bd97aa1985164,aaafa13c2841bd92d0dc85a521ff870010df74c9435d484b108b47733e19fdfc,prior-enabled-data-shape,73,6954611212,95925653,1.2804381219817202,0.017661211997768565
fre-crt-stacr-dnhq,73,fre-crt-stacr-dnhq-2019-08,2019-08,2020-07,measured,fixed-128,128,5431430924,3748.495216,7322335440,100997653,7322335440,100997653,58,58,True,15742d9283ca35517c6d6a48507ea496b881549a797c163df25bd97aa1985164,5d14ebe0727c82575799674f22ab1766ec11f2376b6bc2d05b3f9d2aa1d056b1,,,,,,
fre-crt-stacr-dnhq,73,fre-crt-stacr-dnhq-2019-08,2019-08,2020-07,measured,fixed-1024,1024,5431430924,901.446338,7322331668,100997653,6405575936,88352757,11,6,True,15742d9283ca35517c6d6a48507ea496b881549a797c163df25bd97aa1985164,37421ed385b5c25b2dc874f0ee4c219da05b199322d16ba1437f0aa1c3714c7a,,,,,,
fre-crt-stacr-dnhq,74,fre-crt-stacr-dnhq-2019-09,2019-09,2020-08,measured,enabled,768,5431430924,847.442829,7471412268,103053945,7292772136,100589945,9,8,True,c05fde525e32f389c71d6fd0c8bafd3d09e025f4726e2eec05ed3771debfe878,13550dacade786ee142ac1fe1830ef5b20fea697d1a8793c25ef5513ef36d892,prior-enabled-data-shape,74,7177331212,98997653,1.3214438906486587,0.018226808806967715
fre-crt-stacr-dnhq,74,fre-crt-stacr-dnhq-2019-09,2019-09,2020-08,measured,fixed-128,128,5431430924,3883.317551,7471416816,103053945,7471416816,103053945,58,58,True,c05fde525e32f389c71d6fd0c8bafd3d09e025f4726e2eec05ed3771debfe878,0dc3f75d6ec9a63afabec64bbf268ca739ef527c444a934928a8aadad50ddc96,,,,,,
fre-crt-stacr-dnhq,74,fre-crt-stacr-dnhq-2019-09,2019-09,2020-08,measured,fixed-1024,1024,5431430924,949.677184,7471412532,103053945,6372536864,87897049,11,6,True,c05fde525e32f389c71d6fd0c8bafd3d09e025f4726e2eec05ed3771debfe878,315f26530941f31909fa8172703b08f7a2162933bf211a53eedf27551a816b07,,,,,,
fre-crt-stacr-dnhq,75,fre-crt-stacr-dnhq-2019-10,2019-10,2020-09,measured,fixed-1024,1024,5431430924,944.044674,7700365528,106211917,6411890616,88439860,12,6,True,e6802a95593d869175e517587804a9a6479fbad7e30fb03ff3bca964dcd5f3e6,8d6854ff55e6d7be26c61e6c3b58df142b04d33755ff879606134abfa3ccb210,,,,,,
fre-crt-stacr-dnhq,75,fre-crt-stacr-dnhq-2019-10,2019-10,2020-09,measured,enabled,768,5431430924,931.454089,7700365260,106211917,7410365128,102211917,9,8,True,e6802a95593d869175e517587804a9a6479fbad7e30fb03ff3bca964dcd5f3e6,45812b63fb1ac14c5fc84a161506ac25f22fd99d52df44a8950980241fe01633,prior-enabled-data-shape,75,7177331212,98997653,1.3214438906486587,0.018226808806967715
fre-crt-stacr-dnhq,75,fre-crt-stacr-dnhq-2019-10,2019-10,2020-09,measured,fixed-128,128,5431430924,3688.96585,7700369800,106211917,7700369800,106211917,56,58,True,e6802a95593d869175e517587804a9a6479fbad7e30fb03ff3bca964dcd5f3e6,c7abeb048e97876fe6d9b11e641988be147660286da4cd0bc266cfb3f82a9bc4,,,,,,
fre-crt-stacr-dnhq,76,fre-crt-stacr-dnhq-2019-11,2019-11,2020-10,measured,fixed-1024,1024,5431430924,990.493806,7880927256,108702421,6412312656,88445679,12,6,True,b0be7ffb1b4dc2622d19943412edd28d5f03e1783a07a5b588e63c2c40ef9f43,5e0d95eecf54eb51f194f410eeec37dc56d2f6f2d3b280b0be73ddffc9206e82,,,,,,
fre-crt-stacr-dnhq,76,fre-crt-stacr-dnhq-2019-11,2019-11,2020-10,measured,fixed-128,128,5431430924,3717.445385,7880932036,108702421,7880932036,108702421,55,58,True,b0be7ffb1b4dc2622d19943412edd28d5f03e1783a07a5b588e63c2c40ef9f43,93c267a9bee9951494fc7d8827c4664f91b54e997f287257451711a2e58afb63,,,,,,
fre-crt-stacr-dnhq,76,fre-crt-stacr-dnhq-2019-11,2019-11,2020-10,measured,enabled,752,5431430924,855.073215,7880926476,108702421,7655053288,105586929,9,8,True,b0be7ffb1b4dc2622d19943412edd28d5f03e1783a07a5b588e63c2c40ef9f43,6d47ee16542d6a5631eac41b04672f04c3029712bb7d6f52159b1911fb0b7826,prior-enabled-data-shape,76,7322331148,100997653,1.3481403428412635,0.01859503589629008
fre-crt-stacr-dnhq,77,fre-crt-stacr-dnhq-2019-12,2019-12,2020-11,measured,fixed-128,128,5431430924,3432.750483,7841630324,108160315,7841630324,108160315,55,58,True,04d2ca741c6c11a978369763dcc820e39eb6339233eddd1ce4e21019fafe77c1,55b155ab2c2fb1ef9818a5833b8f5188450d18a8a39eb6a9f73bd72cbcef470c,,,,,,
fre-crt-stacr-dnhq,77,fre-crt-stacr-dnhq-2019-12,2019-12,2020-11,measured,fixed-1024,1024,5431430924,940.333371,7841624260,108160315,6384222712,88058236,11,6,True,04d2ca741c6c11a978369763dcc820e39eb6339233eddd1ce4e21019fafe77c1,4b73824938f84e2f740d1f3d9fac3be9a3a19f6aca2bbb0a28321f83c39e9013,,,,,,
fre-crt-stacr-dnhq,77,fre-crt-stacr-dnhq-2019-12,2019-12,2020-11,measured,enabled,752,5431430924,819.11838,7841623740,108160315,7588743608,104672315,9,8,True,04d2ca741c6c11a978369763dcc820e39eb6339233eddd1ce4e21019fafe77c1,ef464d10b6d81601c7627822597c35ecebefd5d909696ba3593a4bec81461a1f,prior-enabled-data-shape,77,7471412268,103053945,1.3755881962865224,0.018973627105268513
fre-crt-stacr-dnhq,78,fre-crt-stacr-dnhq-2020-01,2020-01,2020-12,measured,enabled,720,3149796857,878.98727,7005900504,96633094,5341760108,73679443,10,5,True,3f4cb5fac848dbe3a54900585e865f678476d960bd35d62e9982aad4d1c1d799,988f93d44ba0551b44f3fddb207a5da5706684526e79637aa818d5fc839074a5,prior-enabled-data-shape,78,4465597857,61594443,1.4177415432044258,0.019555052524129275
fre-crt-stacr-dnhq,78,fre-crt-stacr-dnhq-2020-01,2020-01,2020-12,measured,fixed-128,128,3149796857,2251.491166,7005904440,96633094,7005904440,96633094,34,34,True,3f4cb5fac848dbe3a54900585e865f678476d960bd35d62e9982aad4d1c1d799,8f21584c662159644dd491443293843cb9cb9e55ec6391619ad603babcb7c5d4,,,,,,
fre-crt-stacr-dnhq,78,fre-crt-stacr-dnhq-2020-01,2020-01,2020-12,measured,fixed-1024,1024,3149796857,669.312181,7005900752,96633094,3877403976,53481423,8,4,True,3f4cb5fac848dbe3a54900585e865f678476d960bd35d62e9982aad4d1c1d799,8c937ff4e135c5d4b79162f9ff0ec3b67ce3d20d69944b4f7cc6c41c988aee1a,,,,,,
fre-crt-stacr-dnhq,79,fre-crt-stacr-dnhq-2020-02,2020-02,2021-01,measured,enabled,704,7168566630,1093.282303,8442578772,116449341,8442578772,116449341,11,11,True,8078d02d2995b741a2a18a3b47b14a587e07e5124eacf140d035e633543714c5,974f6fd49c3cd8afbd009b3cc79c244827bb7fb6a9d5c1b43b8e2c9b79fb75ec,prior-enabled-data-shape,79,10349611926,142753252,1.4437491426706766,0.019913778986320033
fre-crt-stacr-dnhq,79,fre-crt-stacr-dnhq-2020-02,2020-02,2021-01,measured,fixed-128,128,7168566630,4992.093245,8442584404,116449341,8442584404,116449341,75,78,True,8078d02d2995b741a2a18a3b47b14a587e07e5124eacf140d035e633543714c5,01fec46b338c1e3264be6b9dceb4e000e11849ef12a3c29fa9a6dd6aa3176f9e,,,,,,
fre-crt-stacr-dnhq,79,fre-crt-stacr-dnhq-2020-02,2020-02,2021-01,measured,fixed-1024,1024,7168566630,1114.410545,8442578524,116449341,7513753000,103637961,13,8,True,8078d02d2995b741a2a18a3b47b14a587e07e5124eacf140d035e633543714c5,5780687a2ecc7779e9ac6c3bdfef02f04f7167c5bfc0655057d110a30bfd0b0e,,,,,,
fre-crt-stacr-dnhq,80,fre-crt-stacr-dnhq-2020-03,2020-03,2021-02,measured,fixed-1024,1024,7168566630,1008.818738,8628178524,119009341,7738271288,106734763,13,8,True,bf3c7c7fff5e91b6358e7b1fc564e3ef6b7f9c3edf677fa03b8839d07a6e21b0,2c2aca8825f5cc97157c352d72b9c40720136e621a9af3971f6e26124f2a64a1,,,,,,
fre-crt-stacr-dnhq,80,fre-crt-stacr-dnhq-2020-03,2020-03,2021-02,measured,enabled,720,7168566630,1053.650016,8628178772,119009341,8628178772,119009341,11,11,True,bf3c7c7fff5e91b6358e7b1fc564e3ef6b7f9c3edf677fa03b8839d07a6e21b0,3ebce88fa40fa3b8969a31b7302e991f5c83dea59e68ba89653fe7393a893fe6,prior-enabled-data-shape,80,10163174717,140181697,1.4177415432044258,0.019555052524129275
fre-crt-stacr-dnhq,80,fre-crt-stacr-dnhq-2020-03,2020-03,2021-02,measured,fixed-128,128,7168566630,5094.049668,8628184404,119009341,8628184404,119009341,75,78,True,bf3c7c7fff5e91b6358e7b1fc564e3ef6b7f9c3edf677fa03b8839d07a6e21b0,8f830e9ea2c20b53337b957558a003621de4cebc4f00a1ca95554aedb86c43e2,,,,,,
fre-crt-stacr-dnhq,81,fre-crt-stacr-dnhq-2020-04,2020-04,2021-03,measured,fixed-1024,1024,7168566630,1016.191485,8795218524,121313341,7905596440,109042695,13,8,True,eb5bf3d75cf1e7207c1ef6ec31a3045454385d4fa43560d51f52cff5bd73cba9,963121d00038771ea195f6116cc9269de20f239bf5a38cd7c534bd202b67c09d,,,,,,
fre-crt-stacr-dnhq,81,fre-crt-stacr-dnhq-2020-04,2020-04,2021-03,measured,fixed-128,128,7168566630,5059.830094,8795224404,121313341,8795224404,121313341,75,78,True,eb5bf3d75cf1e7207c1ef6ec31a3045454385d4fa43560d51f52cff5bd73cba9,d64f685a6542ff048ae365b21498b359c7ec2112274bdc4f8bf48f5c57aa7432,,,,,,
fre-crt-stacr-dnhq,81,fre-crt-stacr-dnhq-2020-04,2020-04,2021-03,measured,enabled,752,7168566630,1067.71485,8795218772,121313341,8795218772,121313341,11,11,True,eb5bf3d75cf1e7207c1ef6ec31a3045454385d4fa43560d51f52cff5bd73cba9,f4c72ee01dd06448f7510eb013e6c68619ca4f52e9a11f022dd6282df402571d,prior-enabled-data-shape,81,9664233874,133299754,1.3481403428412635,0.01859503589629008
fre-crt-stacr-dnhq,82,fre-crt-stacr-dnhq-2020-05,2020-05,2021-04,measured,fixed-128,128,7168566630,4935.737216,8962264404,123617341,8962264404,123617341,75,78,True,681cc2f92a23d061b7bcffb7528a38278093ed6d7ba70a3afb7a379b0fae848f,0110beaed24bbbed7e3107db41c47bb552eceaa0d6134b56f7741a9e7f7544db,,,,,,
fre-crt-stacr-dnhq,82,fre-crt-stacr-dnhq-2020-05,2020-05,2021-04,measured,fixed-1024,1024,7168566630,1089.171442,8962258528,123617341,8106400624,111812410,14,8,True,681cc2f92a23d061b7bcffb7528a38278093ed6d7ba70a3afb7a379b0fae848f,cc6536176e26d06e099414b7d84e6014d08c4e5f3fa09d8ac89a321acb048086,,,,,,
fre-crt-stacr-dnhq,82,fre-crt-stacr-dnhq-2020-05,2020-05,2021-04,measured,enabled,832,7168566630,1144.769563,8962258516,123617341,8856437456,122157741,11,10,True,681cc2f92a23d061b7bcffb7528a38278093ed6d7ba70a3afb7a379b0fae848f,ed1c4376d7430ac3e67622bf0683102b0b5aabd0e479302f02ecc2600dfc45a9,prior-enabled-data-shape,82,8795218772,121313341,1.2269145599055413,0.016922956465566116
fre-crt-stacr-dnhq,83,fre-crt-stacr-dnhq-2020-06,2020-06,2021-05,measured,fixed-1024,1024,7168566630,1036.875632,9144378724,126129341,8135668432,112216102,15,8,True,4a6c46e64ef4e89fdc2326ff31d7b301832fd901b5ce31bcec026c15ae6f9247,b26e3806083ded65a5cfce347905e1515baf3e7ad849607ca40eb8991a548c65,,,,,,
fre-crt-stacr-dnhq,83,fre-crt-stacr-dnhq-2020-06,2020-06,2021-05,measured,enabled,816,7168566630,1044.96465,9144378708,126129341,9078953352,125226924,11,10,True,4a6c46e64ef4e89fdc2326ff31d7b301832fd901b5ce31bcec026c15ae6f9247,e0379d7f5fc79228634eb90dda16e6ad90d55d7e768fa9314b80b41ab7206d18,prior-enabled-data-shape,83,8962258516,123617341,1.2502162536222392,0.017244359630092465
fre-crt-stacr-dnhq,83,fre-crt-stacr-dnhq-2020-06,2020-06,2021-05,measured,fixed-128,128,7168566630,4963.001392,9144384596,126129341,9144384596,126129341,75,78,True,4a6c46e64ef4e89fdc2326ff31d7b301832fd901b5ce31bcec026c15ae6f9247,bd98bac29b95e11b518b709b0aa7dcf627acf2bc01f0b3039b7d0db4d87958aa,,,,,,
fre-crt-stacr-dnhq,84,fre-crt-stacr-dnhq-2020-07,2020-07,2021-06,measured,fixed-1024,1024,7168566630,1109.072233,9314898784,128481341,8052632792,111070783,14,8,True,8ca39433b5890214d85a50106b9d9a2cc6c143e559ce382b09c3265dc8eb347b,31c3c101ba0c49da7f1e6e624909917c49c49d7c4f4cf15a5a796ae0a024ed45,,,,,,
fre-crt-stacr-dnhq,84,fre-crt-stacr-dnhq-2020-07,2020-07,2021-06,measured,enabled,816,7168566630,1066.694298,9314898776,128481341,9249473416,127578924,12,10,True,8ca39433b5890214d85a50106b9d9a2cc6c143e559ce382b09c3265dc8eb347b,4560e0821f97fa6de584265e9ada85d2880363f988642c8374e0936fad68511d,prior-enabled-data-shape,84,8962258516,123617341,1.2502162536222392,0.017244359630092465
fre-crt-stacr-dnhq,84,fre-crt-stacr-dnhq-2020-07,2020-07,2021-06,measured,fixed-128,128,7168566630,4837.648996,9314904404,128481341,9314904404,128481341,75,78,True,8ca39433b5890214d85a50106b9d9a2cc6c143e559ce382b09c3265dc8eb347b,67e0c2e83e0798bc2ac212297ae5a28ca6ba5bfebaae8af72436bc6113832365,,,,,,
fre-crt-stacr-dnhq,85,fre-crt-stacr-dnhq-2020-08,2020-08,2021-07,measured,fixed-128,128,7168566630,4769.633794,9537624404,131553341,9537624404,131553341,75,78,True,0383aa1dbab85cff6726f7f88e88a5a8df9f4adcc0108ec76e0bb469c8f930f6,dcf808422fca9a82bed7eda856dd349edc5dbac91caf4fcd4f30a09a8e701f84,,,,,,
fre-crt-stacr-dnhq,85,fre-crt-stacr-dnhq-2020-08,2020-08,2021-07,measured,fixed-1024,1024,7168566630,1046.403221,9537618784,131553341,8019117104,110608498,14,8,True,0383aa1dbab85cff6726f7f88e88a5a8df9f4adcc0108ec76e0bb469c8f930f6,4eda2594f3bce7ab9c5241957dc4b081e3dda51f8ff3789bd26dcaeda5f5d84a,,,,,,
fre-crt-stacr-dnhq,85,fre-crt-stacr-dnhq-2020-08,2020-08,2021-07,measured,enabled,800,7168566630,1072.940341,9537619032,131553341,9482063016,130787056,12,10,True,0383aa1dbab85cff6726f7f88e88a5a8df9f4adcc0108ec76e0bb469c8f930f6,4201a4466327355b10632233f6cbb1e0265d64a1dcc5e49ddd30c4b37d110ec6,prior-enabled-data-shape,85,9144378708,126129341,1.27562163818515,0.017594778358083003
fre-crt-stacr-dnhq,86,fre-crt-stacr-dnhq-2020-09,2020-09,2021-08,measured,fixed-128,128,7168566630,4931.185006,9649585780,133097633,9649585780,133097633,75,78,True,75ab14390eb76042a736d31e1e6630afa7434fae3e8f1a08668e790e2b7ce691,734b4b5f929dc8357f841996bfe02ff15264552bbbe1ec7ed24efb389f7cab7c,,,,,,
fre-crt-stacr-dnhq,86,fre-crt-stacr-dnhq-2020-09,2020-09,2021-08,measured,fixed-1024,1024,7168566630,1138.193742,9649580160,133097633,7982473976,110103075,14,8,True,75ab14390eb76042a736d31e1e6630afa7434fae3e8f1a08668e790e2b7ce691,57a8ec1f5d25387b66829a64d4131952c9190b9bb9735a484c54c5ed594983b0,,,,,,
fre-crt-stacr-dnhq,86,fre-crt-stacr-dnhq-2020-09,2020-09,2021-08,measured,enabled,784,7168566630,1066.24084,9649579640,133097633,9485993192,130841272,12,10,True,75ab14390eb76042a736d31e1e6630afa7434fae3e8f1a08668e790e2b7ce691,d0e567c4ba6fbd2e48f8aa29a07fe750d817b8b158dd5df4321dd1e4b81ef210,prior-enabled-data-shape,86,9314898776,128481341,1.2994088297955877,0.01792287742187032
fre-crt-stacr-dnhq,87,fre-crt-stacr-dnhq-2020-10,2020-10,2021-09,measured,fixed-1024,1024,7168566630,1081.380573,9895587936,136490845,7956302720,109742092,14,8,True,47d3380bdd3795040fb99edc3c3f42cca313be709027c334c282583e66812c89,0a9fe574905ccc5e64761cb2b932fe6d1296ad166f788bc24e17d06e18824818,,,,,,
fre-crt-stacr-dnhq,87,fre-crt-stacr-dnhq-2020-10,2020-10,2021-09,measured,enabled,784,7168566630,1064.998911,9895587672,136490845,9679801288,133514484,12,10,True,47d3380bdd3795040fb99edc3c3f42cca313be709027c334c282583e66812c89,cc1e24c45067a551a572a09671f5d8ac016d67165c57a86977c486d16f6656b4,prior-enabled-data-shape,87,9314898776,128481341,1.2994088297955877,0.01792287742187032
fre-crt-stacr-dnhq,87,fre-crt-stacr-dnhq-2020-10,2020-10,2021-09,measured,fixed-128,128,7168566630,4914.150307,9895593548,136490845,9895593548,136490845,73,78,True,47d3380bdd3795040fb99edc3c3f42cca313be709027c334c282583e66812c89,1dbabffe85cc7a7349dba2bc425dd455ca6ccfbdb0bc661b15a0ddccc2649480,,,,,,
fre-crt-stacr-dnhq,88,fre-crt-stacr-dnhq-2020-11,2020-11,2021-10,measured,enabled,768,7168566630,1175.625099,10122832620,139625247,9922608444,136863538,13,11,True,faf925779526f5e4e8febd473267b8e952b695df455008ce270d72699ef6078b,0f6da1c104c9de8a4a9d86fc235caf7c186bbcf1c519350372d553d6a2e0e59e,prior-enabled-data-shape,88,9537619032,131553341,1.330477838077931,0.01835141497457212
fre-crt-stacr-dnhq,88,fre-crt-stacr-dnhq-2020-11,2020-11,2021-10,measured,fixed-128,128,7168566630,4626.898745,10122838232,139625247,10122838232,139625247,72,78,True,faf925779526f5e4e8febd473267b8e952b695df455008ce270d72699ef6078b,4ff12f34d7b26a12aa0d8994b742533960943ab43054236b464925b415dd4f99,,,,,,
fre-crt-stacr-dnhq,88,fre-crt-stacr-dnhq-2020-11,2020-11,2021-10,measured,fixed-1024,1024,7168566630,1168.440599,10122832624,139625247,8037737488,110865326,14,8,True,faf925779526f5e4e8febd473267b8e952b695df455008ce270d72699ef6078b,8b169d3e52a1c6505d919ffa8c0e42f29327c29a657b538e451d993c1f0cba22,,,,,,
fre-crt-stacr-dnhq,89,fre-crt-stacr-dnhq-2020-12,2020-12,2021-11,measured,enabled,768,7168566630,1141.062792,10097457548,139275251,9887789444,136383283,13,11,True,08e063c4a660fc3c1af4a7d94af11f2810537e2d2ac894450f294cdb0d98d650,589f0287dedb1cd55da26bf08f093bba10e551f67f05b4cb44c91fd3d9cb3f3e,prior-enabled-data-shape,89,9649579640,133097633,1.3460961079188574,0.018566840467520353
fre-crt-stacr-dnhq,89,fre-crt-stacr-dnhq-2020-12,2020-12,2021-11,measured,fixed-128,128,7168566630,4484.320537,10097463916,139275251,10097463916,139275251,69,78,True,08e063c4a660fc3c1af4a7d94af11f2810537e2d2ac894450f294cdb0d98d650,2e82d73f4c65b5fd7f3aefbc54e06939c4ec33ff03461363fdc140fd46837323,,,,,,
fre-crt-stacr-dnhq,89,fre-crt-stacr-dnhq-2020-12,2020-12,2021-11,measured,fixed-1024,1024,7168566630,1259.001842,10097457296,139275251,8000936944,110357738,14,8,True,08e063c4a660fc3c1af4a7d94af11f2810537e2d2ac894450f294cdb0d98d650,8ec752cfcd1f3b439a9ae218007092abd6de4776b7a58b25ce71a07d760bb13e,,,,,,
fre-crt-stacr-dnhq,90,fre-crt-stacr-dnhq-2021-01,2021-01,2021-12,measured,fixed-128,128,4018769773,2885.893031,9061937124,124992143,9061937124,124992143,43,43,True,894980e2c2ef0ca362ac7214a61356c3b1d05460afe1bffce23a1bc1a40d29bd,821d0c4ecc8adb14e082408e01e09fa04931ed8fc166c70ff974b7891bdc2d98,,,,,,
fre-crt-stacr-dnhq,90,fre-crt-stacr-dnhq-2021-01,2021-01,2021-12,measured,fixed-1024,1024,4018769773,782.094636,9061932132,124992143,4815001172,66413800,11,5,True,894980e2c2ef0ca362ac7214a61356c3b1d05460afe1bffce23a1bc1a40d29bd,6db6cbc48b43b805372539e7f1c2294e8bff4cc65c3a103192fd46436162c9d9,,,,,,
fre-crt-stacr-dnhq,90,fre-crt-stacr-dnhq-2021-01,2021-01,2021-12,measured,enabled,736,4018769773,924.949055,9061931624,124992143,6416658104,88505620,12,6,True,894980e2c2ef0ca362ac7214a61356c3b1d05460afe1bffce23a1bc1a40d29bd,dc4f274112fd5e3a41b6a1d0638f5d67ebc2a4bb75b134c5e02a72f58db020ba,prior-enabled-data-shape,90,5547564900,76518126,1.3804137120784494,0.019040186420084933
fre-crt-stacr-dnhq,91,fre-crt-stacr-dnhq-2021-02,2021-02,2022-01,measured,enabled,720,8761581347,1281.532466,10755680704,148354185,10755680704,148354185,14,14,True,14723c5ed13e09e5a47cd34826d01df71585385a023baf6a9b82722acf1821a7,f8a4e02ebde92c0fa5a14f754af27dba54e5de09fcffb26c81f202c538892b56,prior-enabled-data-shape,91,12341336877,170225305,1.4085741361101083,0.019428605213368855
fre-crt-stacr-dnhq,91,fre-crt-stacr-dnhq-2021-02,2021-02,2022-01,measured,fixed-1024,1024,8761581347,1193.672988,10755680196,148354185,9377715200,129347779,15,10,True,14723c5ed13e09e5a47cd34826d01df71585385a023baf6a9b82722acf1821a7,7b4a5716f1dcf3a71942561c742153b542abb6a3905b1190f399fd9230fb3ba4,,,,,,
fre-crt-stacr-dnhq,91,fre-crt-stacr-dnhq-2021-02,2021-02,2022-01,measured,fixed-128,128,8761581347,6079.523136,10755687416,148354185,10755687416,148354185,92,95,True,14723c5ed13e09e5a47cd34826d01df71585385a023baf6a9b82722acf1821a7,687be3e56664b61ca6c0be65c76506228e94f48fe81d99d64f60b6aa7807594e,,,,,,
fre-crt-stacr-dnhq,92,fre-crt-stacr-dnhq-2021-03,2021-03,2022-02,measured,fixed-128,128,8761581347,6130.958124,10996967416,151682185,10996967416,151682185,92,95,True,2088605024a4e6bd92bc1e00796d98ed2cba26bacec0d949e317c6f128727bce,c5570c9ec962eea61da87281c31c5bd348ffe357388ebb3862a0b5c72cfa26ef,,,,,,
fre-crt-stacr-dnhq,92,fre-crt-stacr-dnhq-2021-03,2021-03,2022-02,measured,fixed-1024,1024,8761581347,1234.413558,10996960456,151682185,9597054008,132373138,16,10,True,2088605024a4e6bd92bc1e00796d98ed2cba26bacec0d949e317c6f128727bce,616a1963235a05400dc346aa5d0cc2425d9cba62006405498de417a74fbf9e79,,,,,,
fre-crt-stacr-dnhq,92,fre-crt-stacr-dnhq-2021-03,2021-03,2022-02,measured,enabled,736,8761581347,1246.642334,10996959932,151682185,10996959932,151682185,13,13,True,2088605024a4e6bd92bc1e00796d98ed2cba26bacec0d949e317c6f128727bce,59b29279f3e497b8dbed358272522dfe784856571c6cc109507f3cb19d6d6a6f,prior-enabled-data-shape,92,12094607031,166822142,1.3804137120784494,0.019040186420084933
fre-crt-stacr-dnhq,93,fre-crt-stacr-dnhq-2021-04,2021-04,2022-03,measured,fixed-1024,1024,8761581347,1368.121021,11173896780,154122681,9731224952,134223770,17,10,True,b3a56093b35b49944da8c42f091c7bc3f2fc96ee5f2692ddc8c20ac0dad20bb5,9b385799ac20edbf574172d29028645b755a415cdd6ff46811611fd11dd59dd4,,,,,,
fre-crt-stacr-dnhq,93,fre-crt-stacr-dnhq-2021-04,2021-04,2022-03,measured,enabled,768,8761581347,1217.884105,11173895740,154122681,11173895740,154122681,13,13,True,b3a56093b35b49944da8c42f091c7bc3f2fc96ee5f2692ddc8c20ac0dad20bb5,8c3a486ad623d5058320fa7139deebd9bd157c6179a17749da1bb9443303e392,prior-enabled-data-shape,93,11657089809,160787415,1.330477838077931,0.01835141497457212
fre-crt-stacr-dnhq,93,fre-crt-stacr-dnhq-2021-04,2021-04,2022-03,measured,fixed-128,128,8761581347,6004.665977,11173903480,154122681,11173903480,154122681,92,95,True,b3a56093b35b49944da8c42f091c7bc3f2fc96ee5f2692ddc8c20ac0dad20bb5,32c114760bd8b5804729b49dc0ebbe4a336b9b7801b40c1543629f3559818023,,,,,,
fre-crt-stacr-dnhq,94,fre-crt-stacr-dnhq-2021-05,2021-05,2022-04,measured,enabled,800,8761581347,1207.610302,11360626848,156698277,11288496088,155703373,14,12,True,03d0b4bcd4c8d471db7bdb2120c5e18484076c53dbc810bf2aaeb01da8dc1159,7ac26cc81a883e43049812d6a08ccbc777f57346471cf0c082db8c2e9facff9c,prior-enabled-data-shape,94,11173895740,154122681,1.2753286532945318,0.01759073789262622
fre-crt-stacr-dnhq,94,fre-crt-stacr-dnhq-2021-05,2021-05,2022-04,measured,fixed-1024,1024,8761581347,1296.912031,11360626864,156698277,9805568528,135249205,18,10,True,03d0b4bcd4c8d471db7bdb2120c5e18484076c53dbc810bf2aaeb01da8dc1159,735a8f8aa345a55d75182b65fa713685be2097f63eb5d917ad3c53eb7025c3b5,,,,,,
fre-crt-stacr-dnhq,94,fre-crt-stacr-dnhq-2021-05,2021-05,2022-04,measured,fixed-128,128,8761581347,5981.467496,11360634072,156698277,11360634072,156698277,92,95,True,03d0b4bcd4c8d471db7bdb2120c5e18484076c53dbc810bf2aaeb01da8dc1159,fee07092e6d260cdce864a6c69955316a4dbfaa15ff52b4a55df892f1389e433,,,,,,
fre-crt-stacr-dnhq,95,fre-crt-stacr-dnhq-2021-06,2021-06,2022-05,measured,fixed-1024,1024,8761581347,1369.699992,11560277016,159452074,9841983464,135751480,18,10,True,a925576a2577b55b14ff70b205b0eed0cac2e84248eeb31cc20b6cc08aa82e4a,53e321ccfc0c82f1e37e4c16e98310ff947d2f8e6d041e66733e98a40b66602c,,,,,,
fre-crt-stacr-dnhq,95,fre-crt-stacr-dnhq-2021-06,2021-06,2022-05,measured,fixed-128,128,8761581347,5992.418912,11560284736,159452074,11560284736,159452074,92,95,True,a925576a2577b55b14ff70b205b0eed0cac2e84248eeb31cc20b6cc08aa82e4a,feb23d1b1ec746fee35df46a2d2eaa2ab06dd8c2755cbc3534540ea24ccc38c3,,,,,,
fre-crt-stacr-dnhq,95,fre-crt-stacr-dnhq-2021-06,2021-06,2022-05,measured,enabled,784,8761581347,1317.682841,11560277516,159452074,11501951076,158647574,15,13,True,a925576a2577b55b14ff70b205b0eed0cac2e84248eeb31cc20b6cc08aa82e4a,830524f91482ce9c4f422b7a8eaa07607c54c776ebfbab64e32408a55ed0e5ba,prior-enabled-data-shape,95,11360626848,156698277,1.2966411425136084,0.01788470263460535
fre-crt-stacr-dnhq,96,fre-crt-stacr-dnhq-2021-07,2021-07,2022-06,measured,enabled,784,8761581347,1358.660008,11730797328,161804074,11687675068,161209289,16,13,True,e005a366a8d6fb32c091a6b4de143bb07a994883554b42a6070aa4db5bc39942,212955dbb72c6e373493c2519f985bdea0d58ee6802442c83c205045a37775d0,prior-enabled-data-shape,96,11360626848,156698277,1.2966411425136084,0.01788470263460535
fre-crt-stacr-dnhq,96,fre-crt-stacr-dnhq-2021-07,2021-07,2022-06,measured,fixed-1024,1024,8761581347,1384.882206,11730797336,161804074,9833577424,135635533,18,10,True,e005a366a8d6fb32c091a6b4de143bb07a994883554b42a6070aa4db5bc39942,610784da51f8b4223726bfeefb317d89583080ea0dddef8b21a22579f2b117dd,,,,,,
fre-crt-stacr-dnhq,96,fre-crt-stacr-dnhq-2021-07,2021-07,2022-06,measured,fixed-128,128,8761581347,5683.81068,11730804544,161804074,11730804544,161804074,92,95,True,e005a366a8d6fb32c091a6b4de143bb07a994883554b42a6070aa4db5bc39942,649bb8e7c26111b538bbf14ae05467a8b8215970a89506e657d9a19a35748bcd,,,,,,
fre-crt-stacr-dnhq,97,fre-crt-stacr-dnhq-2021-08,2021-08,2022-07,measured,fixed-128,128,8761581347,5938.955863,11910968176,164289088,11910968176,164289088,92,95,True,2d7d3ffd72e43276e5fa40346bdd7f811ab6064d467b5d00d76a05d0defa99cc,48ba8c8707f1cffbd3334b4f27975efdf5d33f239afda626d37f1b19409244f3,,,,,,
fre-crt-stacr-dnhq,97,fre-crt-stacr-dnhq-2021-08,2021-08,2022-07,measured,fixed-1024,1024,8761581347,1422.344341,11910960972,164289088,9910415248,136695365,19,10,True,2d7d3ffd72e43276e5fa40346bdd7f811ab6064d467b5d00d76a05d0defa99cc,d7feedbbb6bf315f17f85d6df5c40710e5329f13b8dd9a9cd18360a2ed88cf02,,,,,,
fre-crt-stacr-dnhq,97,fre-crt-stacr-dnhq-2021-08,2021-08,2022-07,measured,enabled,784,8761581347,1349.081495,11910960960,164289088,11741274516,161948588,16,13,True,2d7d3ffd72e43276e5fa40346bdd7f811ab6064d467b5d00d76a05d0defa99cc,960affb55add701fee43e2ac61f06854fdec3a1c748cfd56525b9e5c376a6cd1,prior-enabled-data-shape,97,11560277516,159452074,1.3194282011612304,0.01819900628493246
fre-crt-stacr-dnhq,98,fre-crt-stacr-dnhq-2021-09,2021-09,2022-08,measured,fixed-1024,1024,8761581347,1339.263512,12025045416,165862668,9886602104,136366906,18,10,True,f94896dd8800aba1153f29418bc75bd336b06ebc8c8509665631e8ab5942e6cd,ce59127f436176d921a91178a2cb7008b956e8039c2dfe039761e49633b73c86,,,,,,
fre-crt-stacr-dnhq,98,fre-crt-stacr-dnhq-2021-09,2021-09,2022-08,measured,enabled,768,8761581347,1351.318177,12025045152,165862668,11889969164,163999555,16,13,True,f94896dd8800aba1153f29418bc75bd336b06ebc8c8509665631e8ab5942e6cd,95f86ece0e41ebaf380b6272f78bb1aa92b5efc723c01479d3f7a535b59028bf,prior-enabled-data-shape,98,11730797328,161804074,1.338890419823206,0.018467450976233
fre-crt-stacr-dnhq,98,fre-crt-stacr-dnhq-2021-09,2021-09,2022-08,measured,fixed-128,128,8761581347,5993.16302,12025053136,165862668,12025053136,165862668,92,95,True,f94896dd8800aba1153f29418bc75bd336b06ebc8c8509665631e8ab5942e6cd,d4e312c83bc08b0bd4e3382f8ead57fba46baad02fa6c6adae2d4db7e318b424,,,,,,
fre-crt-stacr-dnhq,99,fre-crt-stacr-dnhq-2021-10,2021-10,2022-09,measured,enabled,768,8761581347,1525.855614,12188081320,168111436,11928030956,164524543,18,13,True,1d0682e657da47e8c5597d574e4371050d04b5eaad8715f2d99c724a79a8d666,4d86f8d3e91d8a207e1656af25816a58ba35a0b952e5bc10906530b1efeb0240,prior-enabled-data-shape,99,11730797328,161804074,1.338890419823206,0.018467450976233
fre-crt-stacr-dnhq,99,fre-crt-stacr-dnhq-2021-10,2021-10,2022-09,measured,fixed-1024,1024,8761581347,1363.767861,12188081320,168111436,9864175360,136057571,18,10,True,1d0682e657da47e8c5597d574e4371050d04b5eaad8715f2d99c724a79a8d666,963b2e7995931d3edf218930fa7ab06c9719971db6c3f45609e8db9994372bf0,,,,,,
fre-crt-stacr-dnhq,99,fre-crt-stacr-dnhq-2021-10,2021-10,2022-09,measured,fixed-128,128,8761581347,5724.776937,12188089032,168111436,12188089032,168111436,90,95,True,1d0682e657da47e8c5597d574e4371050d04b5eaad8715f2d99c724a79a8d666,5f394fc096772f136e9cc601958a44a6a09ef9b3fe8f76bf524026021089d56e,,,,,,
fre-crt-stacr-dnhq,100,fre-crt-stacr-dnhq-2021-11,2021-11,2022-10,measured,fixed-128,128,8761581347,5697.792533,12224736180,168616890,12224736180,168616890,89,95,True,bbc1e345a826c160a83c41b59a3732090853647df02435aca8a3ce2ac8825a5b,92d067f93d4dcb64b63f96b25221cbd7524712480cd9351d174ba99d7d12edf3,,,,,,
fre-crt-stacr-dnhq,100,fre-crt-stacr-dnhq-2021-11,2021-11,2022-10,measured,enabled,752,8761581347,1271.96321,12224726412,168616890,11881201284,163878618,15,13,True,bbc1e345a826c160a83c41b59a3732090853647df02435aca8a3ce2ac8825a5b,0ec70d527a67cb713428ec08d9ed9b0e46ca5c3661eafffd7b5206ddd5120fe6,prior-enabled-data-shape,100,11910960960,164289088,1.3594533324829952,0.018751077173557628
fre-crt-stacr-dnhq,100,fre-crt-stacr-dnhq-2021-11,2021-11,2022-10,measured,fixed-1024,1024,8761581347,1454.49565,12224726424,168616890,9744477976,134406574,18,10,True,bbc1e345a826c160a83c41b59a3732090853647df02435aca8a3ce2ac8825a5b,c42e8a5ef91041ec21fdccf51dae6a34e5c8cf8ca2844bd61411b4f01aaa5b5b,,,,,,
fre-crt-stacr-dnhq,101,fre-crt-stacr-dnhq-2021-12,2021-12,2022-11,measured,enabled,752,8761581347,1323.69616,12196770948,168231297,11831330260,163190740,15,13,True,9c1503ddfd68428584f30e79f5f04cbbadb9bed7830516b3419f6bd8df40728a,07dd95ef2cbcdb25412d8be0ba4708462b872b7e7341bb2f9d57ba07fcf82e55,prior-enabled-data-shape,101,12025045152,165862668,1.3724742915406958,0.018930677172425275
fre-crt-stacr-dnhq,101,fre-crt-stacr-dnhq-2021-12,2021-12,2022-11,measured,fixed-1024,1024,8761581347,1329.837018,12196771468,168231297,9683810144,133569775,17,10,True,9c1503ddfd68428584f30e79f5f04cbbadb9bed7830516b3419f6bd8df40728a,15b9afc168273942414aef7c96c98de404470b557391b6d6e80bf54c83e8a4ad,,,,,,
fre-crt-stacr-dnhq,101,fre-crt-stacr-dnhq-2021-12,2021-12,2022-11,measured,fixed-128,128,8761581347,5773.441346,12196780448,168231297,12196780448,168231297,86,95,True,9c1503ddfd68428584f30e79f5f04cbbadb9bed7830516b3419f6bd8df40728a,5de6defabfbe66b7668f36edf94e24645ba3d3e053cac61dc8a251a420186a4e,,,,,,
fre-crt-stacr-dnhq,102,fre-crt-stacr-dnhq-2022-01,2022-01,2022-12,measured,enabled,736,4742811574,1034.621811,10798055428,148938673,7551239088,104155010,15,8,True,7fc55ffe045d2c8d54fcb95372de907f56a17138c27cc4635f59556eb4fbdd89,0b51743b1db57fe98aed3cc023cbdb8f6621afa6eac7fe6bd1aab68d0f3a0be5,prior-enabled-data-shape,102,6597641551,91001936,1.391082367131505,0.019187339515778397
fre-crt-stacr-dnhq,102,fre-crt-stacr-dnhq-2022-01,2022-01,2022-12,measured,fixed-1024,1024,4742811574,940.874993,10798055420,148938673,5461819120,75335427,13,6,True,7fc55ffe045d2c8d54fcb95372de907f56a17138c27cc4635f59556eb4fbdd89,32b3e9b8514fbabcc8be15b523ec2cec57501d4ca90bf74a23c41887c23f67e9,,,,,,
fre-crt-stacr-dnhq,102,fre-crt-stacr-dnhq-2022-01,2022-01,2022-12,measured,fixed-128,128,4742811574,3271.586302,10798061976,148938673,10798061976,148938673,52,52,True,7fc55ffe045d2c8d54fcb95372de907f56a17138c27cc4635f59556eb4fbdd89,f6df0e550daab638f88b13be03778dc3abc9afb579841ba42dfae9f696700bc6,,,,,,
fre-crt-stacr-dnhq,103,fre-crt-stacr-dnhq-2022-02,2022-02,2023-01,measured,fixed-128,128,9683503801,6398.896325,12767246752,176099801,12767246752,176099801,102,105,True,007afb21493f1355d25247f902fad7a0019640356dbfc49f0f041df5da600bb5,3df8cf4548c29b21abef2ab89487b231fd5df90ed8a21ea0510737d355964789,,,,,,
fre-crt-stacr-dnhq,103,fre-crt-stacr-dnhq-2022-02,2022-02,2023-01,measured,fixed-1024,1024,9683503801,1468.095051,12767238232,176099801,10889000820,150193089,20,11,True,007afb21493f1355d25247f902fad7a0019640356dbfc49f0f041df5da600bb5,0656725c9b3f1ef1e80a6fd80d8f49c5c72c7d9b6ff0b282647e6e7db70f9521,,,,,,
fre-crt-stacr-dnhq,103,fre-crt-stacr-dnhq-2022-02,2022-02,2023-01,measured,enabled,736,9683503801,1406.591157,12767237448,176099801,12745397668,175798565,16,15,True,007afb21493f1355d25247f902fad7a0019640356dbfc49f0f041df5da600bb5,38456d65a8fb66367577327ac7c881a45eb66ea449fc5644b779b893c8aee0db,prior-enabled-data-shape,103,13480155369,185933148,1.3920741547615971,0.019201019808781784
fre-crt-stacr-dnhq,104,fre-crt-stacr-dnhq-2022-03,2022-03,2023-02,measured,enabled,736,9683503801,1404.719298,12841477448,177123801,12819637668,176822565,16,15,True,242df9911f0e8c9f46abdebaf7f8935116b5860d820c28e2a81bfa6b2dfecb42,826455bad6c3fd148a8c2ca0e268992472443e87a4e49a3c4d9cb6e5c0c4aa79,prior-enabled-data-shape,104,13470551390,185800675,1.391082367131505,0.019187339515778397
fre-crt-stacr-dnhq,104,fre-crt-stacr-dnhq-2022-03,2022-03,2023-02,measured,fixed-128,128,9683503801,6377.541493,12841486752,177123801,12841486752,177123801,102,105,True,242df9911f0e8c9f46abdebaf7f8935116b5860d820c28e2a81bfa6b2dfecb42,295ad73704b871f639dbd8cc07649233423b25885b77364bf54976a880d16573,,,,,,
fre-crt-stacr-dnhq,104,fre-crt-stacr-dnhq-2022-03,2022-03,2023-02,measured,fixed-1024,1024,9683503801,1442.195373,12841478232,177123801,10957774100,151141685,20,11,True,242df9911f0e8c9f46abdebaf7f8935116b5860d820c28e2a81bfa6b2dfecb42,f64be19c1d183ee3e90b471196f8f5045c8f4fa359f98ec0a7b78b1556c127ae,,,,,,
fre-crt-stacr-dnhq,105,fre-crt-stacr-dnhq-2022-04,2022-04,2023-03,measured,enabled,752,9683503801,1443.844915,12900658072,177940083,12794399636,176474451,16,15,True,1fbb9712eb572c5709399be38007ddb744986ffc3e54f6efa71d44e8e9708a49,2590ae1236f00d3ba415a7498729a19aa1536927d4d6be5c6ee666378606f0c1,prior-enabled-data-shape,105,13164271512,181576127,1.3594533324829952,0.018751077173557628
fre-crt-stacr-dnhq,105,fre-crt-stacr-dnhq-2022-04,2022-04,2023-03,measured,fixed-1024,1024,9683503801,1444.243621,12900658856,177940083,10957918908,151143682,20,11,True,1fbb9712eb572c5709399be38007ddb744986ffc3e54f6efa71d44e8e9708a49,bc42f0d58664f174cced67a1247e57b20d3b05d2c375d7edafea516051a8cd74,,,,,,
fre-crt-stacr-dnhq,105,fre-crt-stacr-dnhq-2022-04,2022-04,2023-03,measured,fixed-128,128,9683503801,6535.101697,12900667120,177940083,12900667120,177940083,102,105,True,1fbb9712eb572c5709399be38007ddb744986ffc3e54f6efa71d44e8e9708a49,4aef3e9d4534699219e019975451a3c606169f8eb814c0cb88f977dbf35903f7,,,,,,
fre-crt-stacr-dnhq,106,fre-crt-stacr-dnhq-2022-05,2022-05,2023-04,measured,enabled,768,9683503801,1289.215815,12965002264,178827587,12880251280,177658611,16,14,True,d46e08f85af4624a7884c1ab0fad80a1c6355160d5eb598a954e346c0df392ac,9e1b7a19645eec5ac0bb16a14c252ac70f7cc0981b80405e01828e2050b4db1c,prior-enabled-data-shape,106,12900658072,177940083,1.3322303927497576,0.018375588697721625
fre-crt-stacr-dnhq,106,fre-crt-stacr-dnhq-2022-05,2022-05,2023-04,measured,fixed-128,128,9683503801,6543.028557,12965011056,178827587,12965011056,178827587,102,105,True,d46e08f85af4624a7884c1ab0fad80a1c6355160d5eb598a954e346c0df392ac,f99a435b2776c3da31d8c3bebced20da1bf55d242edeff82197e3525d8af1c0f,,,,,,
fre-crt-stacr-dnhq,106,fre-crt-stacr-dnhq-2022-05,2022-05,2023-04,measured,fixed-1024,1024,9683503801,1465.686252,12965003048,178827587,10957245924,151134399,20,11,True,d46e08f85af4624a7884c1ab0fad80a1c6355160d5eb598a954e346c0df392ac,0e30e29782bf8ee01d7b9115a6b306495c23a3a015450ef7a33138eee59b5c4b,,,,,,
fre-crt-stacr-dnhq,107,fre-crt-stacr-dnhq-2022-06,2022-06,2023-05,measured,fixed-128,128,9683503801,6390.230141,13049466440,179992486,13049466440,179992486,102,105,True,f6df9e7d0271413cf0f809b81f18a7a43376d178eb9c264c6c976e1be5ab3064,5d9e254d9ca9331d2cb2784f968d18a0f1c95c75f1fe7d808b2dd66b1e4b686c,,,,,,
fre-crt-stacr-dnhq,107,fre-crt-stacr-dnhq-2022-06,2022-06,2023-05,measured,fixed-1024,1024,9683503801,1456.660034,13049457920,179992486,10971849884,151335838,20,11,True,f6df9e7d0271413cf0f809b81f18a7a43376d178eb9c264c6c976e1be5ab3064,298d0c1049c2fd4fc1d122fe03c925f9bf929070360e837155756c6d91810b6f,,,,,,
fre-crt-stacr-dnhq,107,fre-crt-stacr-dnhq-2022-06,2022-06,2023-05,measured,enabled,768,9683503801,1310.964539,13049457652,179992486,12917968008,178178842,17,14,True,f6df9e7d0271413cf0f809b81f18a7a43376d178eb9c264c6c976e1be5ab3064,2972743421c1761f5138420593c35f7105c4edbabbbfc33067ddf7b1aa5c314a,prior-enabled-data-shape,107,12965002264,178827587,1.3388751148795053,0.01846723982093473
fre-crt-stacr-dnhq,108,fre-crt-stacr-dnhq-2022-07,2022-07,2023-06,measured,enabled,768,9683503801,1303.470212,13120414920,180971209,12961423936,178778233,16,14,True,ecf6a5e7cb41c21553bfde5d667caaa12b8a48973ccf612d6e09898a3877c02e,948ed087661fd418dbabb13e25b656a3f6d218062d8d3ebd54ab18b63405e9a9,prior-enabled-data-shape,108,12965002264,178827587,1.3388751148795053,0.01846723982093473
fre-crt-stacr-dnhq,108,fre-crt-stacr-dnhq-2022-07,2022-07,2023-06,measured,fixed-128,128,9683503801,6343.170748,13120423712,180971209,13120423712,180971209,102,105,True,ecf6a5e7cb41c21553bfde5d667caaa12b8a48973ccf612d6e09898a3877c02e,7b0783f1268e243ca3d428b4a7fb346691bd6f2a626221be6d317a1f6f025180,,,,,,
fre-crt-stacr-dnhq,108,fre-crt-stacr-dnhq-2022-07,2022-07,2023-06,measured,fixed-1024,1024,9683503801,1390.958327,13120415448,180971209,10967083836,151270098,20,11,True,ecf6a5e7cb41c21553bfde5d667caaa12b8a48973ccf612d6e09898a3877c02e,3295f1a845bbe9e1860e567f520b530598aebf03fa30e80d8f37ab27d20edddf,,,,,,
fre-crt-stacr-dnhq,109,fre-crt-stacr-dnhq-2022-08,2022-08,2023-07,measured,fixed-128,128,9683503801,6447.501481,13148201852,181354357,13148201852,181354357,101,105,True,78996a1ef2ba73208353a28d5421a6dfece9f6d29d81345cd7aaa3c1d50f4ec1,7b57074507372d7ed1a7570701516081da462c8e9e42394d89b93ceb3c2d6475,,,,,,
fre-crt-stacr-dnhq,109,fre-crt-stacr-dnhq-2022-08,2022-08,2023-07,measured,enabled,752,9683503801,1415.999115,13148193068,181354357,12976809044,178990443,17,15,True,78996a1ef2ba73208353a28d5421a6dfece9f6d29d81345cd7aaa3c1d50f4ec1,bff23660b4a7c9358a54cd275e24b6f4da62e1283bd9208f22a256f6a8c822ab,prior-enabled-data-shape,109,13049457652,179992486,1.3475966881587225,0.018587537083572216
fre-crt-stacr-dnhq,109,fre-crt-stacr-dnhq-2022-08,2022-08,2023-07,measured,fixed-1024,1024,9683503801,1531.627811,13148193848,181354357,10985768340,151527813,20,11,True,78996a1ef2ba73208353a28d5421a6dfece9f6d29d81345cd7aaa3c1d50f4ec1,3dbc4c3c41598d0f37b513678b8ad62565d88c2df941c01980ec3e63265ad574,,,,,,
fre-crt-stacr-dnhq,110,fre-crt-stacr-dnhq-2022-09,2022-09,2023-08,measured,fixed-1024,1024,9683503801,1536.355351,13233839092,182535668,10984517204,151510557,21,11,True,0eeeda61998ad7eb9c7ac8a4f5315c631a8068c9f1d8ef344813f3e48fe978d2,2dca93aefc76a2e509628588e886e3b34bc4c291dedaf9fd0396c54b24db333e,,,,,,
fre-crt-stacr-dnhq,110,fre-crt-stacr-dnhq-2022-09,2022-09,2023-08,measured,enabled,752,9683503801,1510.338156,13233838308,182535668,12989057820,179159388,17,15,True,0eeeda61998ad7eb9c7ac8a4f5315c631a8068c9f1d8ef344813f3e48fe978d2,3571b4f62444d4a060b25f3a9d4cb4492fe5754bf0a122802c053efe7352918a,prior-enabled-data-shape,110,13120414920,180971209,1.3549243321043645,0.018688608247493164
fre-crt-stacr-dnhq,110,fre-crt-stacr-dnhq-2022-09,2022-09,2023-08,measured,fixed-128,128,9683503801,6318.503603,13233847348,182535668,13233847348,182535668,101,105,True,0eeeda61998ad7eb9c7ac8a4f5315c631a8068c9f1d8ef344813f3e48fe978d2,872a737489bc282cc9a79238b7c5276e29ad92a92c1c512a9d74007ebc803cb1,,,,,,
fre-crt-stacr-dnhq,111,fre-crt-stacr-dnhq-2022-10,2022-10,2023-09,measured,fixed-1024,1024,9683503801,1476.14156,13200632664,182077657,10968004124,151282798,20,11,True,170c8dc6cd47067261ac4b63a69aedfd2dcd9afd9b4231c3de8bdbae791bfb59,11c8a397d151a5ab66a97fcdc154ab5e94693ab2c0eb4120acb86a5fd2245a81,,,,,,
fre-crt-stacr-dnhq,111,fre-crt-stacr-dnhq-2022-10,2022-10,2023-09,measured,enabled,752,9683503801,1406.120251,13200632400,182077657,12957884468,178729415,18,15,True,170c8dc6cd47067261ac4b63a69aedfd2dcd9afd9b4231c3de8bdbae791bfb59,5230a2c35d3447e8ecc8d266b7b0bb6635d309ab250460f23116a63efc3996f3,prior-enabled-data-shape,111,13120414920,180971209,1.3549243321043645,0.018688608247493164
fre-crt-stacr-dnhq,111,fre-crt-stacr-dnhq-2022-10,2022-10,2023-09,measured,fixed-128,128,9683503801,6069.496748,13200642452,182077657,13200642452,182077657,99,105,True,170c8dc6cd47067261ac4b63a69aedfd2dcd9afd9b4231c3de8bdbae791bfb59,74849569f5d846477996e930eb1f408f5f4793f683f69a70b626ae1744685873,,,,,,
fre-crt-stacr-dnhq,112,fre-crt-stacr-dnhq-2022-11,2022-11,2023-10,measured,fixed-128,128,9683503801,5967.553036,13168929600,181640223,13168929600,181640223,98,105,True,867ea7f10453d484dfb8246cd4ad1f412b364cff5ff6437a3b1b542f115f8474,87ff84b5aec34f6a095b8a08db320f9bd5039a142b1823c9388c5b89e0d19068,,,,,,
fre-crt-stacr-dnhq,112,fre-crt-stacr-dnhq-2022-11,2022-11,2023-10,measured,fixed-1024,1024,9683503801,1444.939925,13168919048,181640223,10957102908,151132434,20,11,True,867ea7f10453d484dfb8246cd4ad1f412b364cff5ff6437a3b1b542f115f8474,288bc2e8341b74c115201ac299845e9db9511989552a9c3f53e2980125958656,,,,,,
fre-crt-stacr-dnhq,112,fre-crt-stacr-dnhq-2022-11,2022-11,2023-10,measured,enabled,752,9683503801,1451.130712,13168918012,181640223,12917628564,178174163,17,15,True,867ea7f10453d484dfb8246cd4ad1f412b364cff5ff6437a3b1b542f115f8474,2d33a9884292819386300cb2ec7a12cfec6eb93b670845cf1a4c0162a852655d,prior-enabled-data-shape,112,13148193068,181354357,1.35779293716415,0.01872817533063516
fre-crt-stacr-dnhq,113,fre-crt-stacr-dnhq-2022-12,2022-12,2023-11,measured,enabled,752,9683503801,1428.633478,12880695860,177664750,12671923500,174785134,17,15,True,01333ef5859c40044c4dd09d84983064444d70373620c5666ea5cf6c9b60a626,bedb8cda6b8c6f9cb253c3eb8e0fa1c05c2f36c827c0d3192983e539ec3ddcc1,prior-enabled-data-shape,113,13168918012,181640223,1.359933169091137,0.018757696256725
fre-crt-stacr-dnhq,113,fre-crt-stacr-dnhq-2022-12,2022-12,2023-11,measured,fixed-1024,1024,9683503801,1363.177238,12880696888,177664750,10898262276,150320835,18,11,True,01333ef5859c40044c4dd09d84983064444d70373620c5666ea5cf6c9b60a626,4d8254ece4661c77ba7118d9b25ae0dd38551ac39fa1799d12a42fcf48fdea7a,,,,,,
fre-crt-stacr-dnhq,113,fre-crt-stacr-dnhq-2022-12,2022-12,2023-11,measured,fixed-128,128,9683503801,6145.895533,12880708196,177664750,12880708196,177664750,93,105,True,01333ef5859c40044c4dd09d84983064444d70373620c5666ea5cf6c9b60a626,4427d7f874e521e7690618d592eff9631fd748058e0f4bb366530825fcf9e1c5,,,,,,
fre-crt-stacr-dnhq,114,fre-crt-stacr-dnhq-2023-01,2023-01,2023-12,measured,enabled,752,4940692227,1017.29409,11285157932,155657326,7704034800,106262538,15,8,True,61a47187ff255ecdc10b44f2f76d53bbe6e5d64920370b2bcf2bf0e059b44d29,7c6ba6cd12a9b03b288ee36fe304b0d14467a64cb5b11eba615175fe146d5822,prior-enabled-data-shape,114,6708437011,92530150,1.35779293716415,0.01872817533063516
fre-crt-stacr-dnhq,114,fre-crt-stacr-dnhq-2023-01,2023-01,2023-12,measured,fixed-1024,1024,4940692227,918.343514,11285157672,155657326,5805943304,80081966,14,6,True,61a47187ff255ecdc10b44f2f76d53bbe6e5d64920370b2bcf2bf0e059b44d29,90137750224cd6b3282b70172a90d338f90beabf7e3d412126fb6ec26b651ae7,,,,,,
fre-crt-stacr-dnhq,114,fre-crt-stacr-dnhq-2023-01,2023-01,2023-12,measured,fixed-128,128,4940692227,3402.803687,11285164744,155657326,11285164744,155657326,54,54,True,61a47187ff255ecdc10b44f2f76d53bbe6e5d64920370b2bcf2bf0e059b44d29,0651165ee22611c03b91ee2671b9331789cda0449502b51b87cab6bcfc09e306,,,,,,
fre-crt-stacr-dnhq,115,fre-crt-stacr-dnhq-2023-02,2023-02,2024-01,measured,enabled,752,9710514169,1433.833454,13356521268,184227854,13261071332,182911309,17,15,True,7e3250496bef38d4d49e653bad22ae74f7b0817509728697a7a89140dce2dc1d,165a92bd0dfc7ff7fd8a1230a6aa10ebca361d27bf82657e899548d0f2e0c37c,prior-enabled-data-shape,115,13205650307,182146875,1.359933169091137,0.018757696256725
fre-crt-stacr-dnhq,115,fre-crt-stacr-dnhq-2023-02,2023-02,2024-01,measured,fixed-1024,1024,9710514169,1464.347673,13356522048,184227854,10937262572,150858776,20,11,True,7e3250496bef38d4d49e653bad22ae74f7b0817509728697a7a89140dce2dc1d,726b03f783c2110300392e14071c5f0b64d6381bf363eb5848304f87959f4dc4,,,,,,
fre-crt-stacr-dnhq,115,fre-crt-stacr-dnhq-2023-02,2023-02,2024-01,measured,fixed-128,128,9710514169,6156.446647,13356531084,184227854,13356531084,184227854,103,106,True,7e3250496bef38d4d49e653bad22ae74f7b0817509728697a7a89140dce2dc1d,d3ae7fc4e4f8262d58d5bbe0a093a2cafbb54e1796206b838fa66f2a4be9c737,,,,,,
fre-crt-stacr-dnhq,116,fre-crt-stacr-dnhq-2023-03,2023-03,2024-02,measured,fixed-1024,1024,9710514169,1511.758389,13358191440,184250880,10981573556,151469961,20,11,True,567e636b7c55b9887183e6efe6558d0da85ec5a3037f30cdb254082c837d0c6d,5386fdf23b8031f9f7a8ab30611f92bbc0878ee0e2773d765a7624fac6f9fca5,,,,,,
fre-crt-stacr-dnhq,116,fre-crt-stacr-dnhq-2023-03,2023-03,2024-02,measured,fixed-128,128,9710514169,6330.317896,13358200476,184250880,13358200476,184250880,103,106,True,567e636b7c55b9887183e6efe6558d0da85ec5a3037f30cdb254082c837d0c6d,bf29951ebc992f17718a16926f35d0ab7d806e24c891895e0750de89f3d7ec86,,,,,,
fre-crt-stacr-dnhq,116,fre-crt-stacr-dnhq-2023-03,2023-03,2024-02,measured,enabled,752,9710514169,1375.369444,13358190656,184250880,13271536620,183055654,16,15,True,567e636b7c55b9887183e6efe6558d0da85ec5a3037f30cdb254082c837d0c6d,6310004a3f4ab0cb580f13735490336bd66bd755a1a38b27d8f42be84eab0710,prior-enabled-data-shape,116,13237453157,182585529,1.363208263380533,0.018802869368543765
fre-crt-stacr-dnhq,117,fre-crt-stacr-dnhq-2023-04,2023-04,2024-03,measured,fixed-128,128,9710514169,6319.997251,13299236668,183437588,13299236668,183437588,103,106,True,d8601637f22eb17c806bff6f8fc72c276c35a86e9efd53306cd39f7df0ca4891,e07a302bf1a760b175c2be83d99eac251191306c7c7087fe55f5bc07defab94d,,,,,,
fre-crt-stacr-dnhq,117,fre-crt-stacr-dnhq-2023-04,2023-04,2024-03,measured,enabled,752,9710514169,1400.660532,13299227104,183437588,13197368628,182032647,16,15,True,d8601637f22eb17c806bff6f8fc72c276c35a86e9efd53306cd39f7df0ca4891,cb8130cf44bd5f2e0a7fa001353ab58a35b569c23d59c91c7c38401d4c1d8d01,prior-enabled-data-shape,117,13356521268,184227854,1.3754700354219729,0.018971997856522566
fre-crt-stacr-dnhq,117,fre-crt-stacr-dnhq-2023-04,2023-04,2024-03,measured,fixed-1024,1024,9710514169,1478.756928,13299227376,183437588,11011929684,151888669,20,11,True,d8601637f22eb17c806bff6f8fc72c276c35a86e9efd53306cd39f7df0ca4891,9eb3674d7c0775ce5ff5ddc9b6ab4cedc7514048825ee23c0c1d9c697221be8f,,,,,,
fre-crt-stacr-dnhq,118,fre-crt-stacr-dnhq-2023-05,2023-05,2024-04,measured,fixed-1024,1024,9710514169,1462.657277,13262051504,182924812,11050716700,152423662,20,11,True,8b7bffc21715211f23e8dab959aa6a7547c5a256546131e04ccc21590bc7fa9b,6f45fd801b1a3d955c8b66319988d403a2feed851d1c7ac340b3b7ce997b3394,,,,,,
fre-crt-stacr-dnhq,118,fre-crt-stacr-dnhq-2023-05,2023-05,2024-04,measured,fixed-128,128,9710514169,6654.603341,13262060284,182924812,13262060284,182924812,103,106,True,8b7bffc21715211f23e8dab959aa6a7547c5a256546131e04ccc21590bc7fa9b,9f60a0101722b974845e5ba6cab2a767ef02d47dc320199e98b6a79f1a0fd8c8,,,,,,
fre-crt-stacr-dnhq,118,fre-crt-stacr-dnhq-2023-05,2023-05,2024-04,measured,enabled,752,9710514169,1392.084538,13262050976,182924812,13141688884,181264647,16,15,True,8b7bffc21715211f23e8dab959aa6a7547c5a256546131e04ccc21590bc7fa9b,423aa3da85509c9cb4ced3ab8199e973879541928204bf9cecf1a6eab9fdfe57,prior-enabled-data-shape,118,13299227104,183437588,1.369569816030614,0.018890615348218023
fre-crt-stacr-dnhq,119,fre-crt-stacr-dnhq-2023-06,2023-06,2024-05,measured,fixed-128,128,9710514169,6448.326879,13277140476,183132812,13277140476,183132812,103,106,True,4ee3ea9e2f09c487451802180b7169a4ebd6314154d995cc4fc837c8d6f2553d,ea0812de04318a46e2a932f8961ac6d2c46d8b078b92652ff207dc2abc38a9f4,,,,,,
fre-crt-stacr-dnhq,119,fre-crt-stacr-dnhq-2023-06,2023-06,2024-05,measured,enabled,752,9710514169,1384.542527,13277130912,183132812,13136539428,181193621,16,15,True,4ee3ea9e2f09c487451802180b7169a4ebd6314154d995cc4fc837c8d6f2553d,460e7cecace54584f56f6d747825a12d55005a12ae3f657a05376d5fcbd90c7f,prior-enabled-data-shape,119,13299227104,183437588,1.369569816030614,0.018890615348218023
fre-crt-stacr-dnhq,119,fre-crt-stacr-dnhq-2023-06,2023-06,2024-05,measured,fixed-1024,1024,9710514169,1465.693043,13277131696,183132812,11084619252,152891281,20,11,True,4ee3ea9e2f09c487451802180b7169a4ebd6314154d995cc4fc837c8d6f2553d,51bec38ce1d1ec5ee02bb8f96d120f79b455e5deb053058f56915a2063656cb7,,,,,,
fre-crt-stacr-dnhq,120,fre-crt-stacr-dnhq-2023-07,2023-07,2024-06,measured,fixed-128,128,9710514169,6655.826689,13263792324,182948701,13263792324,182948701,103,106,True,2fcf35e340af8ae4c9ba6df914283109cd6ae2c86d08dd8efe03d12afa808eb7,b7ffc7f978fed50432f4f4f76b1676bd2af529c12a160108a53d7ebf24b2b356,,,,,,
fre-crt-stacr-dnhq,120,fre-crt-stacr-dnhq-2023-07,2023-07,2024-06,measured,fixed-1024,1024,9710514169,1503.831841,13263783548,182948701,11104911292,153171170,21,11,True,2fcf35e340af8ae4c9ba6df914283109cd6ae2c86d08dd8efe03d12afa808eb7,99282a7ae5400b5f1a221bbbc722575562cb263a05f727b834228df210bda4f8,,,,,,
fre-crt-stacr-dnhq,120,fre-crt-stacr-dnhq-2023-07,2023-07,2024-06,measured,enabled,752,9710514169,1451.76869,13263783276,182948701,13115014620,180896724,17,15,True,2fcf35e340af8ae4c9ba6df914283109cd6ae2c86d08dd8efe03d12afa808eb7,a3cc42effc2384658c8ae0d94b366e9018dfac022aa65efab8e9e891a50b9fc7,prior-enabled-data-shape,120,13277130912,183132812,1.367294324577181,0.01885922916261593
fre-crt-stacr-dnhq,121,fre-crt-stacr-dnhq-2023-08,2023-08,2024-07,measured,fixed-128,128,9710514169,6593.723,13219821000,182342198,13219821000,182342198,102,106,True,3f12c6c5a5b912f738e01f296f2d36ef89734cbba39c0f1c2d5e82551206b188,d082576a1cf7c1117d79f4b4eb3b321d15d001a50b3ce33ec27167c0b8b57f3e,,,,,,
fre-crt-stacr-dnhq,121,fre-crt-stacr-dnhq-2023-08,2023-08,2024-07,measured,fixed-1024,1024,9710514169,1366.329667,13219811968,182342198,11115718972,153320242,20,11,True,3f12c6c5a5b912f738e01f296f2d36ef89734cbba39c0f1c2d5e82551206b188,d260f6b2c8413b5ccfe3a503f6b0ffea576358810a8b1d26257c08ff64a369dc,,,,,,
fre-crt-stacr-dnhq,121,fre-crt-stacr-dnhq-2023-08,2023-08,2024-07,measured,enabled,752,9710514169,1470.02556,13219811444,182342198,13050813652,180011195,17,15,True,3f12c6c5a5b912f738e01f296f2d36ef89734cbba39c0f1c2d5e82551206b188,ae098f15bdb60399ca95261c531da5301dc3d342aa62c70c040919c5e7695940,prior-enabled-data-shape,121,13270751687,183044818,1.3666373845625344,0.01885016743434849
fre-crt-stacr-dnhq,122,fre-crt-stacr-dnhq-2023-09,2023-09,2024-08,measured,fixed-128,128,9710514169,6317.712219,13123804168,181017822,13123804168,181017822,102,106,True,a5ae11fe559897aaf71cbee262d82bf3fcbd38b03883014dec2ffe67f93a8c8e,c7a08e587ef47aabbb00da9070e4e36ded8d16d3f4453feeeef2868055b78116,,,,,,
fre-crt-stacr-dnhq,122,fre-crt-stacr-dnhq-2023-09,2023-09,2024-08,measured,fixed-1024,1024,9710514169,1515.036729,13123794620,181017822,11091530164,152986601,19,11,True,a5ae11fe559897aaf71cbee262d82bf3fcbd38b03883014dec2ffe67f93a8c8e,dbaf9bdf6090644a919b650ba9e88939166811456cb61d29f55c63bd124da589,,,,,,
fre-crt-stacr-dnhq,122,fre-crt-stacr-dnhq-2023-09,2023-09,2024-08,measured,enabled,752,9710514169,1414.128038,13123794356,181017822,12986162388,179119451,17,15,True,a5ae11fe559897aaf71cbee262d82bf3fcbd38b03883014dec2ffe67f93a8c8e,6b995b48517012d1a190d07a1071d8f6be7ac1b7db495178228a5293329b08d6,prior-enabled-data-shape,122,13263783276,182948701,1.3659197695569523,0.018840269198519718
fre-crt-stacr-dnhq,123,fre-crt-stacr-dnhq-2023-10,2023-10,2024-09,measured,fixed-128,128,9710514169,6689.865496,13057212392,180099315,13057212392,180099315,100,106,True,b304342a4c851465ff72a064196f3b506dd808ce35c65c4d020c20ef48def004,1175f10dd2b65c3aafcd08da65f1714b6a7a58e8c81dac4648d5bda2fd59a5b6,,,,,,
fre-crt-stacr-dnhq,123,fre-crt-stacr-dnhq-2023-10,2023-10,2024-09,measured,fixed-1024,1024,9710514169,1379.044996,13057202852,180099315,11025062644,152069809,19,11,True,b304342a4c851465ff72a064196f3b506dd808ce35c65c4d020c20ef48def004,927b2799391fa7089f9ca10fa3c559d881b8d7d0f07470593d274c36b47e17bd,,,,,,
fre-crt-stacr-dnhq,123,fre-crt-stacr-dnhq-2023-10,2023-10,2024-09,measured,enabled,752,9710514169,1385.814137,13057202588,180099315,12902575132,177966524,17,15,True,b304342a4c851465ff72a064196f3b506dd808ce35c65c4d020c20ef48def004,2ac2df20953e117d6da11d68446154a3badf2b098cd2da494046a2ba4080d8c6,prior-enabled-data-shape,123,13262050976,182924812,1.3657413752958605,0.01883780908162125
fre-crt-stacr-dnhq,124,fre-crt-stacr-dnhq-2023-11,2023-11,2024-10,measured,enabled,752,9710514169,1417.985675,13016193804,179533681,12783888516,176329473,17,15,True,dfd5149d9b2184359fcde970c5874fe929e544699323f556c35e13a71f8ba71a,013c7a40f9431882a720f63368512969df6318045cc62ce3d017ffe46b057ce6,prior-enabled-data-shape,124,13219811444,182342198,1.361391499350584,0.018777810816868187
fre-crt-stacr-dnhq,124,fre-crt-stacr-dnhq-2023-11,2023-11,2024-10,measured,fixed-128,128,9710514169,6292.753104,13016204884,179533681,13016204884,179533681,99,106,True,dfd5149d9b2184359fcde970c5874fe929e544699323f556c35e13a71f8ba71a,b2520c12daa1c571484ad1a9d49ba7708a0c2ef4eccc732f1fbb092bed27888a,,,,,,
fre-crt-stacr-dnhq,124,fre-crt-stacr-dnhq-2023-11,2023-11,2024-10,measured,fixed-1024,1024,9710514169,1408.609682,13016194580,179533681,10965755828,151251785,19,11,True,dfd5149d9b2184359fcde970c5874fe929e544699323f556c35e13a71f8ba71a,32b2a46c0c65e62b67efe6a0d0bc4823ce74f9d96054a075cc97adb692c9432b,,,,,,
fre-crt-stacr-dnhq,125,fre-crt-stacr-dnhq-2023-12,2023-12,2024-11,measured,enabled,752,9710514169,1432.421932,12671745596,174782663,12436011476,171531163,17,15,True,8206c87ecea5aa6840407f646cd61112dd8483df0109b1efabc44576aa06ccaf,5e51f66aac40293785d184a1b00e13e648d9453131d8f19a6d8e64b5e4d8567e,prior-enabled-data-shape,125,13123794356,181017822,1.35150354838023,0.018641425041928693
fre-crt-stacr-dnhq,125,fre-crt-stacr-dnhq-2023-12,2023-12,2024-11,measured,fixed-1024,1024,9710514169,1391.36734,12671745860,174782663,10927440572,150723298,19,11,True,8206c87ecea5aa6840407f646cd61112dd8483df0109b1efabc44576aa06ccaf,29ac0b6eaa9c17f5ddec1708e5b3d52165ca202d63bc205331b7b4b85508be77,,,,,,
fre-crt-stacr-dnhq,125,fre-crt-stacr-dnhq-2023-12,2023-12,2024-11,measured,fixed-128,128,9710514169,6126.383531,12671755888,174782663,12671755888,174782663,94,106,True,8206c87ecea5aa6840407f646cd61112dd8483df0109b1efabc44576aa06ccaf,ab33c2054d94a12aacd9afc1e1387603d1da25f6d6eb8ab018b62f750e802982,,,,,,
fre-crt-stacr-dnhq,126,fre-crt-stacr-dnhq-2024-01,2024-01,2024-12,measured,fixed-1024,1024,4769821942,1019.565437,11044596812,152339243,5584065328,77021579,13,6,True,ccf1cf50666ed63a4981ab5d1adb4847c0885648eee70b40f34bf19ca9b8a708,3c4ba4120d0f6582d3f2bfdaee2363c3d68f0d5603f0197ac220f54ae9930af1,,,,,,
fre-crt-stacr-dnhq,126,fre-crt-stacr-dnhq-2024-01,2024-01,2024-12,measured,fixed-128,128,4769821942,3096.774282,11044603116,152339243,11044603116,152339243,53,53,True,ccf1cf50666ed63a4981ab5d1adb4847c0885648eee70b40f34bf19ca9b8a708,a4afd39dcd11833e5a12677c40aebc44fbe3d07092a2ac8368b12659b68075b7,,,,,,
fre-crt-stacr-dnhq,126,fre-crt-stacr-dnhq-2024-01,2024-01,2024-12,measured,enabled,768,4769821942,1092.012576,11044596304,152339243,7486013588,103255351,14,7,True,ccf1cf50666ed63a4981ab5d1adb4847c0885648eee70b40f34bf19ca9b8a708,c4bd1f5e0fbd8c86f7759785a3eb0d4680968a8c6d3cdf4446bf39baa74c8d78,prior-enabled-data-shape,126,6413721284,88465106,1.344645850956484,0.018546836126860502
fre-crt-stacr-dnhq,127,fre-crt-stacr-dnhq-2024-02,2024-02,2025-01,measured,fixed-1024,1024,7487003062,1261.546348,10955251100,151106892,8184968796,112896111,15,9,True,60d860780661c84e72f668717dfde2bbfeed58ced4701910af7de38dc7f0a038,41e49060ccde4c8c7be8e7450955ee808278480e5d4820d23b763426e150c85c,,,,,,
fre-crt-stacr-dnhq,127,fre-crt-stacr-dnhq-2024-02,2024-02,2025-01,measured,fixed-128,128,7487003062,4565.877055,10955260544,151106892,10955260544,151106892,72,81,True,60d860780661c84e72f668717dfde2bbfeed58ced4701910af7de38dc7f0a038,bfb3a5d8ae47e6f549c0bccf2c9097457dc8f0a64e42a038b1d96f1b76fa52ed,,,,,,
fre-crt-stacr-dnhq,127,fre-crt-stacr-dnhq-2024-02,2024-02,2025-01,measured,enabled,752,7487003062,1258.870297,10955251872,151106892,9972902152,137557251,16,12,True,60d860780661c84e72f668717dfde2bbfeed58ced4701910af7de38dc7f0a038,d6fc4b662d4cc41f17bc4ca7220b997f66f74ac10aff8613dd8460455630ebf3,prior-enabled-data-shape,127,10118711205,139568406,1.35150354838023,0.018641425041928693
fre-crt-stacr-dnhq,128,fre-crt-stacr-dnhq-2024-03,2024-03,2025-02,measured,enabled,752,7487003062,1161.215624,10108263752,139424306,9664418784,133302310,14,12,True,04bfe8ecc335a9b9d4477d9f0a13c9279a65ccfb457fea03239073944b9ad3c7,5b8ae277f8fd920ba3ded12ebbbaf80d248779520cc677a815607eba4adda365,prior-enabled-data-shape,128,10226645497,141057153,1.3659197695569523,0.018840269198519718
fre-crt-stacr-dnhq,128,fre-crt-stacr-dnhq-2024-03,2024-03,2025-02,measured,fixed-128,128,7487003062,4658.420664,10108272944,139424306,10108272944,139424306,72,81,True,04bfe8ecc335a9b9d4477d9f0a13c9279a65ccfb457fea03239073944b9ad3c7,9a4f06b0f80bbd7cf90926ca6816456a246f5611cbc215666afe6bbd5954fe90,,,,,,
fre-crt-stacr-dnhq,128,fre-crt-stacr-dnhq-2024-03,2024-03,2025-02,measured,fixed-1024,1024,7487003062,1150.371475,10108263756,139424306,8157747884,112520649,15,9,True,04bfe8ecc335a9b9d4477d9f0a13c9279a65ccfb457fea03239073944b9ad3c7,c515874cea22584adcd700fd7add0c5d5aa2a54f94b1ee1d0820209a96e68f43,,,,,,
fre-crt-stacr-dnhq,129,fre-crt-stacr-dnhq-2024-04,2024-04,2025-03,measured,fixed-1024,1024,7487003062,1086.048785,9365863752,129184306,7877463372,108654653,14,9,True,5b4cfa1a39f2c2ec3c0374a940e18a42d2c0a890f8149e4a310441e21603543a,3cc6c2f3433ba708094aadf55e2b600ac1bfa1c86f2562a18c27e0b7984f416d,,,,,,
fre-crt-stacr-dnhq,129,fre-crt-stacr-dnhq-2024-04,2024-04,2025-03,measured,fixed-128,128,7487003062,4573.915935,9365872944,129184306,9365872944,129184306,72,81,True,5b4cfa1a39f2c2ec3c0374a940e18a42d2c0a890f8149e4a310441e21603543a,b0adf592521a3392462dc9c5f517bb801c86c8e09e92d3e0300f48140e380ec2,,,,,,
fre-crt-stacr-dnhq,129,fre-crt-stacr-dnhq-2024-04,2024-04,2025-03,measured,enabled,752,7487003062,1143.0889,9365864008,129184306,9048458976,124806310,14,12,True,5b4cfa1a39f2c2ec3c0374a940e18a42d2c0a890f8149e4a310441e21603543a,60ba63694c5c76f70e44ae9ef6d8d34e90b1e570d76fd18a9dc57cb2c6ce0067,prior-enabled-data-shape,129,10118711205,139568406,1.35150354838023,0.018641425041928693
fre-crt-stacr-dnhq,130,fre-crt-stacr-dnhq-2024-05,2024-05,2025-04,measured,fixed-1024,1024,7487003062,1014.520544,8370387364,115453598,7701623412,106229274,13,9,True,bcbb5ba99d49aa0ea40a8674ea2e2ee5eaebc33382e37b588baab0cf4a2be065,d85b82b88986aeac72c18f0be327f21aef14c2c62fd42842d3da45f8bf564122,,,,,,
fre-crt-stacr-dnhq,130,fre-crt-stacr-dnhq-2024-05,2024-05,2025-04,measured,fixed-128,128,7487003062,4517.595233,8370396300,115453598,8370396300,115453598,71,81,True,bcbb5ba99d49aa0ea40a8674ea2e2ee5eaebc33382e37b588baab0cf4a2be065,5982b2ada9b7b3a46f10b7a2ab9e06f4890c9e33d459958dc556b012b451a3ab,,,,,,
fre-crt-stacr-dnhq,130,fre-crt-stacr-dnhq-2024-05,2024-05,2025-04,measured,enabled,752,7487003062,1056.839475,8370387616,115453598,8370387616,115453598,12,12,True,bcbb5ba99d49aa0ea40a8674ea2e2ee5eaebc33382e37b588baab0cf4a2be065,b788c2beba33997c23a59c03dd9741fd1a7b8a3f571da43521bb5d31cf9392ae,prior-enabled-data-shape,130,10108263752,139424306,1.3501081364991165,0.0186221783062495
fre-crt-stacr-dnhq,131,fre-crt-stacr-dnhq-2024-06,2024-06,2025-05,measured,fixed-1024,1024,7487003062,939.39738,7516627356,103677598,7253222996,100044438,11,9,True,c9079bd8fee12d9b7ba6aaa3e539d13f6d2dbe19f05db8c3e2ab77370a92fc82,efc175335d4083415b753156565d7432509f63ed53b670a98d715fa6c4fa96ad,,,,,,
fre-crt-stacr-dnhq,131,fre-crt-stacr-dnhq-2024-06,2024-06,2025-05,measured,fixed-128,128,7487003062,4486.657391,7516636300,103677598,7516636300,103677598,71,81,True,c9079bd8fee12d9b7ba6aaa3e539d13f6d2dbe19f05db8c3e2ab77370a92fc82,7fee2d5aff188631530629a9760535c8d8a7937360608669eeb063de191fdf03,,,,,,
fre-crt-stacr-dnhq,131,fre-crt-stacr-dnhq-2024-06,2024-06,2025-05,measured,enabled,768,7487003062,997.890004,7516627356,103677598,7516627356,103677598,11,11,True,c9079bd8fee12d9b7ba6aaa3e539d13f6d2dbe19f05db8c3e2ab77370a92fc82,be44eaf231a4fbf2d827f51074d9aeebfe60251c4cf44a8974c17b33047615c3,prior-enabled-data-shape,131,10035749001,138424104,1.340422718866227,0.018488586482180953
fre-crt-stacr-dnhq,132,fre-crt-stacr-dnhq-2024-07,2024-07,2025-06,measured,enabled,816,7487003062,1082.507695,8723654648,120326257,8556214820,118016743,12,11,True,a20918b84c0c580cfe8d765ef907d0a83cd5e082b3bc0dc2bb637cb715ebc198,4319f9c13447f51c2f2ab900aa054977d56bda765f0c909bc1f997821d69ad87,prior-enabled-data-shape,132,9365864008,129184306,1.2509496697732216,0.017254474845304933
fre-crt-stacr-dnhq,132,fre-crt-stacr-dnhq-2024-07,2024-07,2025-06,measured,fixed-128,128,7487003062,5069.029054,8723664128,120326257,8723664128,120326257,78,81,True,a20918b84c0c580cfe8d765ef907d0a83cd5e082b3bc0dc2bb637cb715ebc198,139329fc7194169cc3cba240ce7ea9d40f881971ff1ba187c153f14522f187a0,,,,,,
fre-crt-stacr-dnhq,132,fre-crt-stacr-dnhq-2024-07,2024-07,2025-06,measured,fixed-1024,1024,7487003062,940.850929,8723654900,120326257,8028630956,110739721,11,9,True,a20918b84c0c580cfe8d765ef907d0a83cd5e082b3bc0dc2bb637cb715ebc198,8210a3735f12fdfb88f60b0a56c1935b0856b63fed1dd8f3199d2146d0527303,,,,,,
fre-crt-stacr-dnhq,133,fre-crt-stacr-dnhq-2024-08,2024-08,2025-07,measured,enabled,880,7487003062,1002.539074,8562297256,118100631,8441008672,116427687,12,10,True,cab11ce58f72b420ed3816b77181b8e903bbf875d965c72d10b56a2291d39082,5c1780333bd6280e29c0e1c68969d1f69b580f8578a9ac562153e1a59c6fcb36,prior-enabled-data-shape,133,8723654648,120326257,1.165173110757304,0.01607135138099667
fre-crt-stacr-dnhq,133,fre-crt-stacr-dnhq-2024-08,2024-08,2025-07,measured,fixed-1024,1024,7487003062,997.008639,8562297252,118100631,8003796596,110397178,11,9,True,cab11ce58f72b420ed3816b77181b8e903bbf875d965c72d10b56a2291d39082,40bf96b0ed4a3cc51ec50bf90e4692ef17730d460305c52ae3cc66c54b4d0e04,,,,,,
fre-crt-stacr-dnhq,133,fre-crt-stacr-dnhq-2024-08,2024-08,2025-07,measured,fixed-128,128,7487003062,4710.242481,8562305704,118100631,8562305704,118100631,76,81,True,cab11ce58f72b420ed3816b77181b8e903bbf875d965c72d10b56a2291d39082,443f34f6386520acabae6f04c579898c571a74531aaf0a1ac5195cb69d210c94,,,,,,
fre-crt-stacr-dnhq,134,fre-crt-stacr-dnhq-2024-09,2024-09,2025-08,measured,fixed-128,128,7487003062,4971.656199,8467959880,116799307,8467959880,116799307,76,81,True,090d7866b9b6a5459b6da67c509fc75a8e3f2dd41c0d04452675388184159819,65d23a50a6f402c103e60742748b8df9ab7cbdbbefeae8bfbd48f65e00bef840,,,,,,
fre-crt-stacr-dnhq,134,fre-crt-stacr-dnhq-2024-09,2024-09,2025-08,measured,fixed-1024,1024,7487003062,958.475652,8467950920,116799307,7623822484,105156158,12,9,True,090d7866b9b6a5459b6da67c509fc75a8e3f2dd41c0d04452675388184159819,05beee2e4bbcc2cead993782278a4485896fd383a928dce898e12dea001fcb37,,,,,,
fre-crt-stacr-dnhq,134,fre-crt-stacr-dnhq-2024-09,2024-09,2025-08,measured,enabled,880,7487003062,1005.448412,8467951176,116799307,8248371928,113770630,12,10,True,090d7866b9b6a5459b6da67c509fc75a8e3f2dd41c0d04452675388184159819,db3fe97d7cbdaf3ec23087eeb5f568e1437dc118beafd1d5dbde763db7c425e1,prior-enabled-data-shape,134,8723654648,120326257,1.165173110757304,0.01607135138099667
fre-crt-stacr-dnhq,135,fre-crt-stacr-dnhq-2024-10,2024-10,2025-09,measured,fixed-128,128,7487003062,4750.342257,8492213748,117133841,8492213748,117133841,75,81,True,27f20987f5d50cb6d1ec95acd88c600edaf3e1409a3e0ef51eadaf98d85d8799,3a284add4db7e246abfeac1d501ceabcae2dd9649589e233be32ad6b6a86266d,,,,,,
fre-crt-stacr-dnhq,135,fre-crt-stacr-dnhq-2024-10,2024-10,2025-09,measured,enabled,896,7487003062,995.84665,8492205056,117133841,7952657232,109691805,14,10,True,27f20987f5d50cb6d1ec95acd88c600edaf3e1409a3e0ef51eadaf98d85d8799,4581764407cdcce10606faf9cff203a09a79aaef15dfd272694e38b10073afc8,prior-enabled-data-shape,135,8562297256,118100631,1.1436214444011135,0.01577408610922243
fre-crt-stacr-dnhq,135,fre-crt-stacr-dnhq-2024-10,2024-10,2025-09,measured,fixed-1024,1024,7487003062,957.769177,8492204796,117133841,7294886716,100619115,13,9,True,27f20987f5d50cb6d1ec95acd88c600edaf3e1409a3e0ef51eadaf98d85d8799,f3cf1b2c4b2c16117f099874797d76f9b3a758bef7614e438dedb292542f7696,,,,,,
fre-crt-stacr-dnhq,136,fre-crt-stacr-dnhq-2024-11,2024-11,2025-10,measured,fixed-1024,1024,7487003062,1135.939037,8342901540,115074478,6990440580,96419852,13,9,True,498804d867f616f22fdefa14162dc8db85770544a49aaae05175056f27528175,652865e9693739b71046fa960cf4a774a32c72ddfebafaecbfdcd630ee3b69da,,,,,,
fre-crt-stacr-dnhq,136,fre-crt-stacr-dnhq-2024-11,2024-11,2025-10,measured,fixed-128,128,7487003062,4831.892723,8342908696,115074478,8342908696,115074478,74,81,True,498804d867f616f22fdefa14162dc8db85770544a49aaae05175056f27528175,b35aa3a1d2dfb19069a638360111fd207bfc6ec9f52976b08d26b2466bd14498,,,,,,
fre-crt-stacr-dnhq,136,fre-crt-stacr-dnhq-2024-11,2024-11,2025-10,measured,enabled,896,7487003062,1129.844133,8342901288,115074478,7647196064,105478551,14,10,True,498804d867f616f22fdefa14162dc8db85770544a49aaae05175056f27528175,610e3b8a6fc8ae6efda2b6ae7cc3e25b3be71e4e1dc6fc1dd6536dbe71063b86,prior-enabled-data-shape,136,8492205056,117133841,1.1342595943498226,0.015644957004827254
fre-crt-stacr-dnhq,137,fre-crt-stacr-dnhq-2024-12,2024-12,2025-11,measured,fixed-1024,1024,7487003062,1016.61228,7993247948,110251675,6649325308,91714819,13,9,True,32968b0a29db79bba056419af2208d07b8bcf0b76383682a17f0970c8cbd2472,04f9be95a28d2f017f99dbc67f331766375f0336d7c5d1d05543ac7db7b33e8e,,,,,,
fre-crt-stacr-dnhq,137,fre-crt-stacr-dnhq-2024-12,2024-12,2025-11,measured,enabled,896,7487003062,1080.319584,7993248460,110251675,7248089752,99973630,13,10,True,32968b0a29db79bba056419af2208d07b8bcf0b76383682a17f0970c8cbd2472,3bba8f07ed2ca1d27d06a2886779ad9926d1623e9abf572e351177745a99297a,prior-enabled-data-shape,137,8492205056,117133841,1.1342595943498226,0.015644957004827254
fre-crt-stacr-dnhq,137,fre-crt-stacr-dnhq-2024-12,2024-12,2025-11,measured,fixed-128,128,7487003062,4520.87026,7993254568,110251675,7993254568,110251675,68,81,True,32968b0a29db79bba056419af2208d07b8bcf0b76383682a17f0970c8cbd2472,587ba202c1915a2715c73f096acf92d1ea382ba54cbbece8f5e7e6adb78d97ac,,,,,,
fre-crt-stacr-dnhq,138,fre-crt-stacr-dnhq-2025-01,2025-01,2025-12,measured,fixed-128,128,2717181120,1974.854465,6322449048,87206141,6322449048,87206141,28,28,True,95715d33c7983eb8c1bf46c57877d8608ce7307bf3b568bb5be1a0687413b156,96a465049270cf380a4ab1fd41eb9311ebfd717da17921ad40adb9c0678842a3,,,,,,
fre-crt-stacr-dnhq,138,fre-crt-stacr-dnhq-2025-01,2025-01,2025-12,measured,enabled,912,2717181120,623.308775,6322445892,87206141,3920356744,54073879,7,4,True,95715d33c7983eb8c1bf46c57877d8608ce7307bf3b568bb5be1a0687413b156,916ec6abf0ff0407add12b4453fc25e86bfa12af260a1f8adc540b09aa97bffe,prior-enabled-data-shape,138,3073186543,42388773,1.1310201299340674,0.015600275040998774
fre-crt-stacr-dnhq,138,fre-crt-stacr-dnhq-2025-01,2025-01,2025-12,measured,fixed-1024,1024,2717181120,628.561124,6322446404,87206141,3303438656,45564662,7,4,True,95715d33c7983eb8c1bf46c57877d8608ce7307bf3b568bb5be1a0687413b156,8ba42ca1f515417ce21c84494cec9f7d97741514b7b9fdf3d77d95aa6d4d3b5a,,,,,,
fre-crt-stacr-dnhq,139,fre-crt-stacr-dnhq-2025-02,2025-02,2026-01,measured,enabled,896,3131775590,731.978758,7213631508,99498350,4580008996,63172530,9,5,True,0c7e39f62cbf1730f830b7310a31894684fa779bd0b6db928048173012d0638a,c7703c33694d72012e16410b0b71f15d4da40a2c911f69f7ba1ed20f27971220,prior-enabled-data-shape,139,3552246510,48996494,1.1342595943498226,0.015644957004827254
fre-crt-stacr-dnhq,139,fre-crt-stacr-dnhq-2025-02,2025-02,2026-01,measured,fixed-128,128,3131775590,2457.805558,7213635200,99498350,7213635200,99498350,36,36,True,0c7e39f62cbf1730f830b7310a31894684fa779bd0b6db928048173012d0638a,4322e437bc24dbe50497574d80e8dfb09e68ff4e117cb1ae0091bc2799aa3886,,,,,,
fre-crt-stacr-dnhq,139,fre-crt-stacr-dnhq-2025-02,2025-02,2026-01,measured,fixed-1024,1024,3131775590,647.694857,7213631500,99498350,4241431568,58502496,7,4,True,0c7e39f62cbf1730f830b7310a31894684fa779bd0b6db928048173012d0638a,d57cdd137c6749c716b6c3aa7d47ff1c9c008ca4b768313c01133da23daba0c2,,,,,,
