dataset,block,window_id,start_month,end_month,selected_path_count,listed_file_bytes,selected_mib,history_count,predicted_decoded_bytes,actual_decoded_bytes,decoded_byte_ape,predicted_decoded_rows,actual_decoded_rows,decoded_row_ape,enabled_elapsed_ms,fixed_128_elapsed_ms,fixed_1024_elapsed_ms,enabled_regret,enabled_scan_tasks,fixed_128_scan_tasks,fixed_1024_scan_tasks
yellow,0,yellow-2009-01,2009-01,2009-12,12,5717475607,128,0,,4165592808,,,170896055,,2448.420373,2216.926165,1082.148334,1.262555230251826,46,46,6
yellow,1,yellow-2009-02,2009-02,2010-01,12,5763118565,1024,1,4198846991,4184393952,0.003454034004874692,172260329,171667420,0.003453823678365994,1385.774228,2426.535728,1385.471572,0.00021844980879914822,6,46,6
yellow,2,yellow-2009-03,2009-03,2010-02,12,5678404137,1024,2,4122885840,4129922952,0.0017039329986996813,169144011,169432707,0.0017038977014042513,1339.138047,2413.039788,1264.168717,0.05930326307861011,6,46,6
yellow,3,yellow-2009-04,2009-04,2010-03,12,5604528002,1024,3,4076192584,4093287024,0.004176213370763125,167228385,167929698,0.004176229745854721,1408.822328,2361.588161,1383.276056,0.018467949249314497,6,45,6
yellow,4,yellow-2009-05,2009-05,2010-04,12,5654697509,1024,4,4119854442,4114010904,0.0014203992493841966,169019610,168779905,0.0014202223896263007,1491.13872,2538.791422,1567.587205,0.0,6,45,6
yellow,5,yellow-2009-06,2009-06,2010-05,12,5701164466,1024,5,4147817410,4130709096,0.004141737799102568,170166838,169464943,0.0041418300893064355,1710.585421,2407.255765,1726.252854,0.0,7,45,7
yellow,6,yellow-2009-07,2009-07,2010-06,12,5745096248,1024,6,4178428355,4146330384,0.0077412960442951526,171422672,170105822,0.0077413576120869045,1707.663687,2398.360663,1651.878482,0.0337707680122199,7,45,7
yellow,7,yellow-2009-08,2009-08,2010-07,12,5801478698,1024,7,4212245870,4171447056,0.009780494263091997,172810063,171136238,0.009780657910687508,1830.000193,2329.052551,1640.460123,0.11554079696455988,7,46,7
yellow,8,yellow-2009-09,2009-09,2010-08,12,5740349264,1024,8,4159099963,4143212328,0.003834617620880954,170629696,169977895,0.0038346221430733685,1675.335955,2383.523491,1623.742586,0.03177435231719672,7,45,7
yellow,9,yellow-2009-10,2009-10,2010-09,12,5780200475,1024,9,4171975740,4181122968,0.00218774431414905,171157932,171533217,0.002187826979307454,1535.442901,2286.971788,1525.274135,0.006666844842287967,7,45,7
yellow,10,yellow-2009-11,2009-11,2010-10,12,5727302611,1024,10,4142859161,4146877464,0.0009689948726201378,169963420,170128273,0.000968992379062121,1740.8134,2415.989982,1723.34337,0.010137289123060889,7,45,7
yellow,11,yellow-2009-12,2009-12,2010-11,12,5697399091,1024,11,4121228373,4138028640,0.0040599687584569255,169076003,169765244,0.004059965301260369,1440.739432,2389.11403,1529.312176,0.0,7,45,7
yellow,12,yellow-2010-01,2010-01,2010-12,12,5654518933,1024,12,4094178137,4119404016,0.006123671992846841,167966250,169001162,0.006123697540020464,1500.118712,2212.283104,1464.022858,0.024655253026110824,7,44,7
yellow,13,yellow-2010-02,2010-02,2011-01,12,5306295810,1024,13,3844611833,4085308728,0.058917675756131986,157727623,167602381,0.05891776680666607,1342.124466,2342.081189,1301.379606,0.031308973809137663,6,41,6
yellow,14,yellow-2010-03,2010-03,2011-02,12,5123556984,1024,14,3721246344,4159832760,0.10543366555918945,152666487,170659781,0.10543371082844645,1336.395948,2278.282702,1113.138201,0.20056606340473637,6,40,6
yellow,15,yellow-2010-04,2010-04,2011-03,12,4914773762,1024,15,3580488281,4237393776,0.15502583184990262,146891802,173841770,0.155025849081035,1231.253883,2190.23453,1216.649276,0.01200395815630273,6,39,6
yellow,16,yellow-2010-05,2010-05,2011-04,12,4570665026,1024,16,3518947754,4227009432,0.16750889473766378,144367063,173415753,0.16750894597216898,1241.04793,2204.396568,1259.73595,0.0,5,36,5
yellow,17,yellow-2010-06,2010-06,2011-05,12,4222309094,1024,17,3428106635,4228801488,0.18934321113727343,140640252,173489270,0.18934322566461892,1218.990878,2178.758466,1274.178371,0.0,5,33,5
yellow,18,yellow-2010-07,2010-07,2011-06,12,3893909387,1024,18,3357230302,4235449224,0.20734965184415582,137732505,173762003,0.20734969313170268,1035.52999,2104.010362,1133.628458,0.0,4,31,4
yellow,19,yellow-2010-08,2010-08,2011-07,12,3566945819,1024,19,3298757081,4237546488,0.2215407924511246,135333609,173848045,0.22154080593773717,976.685648,2030.187532,991.606754,0.0,4,28,4
yellow,20,yellow-2010-09,2010-09,2011-08,12,3336018379,1024,20,3341147976,4255444344,0.21485332531469245,137072720,174582309,0.2148533217074131,1089.281939,2109.954211,1043.889477,0.043483973160120204,4,27,4
yellow,21,yellow-2010-10,2010-10,2011-09,12,3011313641,944,21,3275439862,4233178944,0.22624582959278747,134377007,173668848,0.22624576285552375,1120.720812,2035.32532,1055.994982,0.0612936908823305,4,24,4
yellow,22,yellow-2010-11,2010-11,2011-10,12,2732955406,864,22,3246762404,4269697464,0.2395802205249641,133200497,175167045,0.2395801561874838,1243.224506,1907.037283,1064.542397,0.16784874844209718,4,22,3
yellow,23,yellow-2010-12,2010-12,2011-11,12,2466417220,800,23,3146176075,4284652752,0.26571037208758147,129073873,175780598,0.26571035444992624,995.55878,1874.411803,960.869106,0.03610239291011186,4,20,3
yellow,24,yellow-2011-01,2011-01,2011-12,12,2208221223,736,24,3104225165,4311627720,0.28003404593567277,127352804,176887259,0.2800340469971328,1111.640303,1959.66079,970.247342,0.14572877953836216,4,18,3
yellow,25,yellow-2011-02,2011-02,2012-01,12,2207820095,656,25,3449278331,4301715312,0.19816210957104824,141508830,176480610,0.19816216637057182,1119.987588,1832.148324,1036.743943,0.08029335069864985,4,18,3
yellow,26,yellow-2011-03,2011-03,2012-02,12,2202839076,592,26,3826765574,4281204720,0.10614749252168441,156995486,175639146,0.10614752135039418,987.87028,2014.569729,974.94532,0.013257112716844377,4,18,3
yellow,27,yellow-2011-04,2011-04,2012-03,12,2207884763,528,27,4291010983,4283168592,0.0018309788259672595,176041454,175719718,0.0018309612811921313,1199.491204,1726.997931,957.964393,0.25212504010052483,6,18,3
yellow,28,yellow-2011-05,2011-05,2012-04,12,2197887270,528,28,4263774034,4251696264,0.002840694454649783,174924044,174428547,0.002840687539522989,1138.782701,1897.557889,998.042353,0.14101640834875484,5,18,3
yellow,29,yellow-2011-06,2011-06,2012-05,12,2185485255,528,29,4239714844,4212949344,0.006353150207732476,173937000,172838932,0.006353128819379652,1223.948947,2233.45736,956.828737,0.2791724366865458,5,18,3
yellow,30,yellow-2011-07,2011-07,2012-06,12,2189874840,528,30,4236196643,4212915336,0.005526174903411351,173792665,172837539,0.005526149038722427,1224.699867,1913.13543,1051.779375,0.16440757074172518,5,18,3
yellow,31,yellow-2011-08,2011-08,2012-07,12,2189782743,528,31,4221233591,4204061112,0.0040847358167518475,173178799,172474285,0.004084748053891048,1171.813276,1913.90773,1070.8598,0.09427328955667225,5,18,3
yellow,32,yellow-2011-09,2011-09,2012-08,12,2208074956,528,32,4256495401,4231344288,0.005944000603148273,174625437,173593596,0.005944003832952455,1215.597851,2152.138479,1068.009274,0.1381903515193632,6,18,3
yellow,33,yellow-2011-10,2011-10,2012-09,12,2211827047,528,33,4255147334,4229397072,0.006088400204954793,174570134,173513702,0.006088464414182115,1274.363758,1826.484003,968.479381,0.31583984440036317,6,18,3
yellow,34,yellow-2011-11,2011-11,2012-10,12,2197060487,528,34,4218033311,4200744504,0.00411565306662602,173047503,172338213,0.00411568617112213,1045.037546,2175.859503,948.966369,0.1012377046630617,5,18,3
yellow,35,yellow-2011-12,2011-12,2012-11,12,2187687903,528,35,4192276484,4182467232,0.002345326683004124,171990814,171588380,0.002345345296692002,1209.699949,2003.058219,1058.18123,0.14318787245923859,5,18,3
yellow,36,yellow-2012-01,2012-01,2012-12,12,2183780038,528,36,4175766325,4176876264,0.0002657342305220847,171313467,171359007,0.0002657578425393186,1149.599225,2039.328378,1048.848046,0.09605888992617695,5,18,3
yellow,37,yellow-2012-02,2012-02,2013-01,12,2201737986,528,37,4211224104,4218759072,0.0017860626481397703,172768149,173077276,0.0017860634691292461,1239.805141,2018.840406,1054.981987,0.17519081489303212,5,18,3
yellow,38,yellow-2012-03,2012-03,2013-02,12,2203243634,528,38,4214103929,4234086984,0.004719566479270044,172886296,173706107,0.004719528945519458,1132.761017,1960.405077,999.961041,0.13280514995583714,5,18,3
yellow,39,yellow-2012-04,2012-04,2013-03,12,2193578279,528,39,4203124224,4224393120,0.005034781422047198,172435846,173308412,0.005034758497469817,1187.876637,1903.870047,1038.3871,0.1439632069774366,5,18,3
yellow,40,yellow-2012-05,2012-05,2013-04,12,2199601592,528,40,4215106741,4254248208,0.009200560260305338,172927440,174533238,0.009200528325727849,1208.637083,1935.129461,1028.362923,0.17530208058658303,5,18,3
yellow,41,yellow-2012-06,2012-06,2013-05,12,2209252988,528,41,4245635470,4286418168,0.009514400229184546,174179891,175853037,0.0095144560966553,1330.601021,1873.858191,1053.768881,0.2627066949797314,6,18,3
yellow,42,yellow-2012-07,2012-07,2013-06,12,2195287573,528,42,4227684878,4269087192,0.009698165471435047,173443458,175142025,0.009698226339452224,1202.401097,2061.010212,1039.588487,0.15661255586798362,5,18,3
yellow,43,yellow-2012-08,2012-08,2013-07,12,2184883888,528,43,4225782705,4255547664,0.006994389758995777,173365423,174586558,0.006994438827300782,1048.320764,2001.368053,1023.943709,0.02380702648567179,5,18,3
yellow,44,yellow-2012-09,2012-09,2013-08,12,2148549372,528,44,4168640311,4189729608,0.00503356993724164,171021125,171886331,0.005033593974380662,1124.02571,2094.319726,949.567416,0.1837239684728187,5,18,3
yellow,45,yellow-2012-10,2012-10,2013-09,12,2138143613,528,45,4157961638,4179025008,0.00504025938099866,170583028,171447170,0.005040281504792409,1216.500091,2024.478412,1082.477101,0.12381138582625795,5,18,3
yellow,46,yellow-2012-11,2012-11,2013-10,12,2144878672,528,46,4177628602,4190779848,0.003138138121542289,171389879,171929411,0.003138101834130055,1203.190449,1893.729957,1049.630339,0.14629922963764463,5,18,3
yellow,47,yellow-2012-12,2012-12,2013-11,12,2151624467,528,47,4195726127,4205707776,0.002373357715664551,172132342,172541832,0.002373279541856261,1043.549853,1907.414686,1031.785195,0.01140223571438237,5,18,3
yellow,48,yellow-2013-01,2013-01,2013-12,12,2143914255,528,48,4188895518,4188023904,0.00020812058860684095,171852105,171816340,0.0002081583160251231,1235.431767,1898.739839,995.145601,0.24145830093459852,5,18,3
yellow,49,yellow-2013-02,2013-02,2014-01,12,2131159703,528,49,4163108557,4163792640,0.00016429324395943022,170794172,170822240,0.00016431115761039077,1234.320466,1892.669025,1039.407093,0.18752361256014627,5,17,3
yellow,50,yellow-2013-03,2013-03,2014-02,12,2120856588,528,50,4143662739,4141212144,0.0005917578995682574,169996398,169895858,0.0005917742856332613,1114.957052,2031.247242,997.501785,0.11774943039324981,5,17,3
yellow,51,yellow-2013-04,2013-04,2014-03,12,2117978078,528,51,4137358944,4133385504,0.0009613039955152462,169737778,169574764,0.0009613104931108735,1210.414911,1943.508891,1057.854066,0.1442172884742685,5,17,3
yellow,52,yellow-2013-05,2013-05,2014-04,12,2120952040,528,52,4141398525,4132559976,0.0021387587963224274,169903504,169540895,0.0021387701179706523,1239.359464,1888.763793,969.132318,0.27883410859485935,5,17,3
yellow,53,yellow-2013-06,2013-06,2014-05,12,2116964432,528,53,4133612270,4120104072,0.003278606016726851,169584068,169029891,0.0032785739653585885,1144.875878,1676.152783,977.630343,0.17107236513014001,5,17,3
yellow,54,yellow-2013-07,2013-07,2014-06,12,2111254216,528,54,4120263407,4106152176,0.003436606924233974,169036422,168457514,0.0034365222794395505,1138.332772,1990.598028,1068.112438,0.06574245510283983,5,17,3
yellow,55,yellow-2013-08,2013-08,2014-07,12,2102830949,528,55,4097252013,4088612616,0.002113038776574572,168092363,167737947,0.002112914855217585,1113.977171,2135.895272,1035.315016,0.0759789569206828,5,17,3
yellow,56,yellow-2013-09,2013-09,2014-08,12,2127850985,528,56,4141291831,4113407352,0.006778924773021119,169899132,168755165,0.006778856220489607,1245.940036,1738.446919,987.263951,0.2620130966374159,5,17,3
yellow,57,yellow-2013-10,2013-10,2014-09,12,2134864874,528,57,4152072252,4096750992,0.013503691122069545,170341414,168071822,0.013503703196601272,1230.332085,2114.974262,988.775523,0.24429868699328638,5,17,3
yellow,58,yellow-2013-11,2013-11,2014-10,12,2142277997,528,58,4165310982,4080010752,0.020906864021911283,170884547,167385040,0.020906928122130866,1185.068458,1846.59289,1054.158782,0.1241840206952809,5,17,3
yellow,59,yellow-2013-12,2013-12,2014-11,12,2144133748,528,59,4144884010,4053723168,0.022488176479247928,170046515,166306580,0.022488196197648944,1151.686831,2046.494841,1076.549599,0.06979449165165685,5,17,3
yellow,60,yellow-2014-01,2014-01,2014-12,12,2148246975,528,60,4122430901,4032784968,0.022229286637233864,169125357,165447579,0.02222926453339036,1234.719165,2061.522232,1051.050756,0.17474742104652452,5,17,3
yellow,61,yellow-2014-02,2014-02,2015-01,12,2151590644,544,61,4097746872,4007399256,0.02254519957419486,168112676,164406097,0.022545264851096123,1123.147088,2037.185555,968.730455,0.15940103070260125,5,17,3
yellow,62,yellow-2014-03,2014-03,2015-02,12,2161028038,544,62,4085663701,3992252568,0.023398102051142573,167616961,163784697,0.02339818108892066,1020.705789,2004.756256,1076.80751,0.0,5,17,3
yellow,63,yellow-2014-04,2014-04,2015-03,12,2153948805,544,63,4043488697,3941426160,0.025894824070483158,165886706,161699514,0.0258948953922026,1157.434285,1937.840604,930.746264,0.2435551232038038,5,17,3
yellow,64,yellow-2014-05,2014-05,2015-04,12,2151245168,544,64,4006755797,3903522840,0.02644610041528539,164379699,160144513,0.026446026283772833,1207.527661,1753.907272,1065.822811,0.1329534783244568,5,17,3
yellow,65,yellow-2014-06,2014-06,2015-05,12,2147038201,560,65,3966407941,3864123984,0.026470154017708143,162724405,158528142,0.026470145597240393,1037.486213,1606.86391,912.528097,0.13693618466193924,4,17,3
yellow,66,yellow-2014-07,2014-07,2015-06,12,2144965088,560,66,3924987210,3827850216,0.025376383222618763,161025096,157039999,0.02537631829709831,980.365504,1678.298102,1055.121734,0.0,4,17,3
yellow,67,yellow-2014-08,2014-08,2015-07,12,2140546018,560,67,3884108792,3790200576,0.02477658216682198,159348039,155495392,0.024776599167646074,973.41404,2025.962088,1005.335954,0.0,4,17,3
yellow,68,yellow-2014-09,2014-09,2015-08,12,2121594239,576,68,3818331308,3751794720,0.017734602494456308,156649468,153919772,0.017734537704486724,798.597896,1874.106008,1012.70827,0.0,4,17,3
yellow,69,yellow-2014-10,2014-10,2015-09,12,2094142395,576,69,3737153329,3698017920,0.01058280674854058,153319101,151713544,0.01058281915818933,969.386782,1443.112986,930.313406,0.04200022889920607,4,17,3
yellow,70,yellow-2014-11,2014-11,2015-10,12,2069579163,576,70,3664541696,3649013544,0.004255438302094721,150340156,149703103,0.004255442854781707,927.067038,1898.688467,979.678141,0.0,4,17,3
yellow,71,yellow-2014-12,2014-12,2015-11,12,2046156828,576,71,3618392359,3600147648,0.005067767431742844,148446855,147698352,0.00506778166353542,924.078807,2040.240067,990.021258,0.0,4,17,3
yellow,72,yellow-2015-01,2015-01,2015-12,12,2027058112,576,72,3579554686,3559706664,0.005575746507634147,146853514,146039231,0.0055757825785867085,963.021891,2045.8873,972.581648,0.0,4,16,3
yellow,73,yellow-2015-02,2015-02,2016-01,12,2002983432,576,73,3531594153,3514955112,0.0047337847767086935,144885898,144203263,0.004733838789764418,925.698785,1679.342732,1018.297916,0.0,4,16,3
yellow,74,yellow-2015-03,2015-03,2016-02,12,1989457430,576,74,3500386866,3488947416,0.00327876824613054,143605602,143136281,0.0032788402543447387,879.904774,1818.735336,757.572895,0.1614786904433796,4,16,2
yellow,75,yellow-2015-04,2015-04,2016-03,12,1974121835,576,75,3466745531,3461180976,0.001607704144505849,142225441,141997154,0.0016076871512509328,899.448169,1992.072918,646.468903,0.39132472548335406,4,16,2
yellow,76,yellow-2015-05,2015-05,2016-04,12,1959183447,576,76,3438092279,3433496832,0.0013384159720698412,141049917,140861392,0.0013383724051229027,888.481674,1951.840853,699.057242,0.2709712747672244,4,15,2
yellow,77,yellow-2015-06,2015-06,2016-05,12,1942503262,576,77,3406603044,3401184672,0.0015930837406761076,139758051,139535764,0.0015930467833321928,755.485166,1992.01143,738.935082,0.02239720971862047,4,15,2
yellow,78,yellow-2015-07,2015-07,2016-06,12,1927031247,592,78,3378618165,3372098136,0.0019335229097852092,138609962,138342473,0.0019335276737462977,946.313506,1924.642169,666.678179,0.4194457473011126,4,15,2
yellow,79,yellow-2015-08,2015-08,2016-07,12,1910962829,592,79,3348989514,3341249448,0.002316518452291264,137394426,137076887,0.0023165028543433437,858.01989,1816.952046,677.405212,0.26662723404023647,4,15,2
yellow,80,yellow-2015-09,2015-09,2016-08,12,1896597765,592,80,3320807421,3312466056,0.002518173728872167,136238236,135896027,0.00251816780486158,883.629561,1958.267749,744.875935,0.18627749868170995,4,15,2
yellow,81,yellow-2015-10,2015-10,2016-09,12,1882044770,592,81,3293376623,3285601992,0.0023662729140444226,135112873,134793923,0.002366204595143358,856.692722,1507.883741,663.363048,0.29143871456644654,4,15,2
yellow,82,yellow-2015-11,2015-11,2016-10,12,1863532691,592,82,3258319566,3250192512,0.0025004838851834755,133674636,133341216,0.0025005021703116913,874.774536,1939.284158,745.713849,0.1730699881369644,4,15,2
yellow,83,yellow-2015-12,2015-12,2016-11,12,1847012618,592,83,3225864079,3220866624,0.0015515870675183849,132343126,132138104,0.0015515736475225949,862.890304,1842.740048,711.276493,0.21315734808067122,4,15,2
yellow,84,yellow-2016-01,2016-01,2016-12,12,1833064644,592,84,3200094356,3196338168,0.0011751535045962634,131285918,131131805,0.0011752526398915962,882.733129,1871.966224,734.205775,0.2022966299876896,4,15,2
yellow,85,yellow-2016-02,2016-02,2017-01,12,1816643566,592,85,3168413060,3167228112,0.00037412777296035824,129986162,129937558,0.0003740565910896986,970.235287,1906.198375,629.62228,0.540979914179657,4,15,2
yellow,86,yellow-2016-03,2016-03,2017-02,12,1786173620,592,86,3114774063,3113465880,0.0004201693708620311,127785589,127731921,0.00042016122187655815,938.542489,2087.713223,695.527648,0.3493963779855378,4,14,2
yellow,87,yellow-2016-04,2016-04,2017-03,12,1760731970,592,87,3070210763,3066949104,0.0010634865103389078,125957348,125823538,0.0010634735131990964,942.89463,1756.417544,620.37672,0.5198742950896031,4,14,2
yellow,88,yellow-2016-05,2016-05,2017-04,12,1736528172,592,88,3027550889,3021103032,0.0021342724599933472,124207211,123942677,0.0021343253704291056,954.894604,1634.02654,635.618818,0.502307006901737,4,14,2
yellow,89,yellow-2016-06,2016-06,2017-05,12,1713099977,592,89,2986091759,2978936328,0.0024020087078544636,122506317,122212755,0.0024020569702401357,777.471854,1930.450084,693.832085,0.12054756591430915,3,14,2
yellow,90,yellow-2016-07,2016-07,2017-06,12,1692293329,592,90,2947738553,2942991528,0.0016129930904782409,120932849,120738103,0.001612962231152497,767.242381,1972.767063,604.70114,0.2687959890401397,3,13,2
yellow,91,yellow-2016-08,2016-08,2017-07,12,1668513751,592,91,2902775799,2901417720,0.00046807427646095717,119088227,119032509,0.000468090612120089,873.564986,1833.350049,630.546837,0.3854085608552502,3,13,2
yellow,92,yellow-2016-09,2016-09,2017-08,12,1647260378,592,92,2864676740,2864365224,0.00010875568429258378,117525189,117512399,0.00010883957870692436,749.063753,1726.156059,699.703575,0.070544413039479,3,13,2
yellow,93,yellow-2016-10,2016-10,2017-09,12,1632311100,592,93,2838464081,2835831792,0.000928224659666274,116449796,116341802,0.0009282476130118735,844.284782,1526.20453,611.200837,0.38135409981449353,3,13,2
yellow,94,yellow-2016-11,2016-11,2017-10,12,1616474222,592,94,2810924962,2809361664,0.0005564602165796479,115319986,115255848,0.000556483693564946,732.943215,1921.910079,611.039842,0.1995015130289981,3,13,2
yellow,95,yellow-2016-12,2016-12,2017-11,12,1606387995,592,95,2793293623,2789439432,0.0013817080793314031,114596642,114438523,0.001381693820008495,759.875688,1904.479531,627.78329,0.21041082186179239,3,13,2
yellow,96,yellow-2017-01,2017-01,2017-12,12,1594686176,592,96,2771494991,2766570792,0.001779892643354416,113702344,113500327,0.0017798803346178906,842.006523,1923.881278,640.564914,0.31447493391747017,3,13,2
yellow,97,yellow-2017-02,2017-02,2018-01,12,1583524684,592,97,2751074622,2743411248,0.0027933741270422903,112864585,112550194,0.0027933403650996814,827.781927,1945.955463,611.081678,0.35461748699328544,3,13,2
yellow,98,yellow-2017-03,2017-03,2018-02,12,1575336176,592,98,2735518979,2726910480,0.003156868941293592,112226402,111873238,0.0031568229034364768,849.088613,1847.995481,608.531521,0.39530752918877976,3,13,2
yellow,99,yellow-2017-04,2017-04,2018-03,12,1564309968,592,99,2713872066,2705846736,0.0029659218658717114,111338328,111009086,0.002965901367749303,769.410443,1813.170978,609.027677,0.26334232754417153,3,13,2
yellow,100,yellow-2017-05,2017-05,2018-04,12,1554570488,592,100,2693248931,2687786856,0.0020321830906371544,110492253,110268167,0.002032191212537341,746.002947,1854.2455,701.804669,0.06297803356449316,3,13,2
yellow,101,yellow-2017-06,2017-06,2018-05,12,1543041695,592,101,2671008660,2666401824,0.001727735091738371,109579830,109390828,0.0017277682549399845,749.962801,1610.285269,714.633367,0.04943714585887782,3,13,2
yellow,102,yellow-2017-07,2017-07,2018-06,12,1531748956,592,102,2649524709,2643432528,0.002304647815092635,108698439,108448502,0.0023046606950827223,728.437619,1975.328231,589.62006,0.235435610857609,3,12,2
yellow,103,yellow-2017-08,2017-08,2018-07,12,1523151866,592,103,2633465383,2625459816,0.0030492056862621584,108039594,107711159,0.003049219812034517,836.907223,2030.560399,614.276556,0.362427419417908,3,12,2
yellow,104,yellow-2017-09,2017-09,2018-08,12,1515956039,592,104,2619597358,2611636368,0.0030482765891702425,107470645,107144046,0.0030482235102452637,831.50182,1931.856032,631.10685,0.31752938507956285,3,12,2
yellow,105,yellow-2017-10,2017-10,2018-09,12,1504562130,592,105,2596514565,2589788520,0.002597140634479297,106523663,106247719,0.0025971757567802467,761.14693,1732.500804,732.404133,0.03924444948483097,3,12,2
yellow,106,yellow-2017-11,2017-11,2018-10,12,1494719222,592,106,2576450413,2567018472,0.0036742785854016248,105700517,105313567,0.0036742654438815087,736.60589,1396.878128,686.682143,0.07270284732014654,3,12,2
yellow,107,yellow-2017-12,2017-12,2018-11,12,1480827132,592,107,2551117508,2539490616,0.004578434717082649,104661221,104184213,0.004578505574544197,843.557094,1751.458583,600.242786,0.4053598205176929,3,12,2
yellow,108,yellow-2018-01,2018-01,2018-12,12,1464416766,592,108,2520686686,2507490312,0.005262781649383297,103412772,102871387,0.005262736469179715,761.469997,1500.408704,696.40295,0.09343304332642477,3,12,2
yellow,109,yellow-2018-02,2018-02,2019-01,12,1451187883,592,109,2492258109,2481553656,0.004313609328622956,102246476,101807317,0.0043136290488826065,835.264031,1771.614118,595.582672,0.40243171984023074,3,12,2
yellow,110,yellow-2018-03,2018-03,2019-02,12,1435088623,592,110,2461053024,2446369440,0.006002194010402615,100966261,100363868,0.006002090314016196,832.71359,1828.140203,602.341068,0.3824619210589839,3,12,2
yellow,111,yellow-2018-04,2018-04,2019-03,12,1417553989,592,111,2427248155,2408230824,0.007896805742405031,99579401,98799199,0.007896845398513808,831.128602,1638.924501,620.284483,0.3399151917846701,3,12,2
yellow,112,yellow-2018-05,2018-05,2019-04,12,1396083412,592,112,2387324161,2363618208,0.010029518692893738,97941492,96968932,0.01002960412103951,824.812566,1599.871528,604.446535,0.36457489329473924,3,12,2
yellow,113,yellow-2018-06,2018-06,2019-05,12,1376712072,608,113,2346855997,2323975992,0.009845198521310715,96281265,95342589,0.009845295893947248,868.215658,1639.845132,695.631695,0.24809675039318035,3,12,2
yellow,114,yellow-2018-07,2018-07,2019-06,12,1355426054,608,114,2302683939,2281487664,0.009290549904985153,94469071,93599482,0.009290532184782818,828.965222,1392.524946,747.822049,0.10850599164400943,3,12,2
yellow,115,yellow-2018-08,2018-08,2019-07,12,1337058952,608,115,2263687726,2243932560,0.008803814496100543,92869221,92058758,0.008803757704400053,834.535605,2044.595062,585.766009,0.42469107489642677,3,12,2
yellow,116,yellow-2018-09,2018-09,2019-08,12,1315632089,608,116,2220869165,2200504200,0.00925468126804757,91112566,90277075,0.009254741583065247,790.444412,1878.262587,617.450095,0.28017538324291613,3,12,2
yellow,117,yellow-2018-10,2018-10,2019-09,12,1297237027,608,117,2183542411,2164397208,0.00884551270406185,89581216,88795769,0.008845545332233116,791.721027,1708.038854,617.076558,0.2830191274256768,3,12,2
yellow,118,yellow-2018-11,2018-11,2019-10,12,1276630798,608,118,2142518406,2124894432,0.008294046863971453,87898178,87175140,0.008294084758567638,793.022272,1485.084588,584.46377,0.35683734853231375,3,12,2
yellow,119,yellow-2018-12,2018-12,2019-11,12,1260333165,608,119,2108012146,2093759280,0.006807308813456339,86482530,85897802,0.006807252180911451,797.000824,1698.616044,673.341142,0.18365086326479063,3,12,2
yellow,120,yellow-2019-01,2019-01,2019-12,12,1243532931,608,120,2074793695,2062087392,0.006161864453124012,85119728,84598444,0.006161862740643315,781.986892,1973.087183,675.141522,0.15825625667858123,3,12,2
yellow,121,yellow-2019-02,2019-02,2020-01,12,1226656155,608,121,2041713891,2030604552,0.005470951490312625,83762606,83306835,0.005470991665929932,780.91281,1819.844058,584.42608,0.33620458895332006,3,12,2
yellow,122,yellow-2019-03,2019-03,2020-02,12,1215435011,624,122,2019171124,2012323200,0.0034029941114826884,82837776,82556832,0.0034030375584179393,779.777847,1800.863334,663.005321,0.17612607667141167,3,12,2
yellow,123,yellow-2019-04,2019-04,2020-03,12,1143860229,624,123,1896805221,1893886536,0.0015411086907901224,77817638,77697899,0.0015410841417989951,577.242501,1650.872164,649.657545,0.0,2,12,2
yellow,124,yellow-2019-05,2019-05,2020-04,12,1038163712,624,124,1718885076,1717463208,0.0008278884772476593,70518353,70460023,0.0008278453159176516,575.026833,1633.682756,657.433849,0.0,2,11,2
yellow,125,yellow-2019-06,2019-06,2020-05,12,932914633,624,125,1544624437,1540743768,0.0025186984887418345,63369199,63209993,0.0025186840314948304,479.891971,1393.591585,558.522856,0.0,2,10,1
yellow,126,yellow-2019-07,2019-07,2020-06,12,839516647,624,126,1389937603,1384213392,0.004135352997653992,57023069,56788230,0.004135346356102312,542.106089,1441.865923,573.877222,0.0,2,9,1
yellow,127,yellow-2019-08,2019-08,2020-07,12,759027082,624,127,1255679689,1249906920,0.004618559116386043,51515060,51278223,0.004618666290366575,550.046701,1015.032859,556.113405,0.0,2,8,1
yellow,128,yellow-2019-09,2019-09,2020-08,12,685628870,624,128,1132341986,1126421376,0.005256123619585855,46455050,46212152,0.005256149940820761,540.840774,1041.396938,560.995885,0.0,2,7,1
yellow,129,yellow-2019-10,2019-10,2020-09,12,609900483,624,129,1005617243,999018744,0.006604980176428001,41256084,40985381,0.006604867233026332,476.601707,1222.512235,466.782388,0.02103618142507968,2,7,1
yellow,130,yellow-2019-11,2019-11,2020-10,12,529913986,624,130,872621246,864157776,0.009793894396432534,35799839,35452622,0.009793831327905733,457.00551,899.946398,457.851241,0.0,1,6,1
yellow,131,yellow-2019-12,2019-12,2020-11,12,452624371,624,131,743617705,733285608,0.014090140168140324,30507388,30083511,0.01409001096979671,462.581798,948.138206,468.796957,0.0,1,5,1
yellow,132,yellow-2020-01,2020-01,2020-12,12,374599630,624,132,613595271,600821664,0.02126023039009459,25173137,24649092,0.021260215183585666,459.196252,660.312572,433.498933,0.059278851789007714,1,4,1
yellow,133,yellow-2020-02,2020-02,2021-01,12,302722839,624,133,493665580,478087800,0.0325835129028601,20252944,19613853,0.032583654012294266,441.576177,592.119532,432.108053,0.021911473147203653,1,3,1
yellow,134,yellow-2020-03,2020-03,2021-02,12,232365216,640,134,376449170,357976008,0.05160446953752275,15444068,14686195,0.0516044489399739,423.787983,627.147562,411.626321,0.029545394401540248,1,3,1
yellow,135,yellow-2020-04,2020-04,2021-03,12,217930478,640,135,349539460,331589280,0.05413377658047329,14340079,13603660,0.054133887497923354,409.128106,660.505493,410.783934,0.0,1,3,1
yellow,136,yellow-2020-05,2020-05,2021-04,12,247506418,656,136,390884940,378709008,0.032151154957475954,16036301,15536774,0.03215126898286607,420.862873,685.476274,416.661731,0.010082860237529134,1,3,1
yellow,137,yellow-2020-06,2020-06,2021-05,12,280020236,672,137,431392133,431327136,0.00015069072769861622,17698139,17695468,0.00015094260293087473,433.351843,588.118631,415.109132,0.043946783131718625,1,3,1
yellow,138,yellow-2020-07,2020-07,2021-06,12,314586470,672,138,484570983,487011048,0.00501028674815607,19879830,19979935,0.005010276559958778,438.316969,579.42447,430.692093,0.017703775211865835,1,3,1
yellow,139,yellow-2020-08,2020-08,2021-07,12,344896382,672,139,531338692,536281080,0.009216040215328873,21798510,22001269,0.009215786598491205,456.680593,785.875439,440.944487,0.03568727235272129,1,4,1
yellow,140,yellow-2020-09,2020-09,2021-08,12,371720826,656,140,575460696,579704352,0.0073203797510907765,23608638,23782740,0.00732051899823149,442.855046,636.754074,450.629231,0.0,1,4,1
yellow,141,yellow-2020-10,2020-10,2021-09,12,396464771,656,141,616465022,619259616,0.004512798716071935,25290866,25405516,0.004512799503855777,463.637751,710.785685,447.525933,0.0360019762251409,1,4,1
yellow,142,yellow-2020-11,2020-11,2021-10,12,423444359,656,142,658415716,662704896,0.006472232249812743,27011919,27187888,0.00647233062016439,454.3525,1008.35605,452.266937,0.00461135411275948,1,5,1
yellow,143,yellow-2020-12,2020-12,2021-11,12,452961713,656,143,706400766,710576184,0.005876101808669681,28980541,29151837,0.005875993337915549,450.834986,777.232625,455.362481,0.0,1,5,1
yellow,144,yellow-2021-01,2021-01,2021-12,12,479580729,656,144,749082894,753292512,0.00558829131172885,30731598,30904308,0.005588541248035711,465.306702,844.431875,461.056515,0.00921836447750879,1,5,1
yellow,145,yellow-2021-02,2021-02,2022-01,12,496034611,656,145,776311122,779962896,0.004681984256851111,31848655,31998470,0.00468194260538082,460.164677,839.311098,454.202241,0.013127271206043956,1,5,1
yellow,146,yellow-2021-03,2021-03,2022-02,12,519873865,656,146,815543514,819151104,0.004404059254005474,33458188,33606192,0.004404069345315887,451.748944,700.9139,464.235806,0.0,1,6,1
yellow,147,yellow-2021-04,2021-04,2022-03,12,545548382,656,147,856909976,860655024,0.0043513927131853935,35155281,35308922,0.004351336469575594,452.315027,928.067366,481.164117,0.0,1,6,1
yellow,148,yellow-2021-05,2021-05,2022-04,12,566752514,656,148,891159452,895480488,0.004825382638599714,36560379,36737655,0.0048254576945643375,464.035244,740.933168,450.17572,0.03078692027193286,1,6,1
yellow,149,yellow-2021-06,2021-06,2022-05,12,583567653,656,149,919511673,921834264,0.0025195320793586816,37723548,37818841,0.002519722907425957,451.852446,688.922126,468.656959,0.0,1,6,1
yellow,150,yellow-2021-07,2021-07,2022-06,12,594861245,656,150,938450807,939478392,0.001093782474136989,38500544,38542701,0.0010937738898994132,481.061632,832.236312,471.830595,0.019564303582305653,1,6,1
yellow,151,yellow-2021-08,2021-08,2022-07,12,600531267,656,151,948433191,948074232,0.0003786190868649197,38910077,38895349,0.0003786570985646639,473.418068,993.081159,497.830146,0.0,1,6,1
yellow,152,yellow-2021-09,2021-09,2022-08,12,606822519,656,152,958006394,956944824,0.0011093325063013246,39302822,39259269,0.0011093685926755283,463.836547,936.929971,471.298601,0.0,1,6,1
yellow,153,yellow-2021-10,2021-10,2022-09,12,610316593,656,153,963522579,962306568,0.0012636420039481638,39529127,39479243,0.0012635500635105896,460.015936,722.56095,469.966783,0.0,1,6,1
yellow,154,yellow-2021-11,2021-11,2022-10,12,614092067,656,154,968408730,967471824,0.000968406496973084,39729583,39691150,0.0009683014979409767,476.98067,944.128611,473.832676,0.00664368280080363,1,6,1
yellow,155,yellow-2021-12,2021-12,2022-11,12,611097976,656,155,963687119,962103696,0.0016457924510457343,39535876,39470918,0.0016457179941951185,471.119437,1056.590648,466.817862,0.009214675251650872,1,6,1
yellow,156,yellow-2022-01,2022-01,2022-12,12,615099663,656,156,969848194,966617520,0.0033422464761449803,39788643,39656098,0.003342361116819915,459.320379,961.63405,464.949031,0.0,1,6,1
yellow,157,yellow-2022-02,2022-02,2023-01,12,624633084,656,157,984078677,981311544,0.002819831293047542,40372457,40258933,0.0028198462189745564,455.360924,997.039653,456.274422,0.0,1,6,1
yellow,158,yellow-2022-03,2022-03,2023-02,12,626764584,656,158,986768974,979715544,0.007199467277207965,40482827,40193457,0.007199430494371261,462.125685,1016.193068,460.591751,0.003330354911197597,1,6,1
yellow,159,yellow-2022-04,2022-04,2023-03,12,627209977,656,159,985648650,974252856,0.01169695724248408,40436862,39969341,0.011696990450755743,480.349323,838.839658,466.312978,0.030100695589047044,1,6,1
yellow,160,yellow-2022-05,2022-05,2023-04,12,626209984,656,160,983788887,966655848,0.0177240318107505,40360568,39657671,0.017724111937889645,474.539159,947.901461,464.461766,0.0216969269328402,1,6,1
yellow,161,yellow-2022-06,2022-06,2023-05,12,629305790,656,161,983687783,964836312,0.019538517327279036,40356421,39583025,0.019538577458392836,479.247919,1102.910106,461.829838,0.03771536519907581,1,6,1
yellow,162,yellow-2022-07,2022-07,2023-06,12,628940071,656,162,976940232,958720872,0.019003821166417665,40079592,39332135,0.01900372303715524,469.16258,753.732407,469.412527,0.0,1,6,1
yellow,163,yellow-2022-08,2022-08,2023-07,12,627934187,656,163,969317433,952205784,0.01797053671331196,39766864,39064849,0.017970503354563076,475.288579,903.457758,476.926643,0.0,1,6,1
yellow,164,yellow-2022-09,2022-09,2023-08,12,626369381,672,164,960334281,944199288,0.017088546035844924,39398326,38736381,0.01708845748909791,456.634573,792.403714,468.961167,0.0,1,6,1
yellow,165,yellow-2022-10,2022-10,2023-09,12,624644939,672,165,952173614,935983872,0.017297030947131534,39063530,38399336,0.01729701784426689,465.160274,785.750355,465.351126,0.0,1,6,1
yellow,166,yellow-2022-11,2022-11,2023-10,12,626592060,672,166,950170569,932251440,0.019221347622697154,38981353,38246210,0.019221329381394914,451.288382,800.154039,459.620469,0.0,1,6,1
yellow,167,yellow-2022-12,2022-12,2023-11,12,632580082,672,167,953561399,934372032,0.020537180419372827,39120468,38333208,0.020537284539295538,451.920591,826.105268,469.719683,0.0,1,6,1
yellow,168,yellow-2023-01,2023-01,2023-12,12,635743618,688,168,952614415,933811824,0.02013531047343003,39081615,38310226,0.02013532888059705,461.657081,659.60556,472.040229,0.0,1,6,1
yellow,169,yellow-2023-02,2023-02,2024-01,12,638031889,688,169,949271760,931322208,0.019273192291362175,38944479,38208084,0.01927327735146311,373.910548,607.043283,377.215077,0.0,1,6,1
yellow,170,yellow-2023-03,2023-03,2024-02,12,640633161,688,170,946267082,933602856,0.013564896378166179,38821210,38301655,0.013564818543741778,363.161537,657.496331,364.23662,0.0,1,6,1
yellow,171,yellow-2023-04,2023-04,2024-03,12,644583679,704,171,946796545,937962744,0.009418072366422264,38842932,38480517,0.009418142692833363,376.483373,616.005364,361.948344,0.040157744166940956,1,6,1
yellow,172,yellow-2023-05,2023-05,2024-04,12,649494605,704,172,948054102,943472352,0.004856263132976259,38894521,38706556,0.00485615408407816,367.012153,550.211034,369.645487,0.0,1,6,1
yellow,173,yellow-2023-06,2023-06,2024-05,12,653393106,704,173,952198086,948595680,0.0037976200777131938,39064536,38916740,0.0037977487322936095,385.512695,642.774309,366.729697,0.05121755383775217,1,6,1
yellow,174,yellow-2023-07,2023-07,2024-06,12,658253563,704,174,957854408,954249672,0.003777560638239339,39296585,39148699,0.003777545711033718,377.448463,623.720271,450.714373,0.0,1,6,1
yellow,175,yellow-2023-08,2023-08,2024-07,12,662191167,704,175,961915700,958388304,0.003680549924574205,39463206,39318494,0.003680507193383348,368.231772,591.241258,387.172382,0.0,1,6,1
yellow,176,yellow-2023-09,2023-09,2024-08,12,665106164,704,176,965600690,962165856,0.0035698980363734712,39614381,39473468,0.003569815553069723,387.711318,546.8975,366.313935,0.05841269183494213,1,6,1
yellow,177,yellow-2023-10,2023-10,2024-09,12,678380835,704,177,983427551,981332160,0.0021352515339963995,40345740,40259776,0.002135232943173852,374.733731,624.747657,371.73955,0.008054512897538002,1,6,1
yellow,178,yellow-2023-11,2023-11,2024-10,12,683717847,704,178,989543836,988924560,0.0006262115686559549,40596670,40571262,0.0006262560923049424,390.828154,594.633939,379.173623,0.030736660709123065,1,6,1
yellow,179,yellow-2023-12,2023-12,2024-11,12,688281903,704,179,995692691,996399264,0.0007091263768737589,40848928,40877916,0.0007091359549738299,382.55961,625.569419,371.195436,0.030615069308125964,1,6,1
yellow,180,yellow-2024-01,2024-01,2024-12,12,693001713,704,180,1002980362,1003512192,0.0005299686483530038,41147912,41169720,0.0005297096992644109,366.173103,642.005163,376.650485,0.0,2,6,1
yellow,181,yellow-2024-02,2024-02,2025-01,12,702198310,704,181,1016545512,1015958064,0.0005782207167952555,41704429,41680322,0.0005783784491876047,376.520142,603.818366,388.079076,0.0,2,6,1
yellow,182,yellow-2024-03,2024-03,2025-02,12,712192112,704,182,1030754598,1029852168,0.0008762713989839365,42287368,42250339,0.0008764190034072863,355.287157,562.005691,382.602183,0.0,2,6,1
yellow,183,yellow-2024-04,2024-04,2025-03,12,722078577,704,183,1044721331,1043566272,0.001106838186506664,42860353,42812968,0.0011067908209493908,366.710241,713.683632,389.231104,0.0,2,7,1
yellow,184,yellow-2024-05,2024-05,2025-04,12,730297776,704,184,1056434169,1054687680,0.0016559300284990528,43340884,43269232,0.0016559572862305484,383.938143,744.646927,386.232806,0.0,2,7,1
yellow,185,yellow-2024-06,2024-06,2025-05,12,745582513,704,185,1078135737,1075845408,0.0021288644102294666,44231203,44137244,0.002128791729723768,383.576347,696.815493,444.662597,0.0,2,8,1
yellow,186,yellow-2024-07,2024-07,2025-06,12,759265545,704,186,1097309821,1094949960,0.00215522269163789,45017831,44921011,0.0021553388457797623,360.838568,788.449799,467.620197,0.0,2,8,1
yellow,187,yellow-2024-08,2024-08,2025-07,12,773909841,704,187,1117671725,1114987560,0.002407349728637331,45853192,45743071,0.0024073809998458565,363.369957,881.001441,459.885375,0.0,2,9,1
yellow,188,yellow-2024-09,2024-09,2025-08,12,785136234,704,188,1132919827,1129488264,0.0030381572871305195,46478758,46337979,0.003038091065646173,382.757949,882.486398,460.816835,0.0,2,9,1
yellow,189,yellow-2024-10,2024-10,2025-09,12,796398993,704,189,1148500747,1144551648,0.003450345824848264,47117966,46955964,0.0034500835719185746,369.420612,899.649707,465.214511,0.0,2,9,1
yellow,190,yellow-2024-11,2024-11,2025-10,12,807320511,704,190,1163122988,1159053024,0.003511456262763696,47717857,47550892,0.0035112905978714345,409.851924,849.095249,457.463172,0.0,2,9,1
yellow,191,yellow-2024-12,2024-12,2025-11,12,817796057,704,191,1176472323,1172095464,0.003734217164413495,48265530,48085967,0.0037342079447003737,372.935149,836.449859,476.289516,0.0,2,10,1
yellow,192,yellow-2025-01,2025-01,2025-12,12,829973299,720,192,1192803250,1187613552,0.004369854142587285,48935517,48722602,0.004369943132347488,383.114251,891.231191,483.026775,0.0,2,10,1
yellow,193,yellow-2025-02,2025-02,2026-01,12,834980141,720,193,1198763371,1193699160,0.004242451674339789,49180034,48972265,0.004242585063198526,376.761479,1065.00214,567.014187,0.0,2,11,1
yellow,194,yellow-2025-03,2025-03,2026-02,12,833320408,720,194,1194345536,1189368288,0.004184782838265821,48998790,48794588,0.004184931328859668,358.930413,1035.558804,469.416326,0.0,2,11,1
yellow,195,yellow-2025-04,2025-04,2026-03,12,831246912,720,195,1189435972,1184668752,0.0040240953363138935,48797368,48601782,0.0040242557361374115,372.641406,990.105383,470.959491,0.0,2,11,1
yellow,196,yellow-2025-05,2025-05,2026-04,12,828712203,720,196,1184738429,1181273016,0.0029336258028939857,48604645,48462469,0.0029337341438381934,401.610466,864.108935,477.657712,0.0,2,10,1
yellow,197,yellow-2025-06,2025-06,2026-05,12,820573512,720,197,1171175101,1169060832,0.0018085192336680731,48048201,47961460,0.0018085562866518242,372.246669,812.71718,485.303975,0.0,2,10,1
green,0,green-2014-01,2014-01,2014-12,12,237956685,128,0,,386027544,,,15837009,,775.637327,813.830571,503.108507,0.5416899460219227,3,3,1
green,1,green-2014-02,2014-02,2015-01,12,248275674,624,1,402767624,403202544,0.001078663829065523,16523781,16541642,0.0010797597965183869,475.650017,770.33503,468.627484,0.014985320408565705,1,3,1
green,2,green-2014-03,2014-03,2015-02,12,256633945,624,2,416776472,417086352,0.0007429636537231983,17098521,17111230,0.0007427286057168304,478.476329,750.827742,480.296694,0.0,1,3,1
green,3,green-2014-04,2014-04,2015-03,12,263087118,624,3,427256499,427545720,0.0006764680044043009,17528471,17540333,0.0006762699431076936,557.477563,649.306819,457.023515,0.21980061135366324,1,3,1
green,4,green-2014-05,2014-05,2015-04,12,268567921,624,4,436452632,436204704,0.0005683753470022185,17905745,17895572,0.0005684646458911735,463.438104,725.174813,464.796695,0.0,1,3,1
green,5,green-2014-06,2014-06,2015-05,12,273985599,624,5,445004030,445109880,0.00023780644905028843,18256570,18260917,0.00023804938163839197,464.428354,695.33221,453.44885,0.024213324170962114,1,3,1
green,6,green-2014-07,2014-07,2015-06,12,278495161,624,6,452435997,452449392,2.9605521052396507e-05,18561476,18562026,2.9630386252017965e-05,447.106513,703.966345,451.533081,0.0,1,3,1
green,7,green-2014-08,2014-08,2015-07,12,282672151,624,7,459221827,458974560,0.0005387379204633912,18839869,18829724,0.0005387758206121343,436.482444,618.005915,446.372562,0.0,1,3,1
green,8,green-2014-09,2014-09,2015-08,12,285686616,624,8,464119048,463542480,0.0012438299074552994,19040780,19017126,0.0012438262227425954,439.591635,625.03883,439.660737,0.0,1,3,1
green,9,green-2014-10,2014-10,2015-09,12,287852277,624,9,467475401,466785216,0.0014785922440182853,19178477,19150160,0.0014786821624466846,441.357467,595.354349,439.803389,0.0035335744081772535,1,3,1
green,10,green-2014-11,2014-11,2015-10,12,290206337,624,10,471207812,470179920,0.0021861673718435275,19331601,19289430,0.002186223232101726,453.286512,713.987363,432.14999,0.04891015269952925,1,3,1
green,11,green-2014-12,2014-12,2015-11,12,290315972,624,11,471053868,469737000,0.002803415528263688,19325286,19271255,0.0028037094626167315,449.442981,613.552806,439.573355,0.02245273942957704,1,3,1
green,12,green-2015-01,2015-01,2015-12,12,290237111,624,12,470652496,468823032,0.0039022485567645915,19308818,19233765,0.003902148123365342,437.964836,607.959276,486.758911,0.0,1,3,1
green,13,green-2015-02,2015-02,2016-01,12,289593238,640,13,469186603,467282592,0.0040746456910596834,19248679,19170564,0.0040747366639812994,428.180102,609.180036,438.275111,0.0,1,3,1
green,14,green-2015-03,2015-03,2016-02,12,288768980,640,14,467233936,465720000,0.003250742935669501,19168565,19106456,0.0032506813403804452,443.314591,614.573711,431.788367,0.026694151303988223,1,3,1
green,15,green-2015-04,2015-04,2016-03,12,286656585,640,15,463039371,462156744,0.0019098001088565745,18996487,18960275,0.0019098879103810467,435.797381,594.768029,431.36268,0.010280678430502954,1,3,1
green,16,green-2015-05,2015-05,2016-04,12,284970308,640,16,459823113,459220392,0.0013124874472037818,18864534,18839807,0.0013124869060495152,425.893442,741.719063,426.516009,0.0,1,3,1
green,17,green-2015-06,2015-06,2016-05,12,281757468,640,17,454411994,453129840,0.0028295510178716105,18642538,18589938,0.0028294876507925955,426.937738,594.88581,428.823249,0.0,1,3,1
green,18,green-2015-07,2015-07,2016-06,12,278536728,640,18,449065656,447422712,0.003672017436611488,18423205,18355797,0.0036723003637488473,422.615632,713.275342,439.146392,0.0,1,3,1
green,19,green-2015-08,2015-08,2016-07,12,275671472,640,19,444235620,442324320,0.004321037559047171,18225047,18146636,0.00432096615593105,428.079748,593.389865,421.945571,0.01453783952622656,1,3,1
green,20,green-2015-09,2015-09,2016-08,12,271670354,640,20,436907475,435385536,0.0034956122198786135,17924405,17861968,0.0034955274805105463,442.822199,723.275937,432.123098,0.024759382336928315,1,3,1
green,21,green-2015-10,2015-10,2016-09,12,266989468,640,21,428873968,427279632,0.0037313643820026505,17594823,17529414,0.003731385430226019,432.846921,595.156958,432.104682,0.001717729594052253,1,3,1
green,22,green-2015-11,2015-11,2016-10,12,261660593,640,22,419843385,418066608,0.00424998544729504,17224341,17151450,0.004249844765311388,428.342669,599.74754,430.41403,0.0,1,3,1
green,23,green-2015-12,2015-12,2016-11,12,256234791,640,23,410648126,408761088,0.004616481498356321,16847100,16769680,0.004616665315020919,428.970497,589.279222,434.580299,0.0,1,3,1
green,24,green-2016-01,2016-01,2016-12,12,250655443,640,24,401139289,399397752,0.0043604076169161815,16456990,16385541,0.004360490752182061,417.243506,596.876401,421.458179,0.0,1,3,1
green,25,green-2016-02,2016-02,2017-01,12,245188109,640,25,391747798,390239376,0.003865376209498654,16071704,16009814,0.0038657538432364047,418.056702,608.608682,421.268066,0.0,1,3,1
green,26,green-2016-03,2016-03,2017-02,12,238266409,640,26,380096849,378334392,0.004658463616492999,15593712,15521405,0.004658534456126877,427.906854,722.691169,434.712409,0.0,1,3,1
green,27,green-2016-04,2016-04,2017-03,12,232248084,640,27,370067219,368131752,0.005257538882437938,15182238,15102839,0.005257223492881041,421.183168,702.718516,420.476661,0.0016802525931398637,1,3,1
green,28,green-2016-05,2016-05,2017-04,12,225636907,640,28,359121844,356844216,0.006382695579406561,14733198,14639757,0.006382687909368988,427.2533,690.940329,427.655836,0.0,1,3,1
green,29,green-2016-06,2016-06,2017-05,12,218647534,640,29,347182308,345204696,0.005728809668336609,14243371,14162241,0.00572861314815925,422.889568,604.059454,418.551062,0.010365535758693145,1,3,1
green,30,green-2016-07,2016-07,2017-06,12,212457709,640,30,336762428,334765944,0.005963820501406798,13815893,13733981,0.005964184747306698,432.396419,675.879896,424.548879,0.018484420494724763,1,3,1
green,31,green-2016-08,2016-08,2017-07,12,206379537,640,31,326388732,324583824,0.005560683763464442,13390302,13316254,0.005560723008137273,437.590139,375.109042,428.93175,0.16656782429680828,1,2,1
green,32,green-2016-09,2016-09,2017-08,12,200851054,656,32,317107290,315314736,0.005684967416175564,13009527,12935986,0.005684993784006878,424.556064,476.738806,420.882459,0.008728339519609163,1,2,1
green,33,green-2016-10,2016-10,2017-09,12,196832747,656,33,310145961,308491896,0.005361777801774086,12723931,12656077,0.005361376989093856,424.395606,371.881078,429.978578,0.14121322946148918,1,2,1
green,34,green-2016-11,2016-11,2017-10,12,192161597,656,34,302222531,300525360,0.005647347032543277,12398868,12329242,0.005647224703676025,428.199261,502.421358,435.33141,0.0,1,2,1
green,35,green-2016-12,2016-12,2017-11,12,188221389,656,35,295487509,293845656,0.005587467319918454,12122561,12055201,0.00558762977075206,423.733834,476.658757,419.17491,0.01087594674977077,1,2,1
green,36,green-2017-01,2017-01,2017-12,12,183687081,656,36,287888965,286090824,0.006285210321880159,11810829,11737059,0.00628522017312855,409.011579,486.712456,423.949287,0.0,1,2,1
green,37,green-2017-02,2017-02,2018-01,12,179655017,656,37,280966070,279343440,0.005808727779682244,11526810,11460238,0.0058089544039137755,418.923515,379.852226,424.678843,0.10285918134911776,1,2,1
green,38,green-2017-03,2017-03,2018-02,12,176066067,656,38,274869127,273173616,0.006206715805233548,11276677,11207122,0.006206321301757935,414.783244,486.812728,419.910264,0.0,1,2,1
green,39,green-2017-04,2017-04,2018-03,12,171605370,656,39,267273678,265335096,0.0073061650314061736,10965074,10885541,0.007306297408645101,407.795902,485.204109,426.770515,0.0,1,2,1
green,40,green-2017-05,2017-05,2018-04,12,167613537,656,40,260620287,258474624,0.008301252040896672,10692109,10604080,0.008301427375123537,422.0732,373.656799,422.632829,0.12957452167222572,1,2,1
green,41,green-2017-06,2017-06,2018-05,12,163882072,656,41,254269656,252066072,0.008742088859939866,10431575,10341169,0.008742338511245682,487.300183,506.924611,439.292244,0.10928474075221795,1,2,1
green,42,green-2017-07,2017-07,2018-06,12,160517323,656,42,248190831,246266688,0.007813249187807325,10182187,10103248,0.007813229963275176,420.480205,528.189069,420.221151,0.0006164706354820915,1,2,1
green,43,green-2017-08,2017-08,2018-07,12,157234071,672,43,242468586,240650472,0.007554998687058465,9947422,9872839,0.007554362022919648,405.028929,360.894913,417.319442,0.12229049069472486,1,2,1
green,44,green-2017-09,2017-09,2018-08,12,154487987,672,44,237617084,235980456,0.006935438755148435,9748390,9681247,0.006935366900565599,416.323016,349.462688,427.428316,0.19132322361121412,1,2,1
green,45,green-2017-10,2017-10,2018-09,12,151698601,672,45,232736949,231095016,0.007105012597935042,9548182,9480815,0.007105612755865398,415.335839,359.540382,412.022126,0.15518550848065793,1,2,1
green,46,green-2017-11,2017-11,2018-10,12,149054699,672,46,228131749,226369872,0.0077831779663682455,9359250,9286966,0.007783381569395215,405.194979,369.861082,416.67343,0.0955328871286869,1,2,1
green,47,green-2017-12,2017-12,2018-11,12,146304468,672,47,223480128,221473344,0.009061063348553585,9168413,9086080,0.009061443438754667,407.142671,369.716289,415.616927,0.10123000558409267,1,2,1
green,48,green-2018-01,2018-01,2018-12,12,143866460,672,48,219163668,216930768,0.010293145691532333,8991324,8899718,0.010293135130798527,422.937733,352.856203,405.201999,0.19861215249771313,1,2,1
green,49,green-2018-02,2018-02,2019-01,12,142349667,672,49,216186917,213990120,0.010265880499529605,8869204,8779079,0.010265883243561199,409.772136,369.902029,406.115895,0.10778558611258648,1,2,1
green,50,green-2018-03,2018-03,2019-02,12,140405131,672,50,212543023,210246048,0.01092517563041185,8719708,8625476,0.010924846350508655,401.25482,361.811105,404.127715,0.10901742499031375,1,2,1
green,51,green-2018-04,2018-04,2019-03,12,137861817,672,51,207876595,205537272,0.011381502621091517,8528265,8432293,0.011381483067535723,398.197414,369.010958,410.73819,0.079093737915501,1,2,1
green,52,green-2018-05,2018-05,2019-04,12,134520376,688,52,202220574,199893744,0.011640334276794576,8296226,8200762,0.011640869470422383,395.432961,457.77019,411.613913,0.0,1,2,1
green,53,green-2018-06,2018-06,2019-05,12,130798495,688,53,195860838,193773072,0.010774283436039039,8035314,7949662,0.010774294554913152,411.411757,373.470726,505.36749,0.10159037471654475,1,2,1
green,54,green-2018-07,2018-07,2019-06,12,127416012,688,54,189963690,188110512,0.009851538759301235,7793377,7717354,0.009850915223015557,399.701201,474.400552,412.882417,0.0,1,2,1
green,55,green-2018-08,2018-08,2019-07,12,124169514,688,55,184512635,182903304,0.008798807702238119,7569743,7503723,0.00879829919094828,403.312062,480.996782,398.47473,0.012139620497390036,1,2,1
green,56,green-2018-09,2018-09,2019-08,12,120707947,688,56,178824303,177391752,0.008075634767956969,7336379,7277603,0.008076285557208877,395.05307,464.265942,398.519839,0.0,1,2,1
green,57,green-2018-10,2018-10,2019-09,12,117167770,688,57,172980529,171713136,0.007380873877930923,7096637,7044634,0.007381930700729094,394.900676,425.401423,396.332124,0.0,1,2,1
green,58,green-2018-11,2018-11,2019-10,12,113070778,688,58,166554722,165485280,0.006462459984356313,6833012,6789132,0.006463271004305116,402.425798,368.294151,405.839131,0.09267496349677296,1,2,1
green,59,green-2018-12,2018-12,2019-11,12,109562448,704,59,161012386,160030296,0.00613690047789451,6605630,6565345,0.0061360065617267635,413.913742,456.327921,397.570739,0.041107157536561134,1,2,1
green,60,green-2019-01,2019-01,2019-12,12,105302506,704,60,154324210,153586584,0.004802672087556814,6331243,6300985,0.004802106337342495,409.757501,425.075378,407.162521,0.006373327273901941,1,2,1
green,61,green-2019-02,2019-02,2020-01,12,101413824,704,61,148424689,148118448,0.002067541242398111,6089211,6076650,0.002067092888351312,400.561675,456.816334,411.243958,0.0,1,2,1
green,62,green-2019-03,2019-03,2020-02,12,97746427,704,62,142771451,142829952,0.00040958495876271104,5857290,5859688,0.00040923680578215085,400.81251,393.120253,424.462085,0.01956718571810634,1,2,1
green,63,green-2019-04,2019-04,2020-03,12,91005146,704,63,132979394,132603096,0.0028377768796589787,5455563,5440121,0.002838539804537436,391.796306,411.507268,382.193338,0.025125942933102774,1,2,1
green,64,green-2019-05,2019-05,2020-04,12,82305721,704,64,120218279,119630424,0.004913925574651479,4932032,4907913,0.004914308790722248,378.467204,392.189545,390.567741,0.0,1,1,1
green,65,green-2019-06,2019-06,2020-05,12,74337635,704,65,108572724,107733264,0.007792022341400516,4454262,4419822,0.007792169005901142,368.135001,371.016535,385.044515,0.0,1,1,1
green,66,green-2019-07,2019-07,2020-06,12,66994139,704,66,97616790,96931920,0.007065474407192182,4004787,3976694,0.007064410789464817,365.126495,373.22206,385.213861,0.0,1,1,1
green,67,green-2019-08,2019-08,2020-07,12,60381214,704,67,87763404,87218904,0.00624291266031043,3600549,3578209,0.006243346881079333,378.041373,375.308981,366.745584,0.03080006820204817,1,1,1
green,68,green-2019-09,2019-09,2020-08,12,54329470,704,68,78736580,78233496,0.006430544788641428,3230216,3209577,0.0064304423916298,370.281375,368.420918,368.882644,0.0050498137024892475,1,1,1
green,69,green-2019-10,2019-10,2020-09,12,48224195,704,69,69774220,69432312,0.004924335516870013,2862532,2848501,0.004925748665701715,367.124839,368.798004,379.526318,0.0,1,1,1
green,70,green-2019-11,2019-11,2020-10,12,42090335,704,70,60798262,60138888,0.010964186767138095,2494286,2467235,0.01096409543476807,375.811817,380.461172,384.142396,0.0,1,1,1
green,71,green-2019-12,2019-12,2020-11,12,36122347,704,71,52015554,51342048,0.013118019756438231,2133970,2106340,0.013117540378096603,379.30482,382.41753,376.660292,0.007020989618942819,1,1,1
green,72,green-2020-01,2020-01,2020-12,12,30057673,704,72,43276487,42270720,0.023793467440346414,1775443,1734176,0.023796315944863727,372.521548,371.611974,361.007106,0.03189533338437944,1,1,1
green,73,green-2020-02,2020-02,2021-01,12,24207894,720,73,34588364,33221280,0.04115085270645803,1419009,1362924,0.04115049701964306,352.809411,370.565767,367.389479,0.0,1,1,1
green,74,green-2020-03,2020-03,2021-02,12,18704178,720,74,26584950,25078656,0.060062788053713886,1090664,1028864,0.0600662478228415,333.81654,338.107737,333.944004,0.0,1,1,1
green,75,green-2020-04,2020-04,2021-03,12,16159125,736,75,22724908,21674184,0.04847813417104884,932300,889195,0.04847643092909879,311.323693,315.496652,312.528479,0.0,1,1,1
green,76,green-2020-05,2020-05,2021-04,12,16980516,752,76,23302914,22924512,0.016506436429268374,956017,940492,0.01650731744661305,311.824005,315.848191,317.3483,0.0,1,1,1
green,77,green-2020-06,2020-06,2021-05,12,17557938,752,77,23704059,23675880,0.0011901986325323494,972473,971311,0.001196321260646693,316.647403,308.617106,309.079644,0.026020258902952786,1,1,1
green,78,green-2020-07,2020-07,2021-06,12,18029456,752,78,24340631,24251760,0.0036645175442936925,998589,994938,0.0036695753906273556,308.306264,303.821904,309.561824,0.014759831141075264,1,1,1
green,79,green-2020-08,2020-08,2021-07,12,18339389,752,79,24729622,24530376,0.00812241932206828,1014541,1006371,0.008118278448007743,403.265292,302.642219,318.953237,0.3324819429770305,1,1,1
green,80,green-2020-09,2020-09,2021-08,12,18450570,768,80,24818208,24589800,0.009288729473196203,1018177,1008807,0.009288198832878836,302.749247,299.884092,315.222032,0.009554208030481348,1,1,1
green,81,green-2020-10,2020-10,2021-09,12,18747055,768,81,25145366,24778008,0.014825969868118535,1031602,1016529,0.014827909484136705,304.208382,302.160868,370.719302,0.006776238146098956,1,1,1
green,82,green-2020-11,2020-11,2021-10,12,19183339,768,82,25659226,25162464,0.01974218423124222,1052683,1032300,0.01974522910006781,325.737503,318.36306,304.685942,0.06909265607009862,1,1,1
green,83,green-2020-12,2020-12,2021-11,12,19696006,768,83,26249642,25640736,0.02374760225291505,1076903,1051924,0.023746012069312993,315.22774,317.211204,304.73287,0.03443957325640645,1,1,1
green,84,green-2021-01,2021-01,2021-12,12,20245707,768,84,26758778,26051016,0.027168306986568202,1097791,1068755,0.027168060032467686,317.393452,319.91158,307.360193,0.0326433260666259,1,1,1
green,85,green-2021-02,2021-02,2022-01,12,20166479,784,85,26452032,25709280,0.02889042400253916,1085205,1054732,0.02889169950281209,304.284571,317.391302,303.360312,0.003046736713535614,1,1,1
green,86,green-2021-03,2021-03,2022-02,12,20449062,784,86,26621082,25826856,0.030751942861337825,1092143,1059559,0.03075241680736986,318.83647,311.77481,316.898187,0.022649873477591065,1,1,1
green,87,green-2021-04,2021-04,2022-03,12,20590086,800,87,26494143,25697976,0.030981700660005287,1086934,1054269,0.03098355353330127,310.982979,323.476729,304.402594,0.021617374916325316,1,1,1
green,88,green-2021-05,2021-05,2022-04,12,20625485,800,88,26294445,25434624,0.033805139010507884,1078739,1043464,0.03380567034416137,312.959483,314.40073,306.202534,0.022066927114326118,1,1,1
green,89,green-2021-06,2021-06,2022-05,12,20555113,816,89,25960797,25159272,0.03185803627386357,1065054,1032175,0.031854094509167534,302.021311,303.154513,301.099608,0.0030611232147470524,1,1,1
green,90,green-2021-07,2021-07,2022-06,12,20408079,816,90,25470818,24842016,0.025312035866976335,1044950,1019156,0.025309177397768348,314.15284,303.278585,303.589046,0.03585566386100103,1,1,1
green,91,green-2021-08,2021-08,2022-07,12,20102302,832,91,24789453,24366744,0.017347783520030417,1016996,999657,0.017344949317615942,301.409721,303.341662,303.87887,0.0,1,1,1
green,92,green-2021-09,2021-09,2022-08,12,19834676,832,92,24277464,23938536,0.014158259302072608,995998,982087,0.014164732859716095,319.087526,315.573818,316.937403,0.011134345752346286,1,1,1
green,93,green-2021-10,2021-10,2022-09,12,19396626,848,93,23610811,23288280,0.013849498546049773,968645,955409,0.013853752686022427,307.254399,320.781282,311.77086,0.0,1,1,1
green,94,green-2021-11,2021-11,2022-10,12,18673875,848,94,22635295,22274880,0.016180334080363172,928623,913840,0.016176792436312704,324.245761,324.181835,301.763448,0.07450310217823342,1,1,1
green,95,green-2021-12,2021-12,2022-11,12,17815054,848,95,21501048,21155808,0.016318922917054265,882088,867924,0.016319401237896405,409.971089,311.162047,311.18077,0.3175485023081881,1,1,1
green,96,green-2022-01,2022-01,2022-12,12,17326176,848,96,20802424,20484912,0.01549979809530058,853426,840402,0.015497345318073969,310.398706,308.570504,306.931473,0.011296440101468574,1,1,1
green,97,green-2022-02,2022-02,2023-01,12,17498887,864,97,20873311,20624208,0.012078185014425766,856340,846118,0.01208105725206177,297.526436,303.395576,312.172098,0.0,1,1,1
green,98,green-2022-03,2022-03,2023-02,12,17604365,864,98,20905610,20512320,0.019173355329870048,857660,841528,0.019169890960253254,316.879824,320.088028,313.647583,0.0103053273010556,1,1,1
green,99,green-2022-04,2022-04,2023-03,12,17719802,864,99,20950300,20353992,0.029296857343758413,859495,835035,0.029292185357499986,308.792661,306.280211,310.722308,0.008203109145696663,1,1,1
green,100,green-2022-05,2022-05,2023-04,12,17719906,864,100,20884701,20092104,0.03944818322660484,856805,824291,0.039444807719603875,310.709976,311.727768,314.611899,0.0,1,1,1
green,101,green-2022-06,2022-06,2023-05,12,17804111,880,101,20745061,19904016,0.04225504038983891,851076,816574,0.04225214126337601,313.795911,315.780168,315.074482,0.0,1,1,1
green,102,green-2022-07,2022-07,2023-06,12,17838137,896,102,20489918,19704912,0.03983808707189355,840611,808406,0.03983765583135207,317.153855,305.837214,316.90537,0.037002171357734204,1,1,1
green,103,green-2022-08,2022-08,2023-07,12,17995784,896,103,20404914,19635576,0.03918082158628807,837124,805557,0.03918655042411648,318.747968,312.955673,307.06292,0.03805424634143395,1,1,1
green,104,green-2022-09,2022-09,2023-08,12,18127062,912,104,20265057,19506936,0.03886417631144122,831386,800277,0.038872790296359885,305.59839,313.162145,315.976295,0.0,1,1,1
green,105,green-2022-10,2022-10,2023-09,12,18243450,928,105,20152641,19420152,0.037717984905576436,826774,796717,0.03772606835300364,319.323971,306.089626,312.456378,0.04323682959447961,1,1,1
green,106,green-2022-11,2022-11,2023-10,12,18385908,944,106,20061248,19343328,0.03711460613189209,823020,793572,0.0371081640985317,310.187702,305.293944,309.024463,0.016029659599143598,1,1,1
green,107,green-2022-12,2022-12,2023-11,12,18636289,944,107,20054927,19385184,0.03454922068317742,822758,795284,0.034546149551606724,303.308977,307.594968,308.49429,0.0,1,1,1
green,108,green-2023-01,2023-01,2023-12,12,18639981,960,108,19842259,19184736,0.034273236806594574,814034,787060,0.03427184712728382,310.361765,315.331538,306.593379,0.012291152575737652,1,1,1
green,109,green-2023-02,2023-02,2024-01,12,18575263,976,109,19542543,18900480,0.03397072455302722,801745,775400,0.03397601238070673,298.452707,292.718274,387.433906,0.019590280174991648,1,1,1
green,110,green-2023-03,2023-03,2024-02,12,18325328,992,110,19061727,18626688,0.023355681911889005,782014,764168,0.023353503418096545,290.361556,287.599128,287.117273,0.011299504784583192,1,1,1
green,111,green-2023-04,2023-04,2024-03,12,17966701,992,111,18491779,18271224,0.012071167208064441,758631,749581,0.012073411679324849,289.998992,292.32104,299.637598,0.0,1,1,1
green,112,green-2023-05,2023-05,2024-04,12,17742736,1008,112,18053377,18053664,1.589705003926073e-05,740647,740660,1.755191315853428e-05,290.937629,304.727757,297.139268,0.0,1,1,1
green,113,green-2023-06,2023-06,2024-05,12,17522807,1008,113,17829881,17854488,0.001378196899289411,731479,732489,0.0013788602968781783,289.358969,298.64609,303.540527,0.0,1,1,1
green,114,green-2023-07,2023-07,2024-06,12,17285317,1008,114,17588229,17591208,0.0001693459596407478,721565,721687,0.00016904835475767195,291.764814,290.404602,301.466076,0.004683851394338356,1,1,1
green,115,green-2023-08,2023-08,2024-07,12,17066290,1008,115,17368305,17359416,0.0005120563963672511,712542,712181,0.0005068936127192385,290.556904,296.002744,301.758265,0.0,1,1,1
green,116,green-2023-09,2023-09,2024-08,12,16855431,1008,116,17150810,17143080,0.00045091080482620395,703620,703303,0.00045073033955492865,302.272332,304.190237,301.575661,0.0023101035331891673,1,1,1
green,117,green-2023-10,2023-10,2024-09,12,16620063,1008,117,16905525,16874304,0.0018502096442022142,693560,692272,0.0018605403656366283,292.775156,300.919266,289.378354,0.011738272586898413,1,1,1
green,118,green-2023-11,2023-11,2024-10,12,16386694,1008,118,16668147,16629744,0.0023092959218133486,683821,682242,0.002314428018210547,290.273609,299.736666,288.846435,0.004940943792503649,1,1,1
green,119,green-2023-12,2023-12,2024-11,12,16130677,1008,119,16405958,16342056,0.003910279098297056,673062,670439,0.003912361900187788,289.682635,296.956567,289.90858,0.0,1,1,1
green,120,green-2024-01,2024-01,2024-12,12,15920032,1008,120,16163564,16092912,0.004390255784658488,663114,660218,0.004386429936778458,296.852426,309.464301,289.97263,0.0237256736954794,1,1,1
green,121,green-2024-02,2024-02,2025-01,12,15736199,1008,121,15969601,15892440,0.004855201592706973,655159,651993,0.004855880354543683,291.589626,305.60659,304.647117,0.0,1,1,1
green,122,green-2024-03,2024-03,2025-02,12,15569868,1008,122,15773898,15722808,0.0032494195693288375,647130,645037,0.0032447751059241563,291.815762,302.159675,300.956947,0.0,1,1,1
green,123,green-2024-04,2024-04,2025-03,12,15451006,1008,123,15618793,15578664,0.002575894826411302,640767,639119,0.002578549534593714,302.486327,301.360681,301.096093,0.004617243572137664,1,1,1
green,124,green-2024-05,2024-05,2025-04,12,15373731,1008,124,15526373,15472800,0.0034623985316167725,636975,634780,0.003457890922839409,291.536022,308.792754,298.583736,0.0,1,1,1
green,125,green-2024-06,2024-06,2025-05,12,15258617,1008,125,15408500,15336192,0.00471486011651393,632142,629176,0.004714102254377153,299.319552,400.767776,301.202323,0.0,1,1,1
green,126,green-2024-07,2024-07,2025-06,12,15145357,1008,126,15270490,15205680,0.004262223064012922,626476,623818,0.004260858134904732,298.199896,287.794618,300.737078,0.03615522094301293,1,1,1
green,127,green-2024-08,2024-08,2025-07,12,15082764,1024,127,15179958,15117168,0.004153555745361829,622766,620186,0.004160042309887679,287.10381,291.054853,291.967178,0.0,1,1,1
green,128,green-2024-09,2024-09,2025-08,12,14965392,1024,128,15041476,14983896,0.0038427922884675656,617085,614721,0.0038456470496371527,301.074953,298.130812,307.485458,0.009875332845502793,1,1,1
green,129,green-2024-10,2024-10,2025-09,12,14849037,1024,129,14908180,14848656,0.0040087129771206225,611613,609174,0.004003782170611352,300.393383,303.766413,299.094295,0.004343406148886952,1,1,1
green,130,green-2024-11,2024-11,2025-10,12,14700991,1024,130,14734524,14684616,0.0033986588413343595,604488,602443,0.0033945120119247794,288.11288,298.560285,302.926812,0.0,1,1,1
green,131,green-2024-12,2024-12,2025-11,12,14601078,1024,131,14619132,14555256,0.004388517797282302,599756,597133,0.004392656242411657,297.485221,325.952041,300.262958,0.0,1,1,1
green,132,green-2025-01,2025-01,2025-12,12,14459917,1024,132,14459546,14414952,0.0030935933744351005,593211,591375,0.003104629042485732,299.500207,298.697732,297.305542,0.007381850285185676,1,1,1
green,133,green-2025-02,2025-02,2026-01,12,14273122,1024,133,14257224,14218584,0.0027175701884238263,584909,583321,0.0027223432724006163,288.308896,299.151127,300.319905,0.0,1,1,1
green,134,green-2025-03,2025-03,2026-02,12,14076401,1024,134,14032629,13993176,0.002819445706964595,575690,574073,0.00281671494740216,297.732292,287.387383,287.500962,0.03599639236771912,1,1,1
green,135,green-2025-04,2025-04,2026-03,12,13905421,1024,135,13861782,13814352,0.0034333858005066034,568683,566742,0.003424838815545698,295.262832,299.586,288.581281,0.02315309910901675,1,1,1
green,136,green-2025-05,2025-05,2026-04,12,13712090,1024,136,13659696,13622016,0.002766110390708688,560392,558848,0.0027628263857077417,288.056577,296.720425,303.604319,0.0,1,1,1
green,137,green-2025-06,2025-06,2026-05,12,13476239,1024,137,13396562,13366704,0.0022337593471060627,549597,548370,0.0022375403468461075,294.14443,287.354648,284.909434,0.03241379504477915,1,1,1
for-hire,0,for-hire-2015-01,2015-01,2015-12,12,238452639,128,0,,1799081038,,,63388532,,609.975265,589.207925,539.512492,0.1306045254648156,3,3,1
for-hire,1,for-hire-2015-02,2015-02,2016-01,12,260729141,128,1,1967153124,1963374271,0.0019246727716745148,69310357,69178549,0.0019053305093172741,615.223178,613.06355,540.60177,0.1380339690711705,3,3,1
for-hire,2,for-hire-2015-03,2015-03,2016-02,12,284977985,128,2,2145975864,2144259377,0.0008005034364832814,75612428,75553191,0.0007840436547544365,609.847432,598.365966,713.185933,0.019188033164306173,3,3,1
for-hire,3,for-hire-2015-04,2015-04,2016-03,12,314395953,128,3,2367502622,2324974241,0.018291979433590635,83417817,81921114,0.01827005184524224,633.144951,623.020971,671.322143,0.01624982219097726,3,3,1
for-hire,4,for-hire-2015-05,2015-05,2016-04,12,344479480,144,4,2591966377,2502714418,0.03566206290181687,91328191,88184764,0.03564591951507632,627.492601,661.094827,754.53164,0.0,3,4,1
for-hire,5,for-hire-2015-06,2015-06,2016-05,12,376247515,144,5,2782369723,2687365956,0.03535200212977618,98037571,94692174,0.03532918148019286,681.938109,704.233013,793.678755,0.0,4,4,1
for-hire,6,for-hire-2015-07,2015-07,2016-06,12,408252194,144,6,3019045970,2872625598,0.05097092085440645,106376924,101220236,0.050945227987810655,706.566746,602.134207,725.859566,0.17343731312046184,4,4,1
for-hire,7,for-hire-2015-08,2015-08,2016-07,12,433922265,144,7,3152534685,3059698302,0.03034167876594782,111081602,107812608,0.030321073394310245,680.753102,673.518708,783.583215,0.010741192358980634,4,4,1
for-hire,8,for-hire-2015-09,2015-09,2016-08,12,457125193,144,8,3265038658,3228853939,0.011206675707110703,115047081,113776183,0.011170158520786375,780.080762,921.386419,896.632728,0.0,4,5,1
for-hire,9,for-hire-2015-10,2015-10,2016-09,12,480208293,144,9,3391898898,3375687077,0.004802524828340302,119521452,118953003,0.004778769645689399,717.040807,928.760661,892.449066,0.0,4,5,1
for-hire,10,for-hire-2015-11,2015-11,2016-10,12,499575400,144,10,3528696346,3491163191,0.010750902477649319,124341828,123025615,0.010698690675108594,962.172784,946.956522,967.313064,0.01606859623065149,5,5,1
for-hire,11,for-hire-2015-12,2015-12,2016-11,12,518566517,144,11,3656546851,3607995263,0.01345666622622725,128843374,127144132,0.013364690711797852,857.442506,861.292531,919.317423,0.0,5,5,1
for-hire,12,for-hire-2016-01,2016-01,2016-12,12,540155349,144,12,3797092757,3748983145,0.012832709601312439,133802564,132114083,0.012780477006376375,970.905215,998.029017,902.298628,0.07603534447577598,5,6,1
for-hire,13,for-hire-2016-02,2016-02,2017-01,12,563315035,144,13,3936592385,3895008531,0.01067619073720586,138722160,137260819,0.010646454032887564,954.52943,952.787877,1103.984069,0.001827849663120773,5,6,1
for-hire,14,for-hire-2016-03,2016-03,2017-02,12,581799020,144,14,4047943782,4004446166,0.010862330069341229,142647720,141117954,0.010840335737860826,908.542413,914.756153,1120.113847,0.0,5,6,1
for-hire,15,for-hire-2016-04,2016-04,2017-03,12,610082635,144,15,4234317997,4177237778,0.01366458459717588,149217272,147207657,0.013651565692673173,992.736577,1026.113682,1147.710413,0.0,5,6,1
for-hire,16,for-hire-2016-05,2016-05,2017-04,12,632120230,144,16,4370757987,4308514894,0.014446530772512631,154026318,151834412,0.014436160888218147,928.783436,1065.57027,1154.566237,0.0,6,6,1
for-hire,17,for-hire-2016-06,2016-06,2017-05,12,655560617,144,17,4512137541,4440659411,0.016096287371857622,159009159,156492273,0.01608313274355725,997.37014,1272.028663,1181.12719,0.0,6,7,1
for-hire,18,for-hire-2016-07,2016-07,2017-06,12,751645361,144,18,5146518221,4571122930,0.12587613586668517,181365517,161088771,0.1258731187414671,971.99359,1223.789635,1336.0699,0.0,6,7,1
for-hire,19,for-hire-2016-08,2016-08,2017-07,12,850023712,144,19,5793739307,4704593774,0.23150681765961967,204174529,165784087,0.23156892012198976,1318.790401,1465.767401,1382.685589,0.0,7,8,1
for-hire,20,for-hire-2016-09,2016-09,2017-08,12,949492036,144,20,6431702326,4837602176,0.3295227867038234,226658166,170465388,0.329643329119692,1471.237698,1355.277232,1410.811038,0.08556217374719388,8,9,1
for-hire,21,for-hire-2016-10,2016-10,2017-09,12,1051426149,176,21,6394236469,4975678482,0.28509840258605357,225336249,175327216,0.285232573361571,1571.880454,1430.378662,1497.700744,0.09892610660323187,8,9,2
for-hire,22,for-hire-2016-11,2016-11,2017-10,12,1161151499,192,22,6426580854,5124654131,0.2540516276258332,226464790,180562288,0.25421976265608687,1567.203834,1336.103855,1368.822962,0.17296558058355416,8,10,2
for-hire,23,for-hire-2016-12,2016-12,2017-11,12,1273769144,208,23,6489773636,5284618295,0.22804964781283224,228683910,186179101,0.2283006458388689,1410.189807,1298.714631,1200.814638,0.17436093996049373,8,11,2
for-hire,24,for-hire-2017-01,2017-01,2017-12,12,1398225135,224,24,6616840112,5459225370,0.21204743595335396,233156575,192309558,0.21240242775660687,1723.110016,1397.999655,1097.076605,0.5706378279755588,9,12,2
for-hire,25,for-hire-2017-02,2017-02,2018-01,12,1521152141,240,25,6713489678,5633390654,0.19173160363609323,236543389,198460113,0.19189385425775707,1569.433181,1723.025802,1423.638677,0.10240976615444963,9,13,2
for-hire,26,for-hire-2017-03,2017-03,2018-02,12,1639364879,240,26,6801403278,5804307153,0.171785554884814,239616010,204525846,0.17156836011816326,1394.415433,1579.327449,1314.684162,0.060646711434255485,10,14,2
for-hire,27,for-hire-2017-04,2017-04,2018-03,12,1770724271,256,27,6913609705,5981498494,0.1558323908189552,243542469,210808018,0.1552808631785533,1728.826466,1852.790733,1240.470144,0.3936864779552487,11,15,2
for-hire,28,for-hire-2017-05,2017-05,2018-04,12,1899286866,272,28,7033763811,6161291182,0.14160548547825474,247794205,217092696,0.14142119733037908,1675.788232,1669.685316,1713.887529,0.0036551294675217783,11,16,2
for-hire,29,for-hire-2017-06,2017-06,2018-05,12,2028387542,288,29,7181674117,6338092234,0.1330971295234073,253060001,223261055,0.13347131231642706,1595.118195,1846.721538,1782.352202,0.0,10,16,3
for-hire,30,for-hire-2017-07,2017-07,2018-06,12,2080222958,304,30,7026983644,6503473146,0.08049706460646927,247654412,229033885,0.08130031501670594,1325.086856,2003.037665,1628.566022,0.0,10,17,3
for-hire,31,for-hire-2017-08,2017-08,2018-07,12,2133989016,320,31,6922665524,6672924033,0.03742609533166253,243919672,234960925,0.03812866756461739,1350.136156,1978.705218,1732.506858,0.0,10,17,3
for-hire,32,for-hire-2017-09,2017-09,2018-08,12,2190474805,320,32,6849553517,6850385081,0.00012138938032934794,241180242,241175254,2.0682055547871424e-05,1712.416877,1776.874898,1967.738937,0.0,11,18,3
for-hire,33,for-hire-2017-10,2017-10,2018-09,12,2240906954,320,33,7008104147,7011425290,0.00047367587368245354,246733028,246705504,0.00011156621783355105,1604.137352,1959.029173,1861.501696,0.0,11,19,3
for-hire,34,for-hire-2017-11,2017-11,2018-10,12,2291270589,320,34,7165608946,7174412368,0.0012270582660213211,252273053,252102215,0.0006776537048672896,1518.041248,1709.519886,1996.596693,0.0,12,19,3
for-hire,35,for-hire-2017-12,2017-12,2018-11,12,2336024228,320,35,7309031426,7313246917,0.0005764185248826872,257197769,256959888,0.0009257514931669023,1828.32134,1706.997847,2171.898372,0.0710741921632898,12,20,3
for-hire,36,for-hire-2018-01,2018-01,2018-12,12,2371576155,320,36,7424547141,7425313587,0.00010322069108863886,261091113,260874753,0.0008293635068626207,1881.374709,1969.369528,2167.036898,0.0,12,21,3
for-hire,37,for-hire-2018-02,2018-02,2019-01,12,2401808610,320,37,7519194023,7508648015,0.0014045148978793888,264264410,264225723,0.0001464164789133721,1714.746582,1899.08115,2060.891983,0.0,12,21,3
for-hire,38,for-hire-2018-03,2018-03,2019-02,12,2242474436,320,38,7016329681,7010011168,0.0009013556253438483,246697188,246582680,0.0004643797366465479,1668.405542,1978.262254,1938.404094,0.0,11,20,3
for-hire,39,for-hire-2018-04,2018-04,2019-03,12,2057941937,320,39,6435126942,6430293295,0.0007516993048759528,226396555,226072979,0.0014312900260406618,1666.697066,1772.142449,1756.741761,0.0,10,19,2
for-hire,40,for-hire-2018-05,2018-05,2019-04,12,1883570420,320,40,5888507201,5887671130,0.00014200368558968748,207193839,206961208,0.0011240319007028601,1550.254586,1462.345182,1663.671616,0.06011535790733702,9,17,2
for-hire,41,for-hire-2018-06,2018-06,2019-05,12,1705456760,320,41,5331285272,5333808831,0.0004731251306445632,187532171,187468501,0.00033963038942739506,1211.379413,1422.117886,1568.119739,0.0,8,16,2
for-hire,42,for-hire-2018-07,2018-07,2019-06,12,1531289692,320,42,4787190477,4790625908,0.0007171152717775516,168323578,168340438,0.00010015418873984396,1306.748276,1244.26179,1419.678841,0.050219725866531784,7,15,2
for-hire,43,for-hire-2018-08,2018-08,2019-07,12,1351217890,320,43,4225928258,4232388188,0.0015263084842538077,148544467,148688467,0.000968467850300723,1104.657924,1353.848742,1373.636689,0.0,6,13,2
for-hire,44,for-hire-2018-09,2018-09,2019-08,12,1166746263,320,44,3650155098,3657997605,0.002143934427206931,128264807,128448282,0.0014283959048981285,997.739106,1137.593199,1313.85953,0.0,6,11,2
for-hire,45,for-hire-2018-10,2018-10,2019-09,12,977554057,320,45,3058268998,3061464963,0.0010439332275970915,107531513,107545066,0.00012602158801036954,958.569391,977.254294,1069.309495,0.0,5,9,1
for-hire,46,for-hire-2018-11,2018-11,2019-10,12,783357014,320,46,2453286378,2445246817,0.0032878321092606497,86180586,86153154,0.0003184097009379366,673.458583,863.07313,1048.943334,0.0,4,8,1
for-hire,47,for-hire-2018-12,2018-12,2019-11,12,592962164,320,47,1855076750,1847989200,0.0038352767429593202,65213638,65121162,0.0014200606555515702,554.190544,826.99233,743.452617,0.0,3,6,1
for-hire,48,for-hire-2019-01,2019-01,2019-12,12,395638996,320,48,1236773867,1227123330,0.007864357855538448,43512149,43261276,0.005799019890213132,389.5355,646.257593,499.736619,0.0,2,4,1
for-hire,49,for-hire-2019-02,2019-02,2020-01,12,204423663,336,49,638107915,640747887,0.0041201415620118935,22470812,22130799,0.015363792333028736,258.10783,350.864915,271.710197,0.0,1,2,1
for-hire,50,for-hire-2019-03,2019-03,2020-02,12,207604485,320,50,649282152,646744104,0.003924346560413328,22799845,22336644,0.020737269215554494,269.288711,364.696085,259.422748,0.03803044673630529,1,2,1
for-hire,51,for-hire-2019-04,2019-04,2020-03,12,208353373,336,51,650374495,645196188,0.008025941715576286,22782468,22302939,0.021500708942440275,264.028934,356.143745,266.755605,0.0,1,2,1
for-hire,52,for-hire-2019-05,2019-05,2020-04,12,197766843,336,52,616097189,605284917,0.01786311156337636,21410135,20931515,0.022865998949431036,259.364252,344.462648,256.422729,0.011471381696433136,1,2,1
for-hire,53,for-hire-2019-06,2019-06,2020-05,12,188024807,336,53,585748113,567774538,0.031656183567710466,20230021,19633440,0.030385963947224735,258.201646,342.38708,249.34244,0.03553027715618717,1,2,1
for-hire,54,for-hire-2019-07,2019-07,2020-06,12,180912572,336,54,560221801,538715243,0.0399219407274132,19365571,18635419,0.03918087379736404,253.671593,337.244295,250.707175,0.011824224815265127,1,2,1
for-hire,55,for-hire-2019-08,2019-08,2020-07,12,175340350,336,55,536646425,515059480,0.04191155747681802,18557909,17815165,0.04169167111278509,258.721588,304.769626,252.311269,0.025406391975302478,1,2,1
for-hire,56,for-hire-2019-09,2019-09,2020-08,12,170364794,336,56,514446970,494633197,0.04005750750287793,17789392,17118793,0.039173264143097006,264.359184,320.753107,255.679647,0.033946921868208246,1,2,1
for-hire,57,for-hire-2019-10,2019-10,2020-09,12,171103307,336,57,509505551,495028054,0.029245811187904917,17624987,17141309,0.02821709823911348,257.427784,322.962257,261.171382,0.0,1,2,1
for-hire,58,for-hire-2019-11,2019-11,2020-10,12,165573615,352,58,486369852,476374012,0.020983176554979662,16822832,16498187,0.019677616698125677,252.347818,343.478033,257.921065,0.0,1,2,1
for-hire,59,for-hire-2019-12,2019-12,2020-11,12,159746364,352,59,463803893,456806461,0.015318154617782432,16051820,15825056,0.014329427965373393,248.365636,390.063605,250.880076,0.0,1,2,1
for-hire,60,for-hire-2020-01,2020-01,2020-12,12,152135375,352,60,440150924,431328486,0.0204541046704715,15241082,14945465,0.019779712441198718,260.083359,322.860927,261.336174,0.0,1,2,1
for-hire,61,for-hire-2020-02,2020-02,2021-01,12,144529565,352,61,415827901,405775201,0.024774062030468936,14401303,14070990,0.023474751954197962,241.958058,322.192277,259.174512,0.0,1,2,1
for-hire,62,for-hire-2020-03,2020-03,2021-02,12,136711573,352,62,390936784,380365024,0.027793722695176094,13543146,13195187,0.026370145417416214,252.682041,303.83241,258.158245,0.0,1,2,1
for-hire,63,for-hire-2020-04,2020-04,2021-03,12,135553496,368,63,384316167,376310855,0.021273136008792517,13316495,13055988,0.019953066746078503,245.058325,305.550704,258.353523,0.0,1,2,1
for-hire,64,for-hire-2020-05,2020-05,2021-04,12,141923012,368,64,398457151,396497227,0.0049430963611758125,13817223,13756580,0.0044082904326511385,252.1182,303.383595,258.881866,0.0,1,2,1
for-hire,65,for-hire-2020-06,2020-06,2021-05,12,146290639,368,65,408699279,410763302,0.005024847618933592,14179934,14245270,0.004586504853891853,248.859214,313.350058,248.935584,0.0,1,2,1
for-hire,66,for-hire-2020-07,2020-07,2021-06,12,148841557,368,66,417881371,419331555,0.003458323092332033,14490793,14544749,0.0037096549414500036,250.142896,314.738277,240.988138,0.03798841750459947,1,2,1
for-hire,67,for-hire-2020-08,2020-08,2021-07,12,149750820,368,67,420478998,422518239,0.004826397565289483,14582210,14657274,0.005121279714085989,248.362701,303.633465,242.534954,0.024028482921270022,1,2,1
for-hire,68,for-hire-2020-09,2020-09,2021-08,12,149667099,368,68,421657356,422844731,0.00280806384223338,14625421,14676256,0.0034637580592761534,239.610987,346.72802,246.517607,0.0,1,2,1
for-hire,69,for-hire-2020-10,2020-10,2021-09,12,148691745,368,69,418909489,419894188,0.002345112240515222,14530109,14584632,0.003738387091288968,252.564028,311.689427,253.977192,0.0,1,2,1
for-hire,70,for-hire-2020-11,2020-11,2021-10,12,148753376,368,70,419703975,420124697,0.0010014217278923737,14559646,14607291,0.003261727311381693,245.27552,314.20336,248.527159,0.0,1,2,1
for-hire,71,for-hire-2020-12,2020-12,2021-11,12,148786238,368,71,420161029,420423030,0.0006231842247081469,14589879,14629897,0.002735357603679643,240.517382,340.85873,249.011032,0.0,1,2,1
for-hire,72,for-hire-2021-01,2021-01,2021-12,12,150348893,368,72,424630921,424732976,0.00024028037794739064,14747176,14805265,0.003923536660775744,245.105683,300.685599,241.582663,0.0145830828928315,1,2,1
for-hire,73,for-hire-2021-02,2021-02,2022-01,12,150125837,368,73,424000944,423816936,0.0004341685864106195,14742064,14794844,0.003567459041812134,243.490702,301.129399,252.359545,0.0,1,2,1
for-hire,74,for-hire-2021-03,2021-03,2022-02,12,151977588,368,74,429173159,429147790,5.911483314407841e-05,14943697,15008656,0.00432810239637713,247.740283,301.112991,246.360556,0.005600437920752155,1,2,1
for-hire,75,for-hire-2021-04,2021-04,2022-03,12,152558937,368,75,430789378,430339827,0.0010446418662523652,15022894,15086807,0.004236350342388551,236.91996,309.974648,243.185893,0.0,1,2,1
for-hire,76,for-hire-2021-05,2021-05,2022-04,12,152468275,368,76,430533371,428741997,0.004178209768426301,15025690,15066458,0.0027058781831801474,244.445273,303.332231,246.973937,0.0,1,2,1
for-hire,77,for-hire-2021-06,2021-06,2022-05,12,152305401,368,77,429970015,427242717,0.006383486228040255,15041029,15058626,0.0011685661095507652,247.415358,309.624055,252.868622,0.0,1,2,1
for-hire,78,for-hire-2021-07,2021-07,2022-06,12,151338783,368,78,426898004,422865565,0.009535983380439124,14954845,14942694,0.0008131733139954549,252.693092,340.507487,238.680008,0.05871075720761665,1,2,1
for-hire,79,for-hire-2021-08,2021-08,2022-07,12,150539755,368,79,423318983,419594218,0.008877064650113935,14866662,14862259,0.00029625375254192516,238.659431,351.742993,244.881324,0.0,1,2,1
for-hire,80,for-hire-2021-09,2021-09,2022-08,12,150116738,368,80,421103143,417332464,0.009035192143595137,14822033,14810396,0.0007857318602419544,247.896356,308.421581,237.958425,0.0417633080232398,1,2,1
for-hire,81,for-hire-2021-10,2021-10,2022-09,12,149869422,368,81,418759928,416085321,0.006428025371267543,14796079,14791477,0.0003111251161733206,235.728557,317.715576,248.037203,0.0,1,2,1
for-hire,82,for-hire-2021-11,2021-11,2022-10,12,149044882,368,82,415427611,412494718,0.007110134680560928,14714675,14689072,0.0017429964261867598,246.595946,312.784193,241.455113,0.02129105048191704,1,2,1
for-hire,83,for-hire-2021-12,2021-12,2022-11,12,147975753,368,83,411380413,408380690,0.007345408520662424,14604580,14566194,0.0026352800189260147,240.608173,311.66119,238.108438,0.01049830497817128,1,2,1
for-hire,84,for-hire-2022-01,2022-01,2022-12,12,147248726,368,84,408809433,406712890,0.005154847686287985,14527440,14511664,0.0010871255012519583,259.292106,307.69529,244.025659,0.06256082685140907,1,2,1
for-hire,85,for-hire-2022-02,2022-02,2023-01,12,146894479,368,85,406543290,406005679,0.0013241465028867245,14477140,14482293,0.00035581382036670574,251.95515,333.395877,246.248203,0.023175588412314374,1,2,1
for-hire,86,for-hire-2022-03,2022-03,2023-02,12,147169031,368,86,406764521,402265180,0.011185012334400904,14509361,14341586,0.0116984969444802,261.776141,356.689722,262.746211,0.0,1,2,1
for-hire,87,for-hire-2022-04,2022-04,2023-03,12,148450597,368,87,410306676,401154806,0.02281381118490202,14630502,14289012,0.023898783204884984,255.228887,316.812515,255.740032,0.0,1,2,1
for-hire,88,for-hire-2022-05,2022-05,2023-04,12,149921084,368,88,414094159,401603081,0.031103043255786177,14775030,14288822,0.03402715773210696,259.883571,346.442625,256.881095,0.011688193714683548,1,2,1
for-hire,89,for-hire-2022-06,2022-06,2023-05,12,152882659,368,89,417882553,405785239,0.029812109552856358,14898378,14418820,0.03325917100012345,248.729173,319.714658,265.41255,0.0,1,2,1
for-hire,90,for-hire-2022-07,2022-07,2023-06,12,154675429,384,90,417976034,406953703,0.027084975314747288,14888179,14442851,0.0308338014426653,260.033681,345.827012,244.725541,0.06255227769626215,1,2,1
for-hire,91,for-hire-2022-08,2022-08,2023-07,12,158960763,384,91,425818240,413431998,0.029959563023469703,15150384,14654115,0.03386550467223712,246.984821,349.821472,252.850281,0.0,1,2,1
for-hire,92,for-hire-2022-09,2022-09,2023-08,12,164032177,384,92,435378588,422119109,0.03141170043548064,15470364,14943312,0.03527009273446208,263.93077,333.225695,253.719403,0.04024669331261199,1,2,1
for-hire,93,for-hire-2022-10,2022-10,2023-09,12,167697764,384,93,441215689,426393838,0.03476094089333439,15658814,15076122,0.03864999235214467,264.353512,274.169728,248.511011,0.06374969437470934,1,2,1
for-hire,94,for-hire-2022-11,2022-11,2023-10,12,174027202,400,94,452617441,439848906,0.029029366279701513,16043045,15529572,0.0330642080799136,261.956083,285.858896,249.20399,0.05117130347712329,1,2,1
for-hire,95,for-hire-2022-12,2022-12,2023-11,12,178101315,400,95,458324518,447067553,0.02517956162208891,16225009,15767334,0.02902678410947596,323.505688,288.540735,254.822313,0.2695343833567667,1,2,1
for-hire,96,for-hire-2023-01,2023-01,2023-12,12,181025173,400,96,460280545,450079066,0.02266597087188232,16274263,15858639,0.02620804975761161,250.763343,306.380127,254.611087,0.0,1,2,1
for-hire,97,for-hire-2023-02,2023-02,2024-01,12,184739780,400,97,466924649,455378455,0.025355160906767097,16485525,16034435,0.028132578416389477,184.676431,218.745429,194.878447,0.0,1,2,1
for-hire,98,for-hire-2023-03,2023-03,2024-02,12,185576952,400,98,465832798,457485469,0.018246107397129153,16429153,16099731,0.020461335658341125,197.738373,242.487334,192.761993,0.025816188775346527,1,2,1
for-hire,99,for-hire-2023-04,2023-04,2024-03,12,187290279,416,99,465655867,461846058,0.008249088487402441,16407491,16240841,0.01026116812546838,198.068927,244.49018,194.036506,0.020781764643813982,1,2,1
for-hire,100,for-hire-2023-05,2023-05,2024-04,12,189568424,416,100,467463820,467548914,0.0001820002088594307,16453536,16438988,0.0008849693180626447,197.863198,245.219163,205.133352,0.0,1,2,1
for-hire,101,for-hire-2023-06,2023-06,2024-05,12,189898437,416,101,468362853,466695745,0.003572151702390173,16474641,16405664,0.004204462556346393,185.61772,216.699387,183.80366,0.00986955319605709,1,2,1
for-hire,102,for-hire-2023-07,2023-07,2024-06,12,191894130,416,102,473198865,471576384,0.003440547608083784,16640668,16572758,0.004097688507851258,184.843957,200.160507,185.605321,0.0,1,2,1
for-hire,103,for-hire-2023-08,2023-08,2024-07,12,191714816,416,103,472616570,471929356,0.0014561798100985266,16624514,16584654,0.002403426685898904,189.014729,225.685235,193.541488,0.0,1,2,1
for-hire,104,for-hire-2023-09,2023-09,2024-08,12,191712016,416,104,471922463,473096187,0.0024809415764748067,16584412,16628773,0.002667725393809874,188.428729,208.783672,186.303966,0.011404818939817929,1,2,1
for-hire,105,for-hire-2023-10,2023-10,2024-09,12,195420655,416,105,481752228,485172884,0.007050385775475449,16946482,17053845,0.006295530421438684,190.276942,226.358139,199.730594,0.0,1,2,1
for-hire,106,for-hire-2023-11,2023-11,2024-10,12,193600384,416,106,477493284,479101490,0.0033567125829644154,16792567,16846638,0.0032096018208499525,184.856935,207.532611,185.466819,0.0,1,2,1
for-hire,107,for-hire-2023-12,2023-12,2024-11,12,196344596,416,107,484528209,485935524,0.0028960940916927078,17030595,17093874,0.003701852488207179,193.090259,218.869505,185.874084,0.038822921650551345,1,2,1
for-hire,108,for-hire-2024-01,2024-01,2024-12,12,201238012,416,108,498002274,501055659,0.006093903831151022,17511246,17630326,0.006754271021420705,190.33986,225.256784,185.814697,0.024353095169861616,1,2,1
for-hire,109,for-hire-2024-02,2024-02,2025-01,12,206800241,416,109,511812321,518071549,0.012081782935352815,18004148,18238318,0.012839451532756474,184.86538,207.564703,196.835669,0.0,1,2,1
for-hire,110,for-hire-2024-03,2024-03,2025-02,12,210491071,416,110,520946799,529262241,0.015711383423628742,18325474,18640947,0.0169236573656907,198.771105,217.931003,189.455657,0.049169542612285344,1,2,1
for-hire,111,for-hire-2024-04,2024-04,2025-03,12,216761775,416,111,539707747,549172899,0.01723528604058082,18990352,19354587,0.018819053075118577,191.093855,281.786828,203.293509,0.0,1,3,1
for-hire,112,for-hire-2024-05,2024-05,2025-04,12,219213998,416,112,549170228,556200105,0.012639114837995222,19333124,19609439,0.014090918154262343,190.386193,271.755719,195.026954,0.0,1,3,1
for-hire,113,for-hire-2024-06,2024-06,2025-05,12,227427984,400,113,571848696,580254598,0.014486575425637558,20140869,20467658,0.015966115908327177,192.082249,280.168327,211.186967,0.0,1,3,1
for-hire,114,for-hire-2024-07,2024-07,2025-06,12,235696972,400,114,597145827,603736819,0.010916995274392898,21045304,21312850,0.012553271852427057,200.387818,271.666379,199.69229,0.003482998767754042,1,3,1
for-hire,115,for-hire-2024-08,2024-08,2025-07,12,243613745,400,115,618108295,625896173,0.012442763410218199,21792080,22117647,0.014719784613616449,204.000811,277.562457,196.583781,0.03772961310577294,1,3,1
for-hire,116,for-hire-2024-09,2024-09,2025-08,12,251103153,400,116,640658887,647345446,0.010329197557991316,22598334,22890030,0.012743364687595429,197.749928,327.892085,211.452736,0.0,1,3,1
for-hire,117,for-hire-2024-10,2024-10,2025-09,12,255098764,400,117,653434429,658857138,0.00823047772763145,23067253,23320947,0.010878374707510805,209.183015,282.53341,218.070746,0.0,1,3,1
for-hire,118,for-hire-2024-11,2024-11,2025-10,12,264846057,400,118,680446555,687192420,0.009816559094176272,24045325,24346331,0.012363505614049197,205.242771,274.689797,207.896644,0.0,1,3,1
for-hire,119,for-hire-2024-12,2024-12,2025-11,12,271806537,400,119,700718895,706002038,0.007483183780837755,24777307,25033853,0.010247963028304113,218.589471,300.868825,223.557733,0.0,1,3,1
for-hire,120,for-hire-2025-01,2025-01,2025-12,12,272496112,400,120,703790193,705550635,0.002495132046759479,24911400,25047544,0.005435423129708845,223.303264,286.659792,223.631985,0.0,1,3,1
for-hire,121,for-hire-2025-02,2025-02,2026-01,12,273481607,400,121,708102292,706118571,0.0028093312957208714,25138130,25091158,0.0018720538924508784,212.321665,313.939935,221.940112,0.0,1,3,1
for-hire,122,for-hire-2025-03,2025-03,2026-02,12,277037221,400,122,715518757,716691066,0.0016357243108148358,25417375,25460965,0.0017120325172278426,216.408814,334.562881,214.891171,0.007062379496270754,1,3,1
for-hire,123,for-hire-2025-04,2025-04,2026-03,12,279630223,400,123,723399123,720838612,0.003552127976185604,25699274,25638663,0.0023640468303670905,215.423386,322.253537,222.64854,0.0,1,3,1
for-hire,124,for-hire-2025-05,2025-05,2026-04,12,283839382,400,124,732861932,732154596,0.0009661019733597356,26041454,26064815,0.0008962657129927836,224.533903,339.082789,218.896648,0.025753043966210143,1,3,1
high-volume-for-hire,0,high-volume-for-hire-2019-02,2019-02,2020-01,12,6542274501,128,0,,6220491840,,,255199632,,2776.871122,2633.81112,2025.473831,0.3709735862788346,50,50,9
high-volume-for-hire,1,high-volume-for-hire-2019-03,2019-03,2020-02,12,6588094756,1024,1,6264058420,6258662928,0.0008620838127999597,256986979,256765630,0.0008620663131588133,1732.067934,2687.879398,2132.116875,0.0,10,50,10
high-volume-for-hire,2,high-volume-for-hire-2019-04,2019-04,2020-03,12,6323718888,1024,2,6007506941,6003415872,0.0006814568717587586,246461796,246293960,0.0006814458624969935,1867.729648,2660.95432,1941.935599,0.0,9,48,9
high-volume-for-hire,3,high-volume-for-hire-2019-05,2019-05,2020-04,12,5878897242,1024,3,5584928206,5578756776,0.0011062375091435606,229125234,228872047,0.001106238194304261,1512.224731,2711.780186,1570.597021,0.0,8,45,8
high-volume-for-hire,4,high-volume-for-hire-2019-06,2019-06,2020-05,12,5468620769,1024,4,5191629373,5182925160,0.0016794016373564615,212989902,212632799,0.0016794351655973828,1662.327455,2598.521023,1653.448525,0.00536994642757338,8,42,8
high-volume-for-hire,5,high-volume-for-hire-2019-07,2019-07,2020-06,12,5130401624,1024,5,4868474757,4855159344,0.002742528526165711,199732275,199186002,0.0027425270576995667,1629.842233,2440.951097,1434.242652,0.13637830441539545,7,40,7
high-volume-for-hire,6,high-volume-for-hire-2019-08,2019-08,2020-07,12,4874645806,1024,6,4625776264,4603003392,0.0049473941382661485,189775415,188841144,0.004947391125738997,1562.41826,2528.569172,1566.482332,0.0,7,38,7
high-volume-for-hire,7,high-volume-for-hire-2019-09,2019-09,2020-08,12,4663657763,1024,7,4420015609,4382915208,0.008464777263379812,181333950,179811883,0.008464774266337002,1577.451344,2160.734812,1491.027454,0.05796264164563136,7,36,7
high-volume-for-hire,8,high-volume-for-hire-2019-10,2019-10,2020-09,12,4462402560,1024,8,4222997939,4188825576,0.008157981844789997,173251178,171849231,0.008158005664860963,1555.786027,2423.90172,1566.204567,0.0,7,35,7
high-volume-for-hire,9,high-volume-for-hire-2019-11,2019-11,2020-10,12,4258210326,1024,9,4020919130,3996412224,0.006132226764002611,164960767,163955352,0.006132248735619195,1168.414881,2294.477188,1330.64503,0.0,6,34,6
high-volume-for-hire,10,high-volume-for-hire-2019-12,2019-12,2020-11,12,3999054814,1024,10,3758319982,3751718808,0.0017595065989284557,154187467,153916649,0.0017595107596189935,1198.21804,2275.104779,1213.147177,0.0,5,32,5
high-volume-for-hire,11,high-volume-for-hire-2020-01,2020-01,2020-12,12,3725669966,1024,11,3497259925,3493178664,0.0011683516340176524,143477311,143309871,0.0011683772990068492,1192.309495,2287.655677,1205.25632,0.0,5,30,5
high-volume-for-hire,12,high-volume-for-hire-2020-02,2020-02,2021-01,12,3503318970,1024,12,3287932179,3282069000,0.001786427707644172,134889508,134648971,0.001786400580810974,926.362242,2208.406761,858.071926,0.07958577122822685,4,28,4
high-volume-for-hire,13,high-volume-for-hire-2020-03,2020-03,2021-02,12,3247077303,1024,13,3046250065,3035609592,0.0035052178738800084,124974345,124537813,0.0035052165240769084,1002.821401,2122.744536,954.07977,0.051087584636659855,4,26,4
high-volume-for-hire,14,high-volume-for-hire-2020-04,2020-04,2021-03,12,3268969704,1024,14,3064977662,3055949712,0.0029542207335903964,125742653,125372278,0.0029542017255202143,978.167272,2296.723276,966.61171,0.011954709301007727,4,26,4
high-volume-for-hire,15,high-volume-for-hire-2020-05,2020-05,2021-04,12,3522550739,1024,15,3300086198,3294787296,0.0016082683111086028,135388138,135170740,0.0016083214458987203,943.417922,2187.822278,1014.799103,0.0,4,28,4
high-volume-for-hire,16,high-volume-for-hire-2020-06,2020-06,2021-05,12,3749257448,1024,16,3506835451,3505123200,0.000488499519788634,143870150,143799912,0.0004884425798535954,836.334784,2256.19591,1007.174763,0.0,4,30,4
high-volume-for-hire,17,high-volume-for-hire-2020-07,2020-07,2021-06,12,3945399417,1024,17,3690295141,3685661640,0.0012571693911652725,151396700,151206611,0.001257147414010886,1159.596799,2230.97545,1256.710697,0.0,5,31,5
high-volume-for-hire,18,high-volume-for-hire-2020-08,2020-08,2021-07,12,4081113782,1024,18,3815370589,3809211528,0.0016168860549557803,156528009,156275331,0.0016168770744756894,1158.435482,2191.590413,1258.360068,0.0,5,32,5
high-volume-for-hire,19,high-volume-for-hire-2020-09,2020-09,2021-08,12,4172992841,1024,19,3901224367,3892156200,0.0023298569055373473,160050209,159678175,0.0023298988731553327,1191.010607,2394.690182,1215.547482,0.0,5,33,5
high-volume-for-hire,20,high-volume-for-hire-2020-10,2020-10,2021-09,12,4251991241,1024,20,3972069581,3959903448,0.0030723307170897464,162956679,162457561,0.003072297755350396,1089.738673,2244.8059,1263.282013,0.0,5,33,5
high-volume-for-hire,21,high-volume-for-hire-2020-11,2020-11,2021-10,12,4336929021,1024,21,4047983199,4039779120,0.0020308236555269883,166071091,165734506,0.002030868574827743,1171.905382,2080.509284,1094.790229,0.0704382912427326,5,34,5
high-volume-for-hire,22,high-volume-for-hire-2020-12,2020-12,2021-11,12,4446134327,1024,22,4146915642,4148120448,0.00029044624308845527,170129843,170179280,0.0002904995249715477,1313.439093,2337.705385,1314.117617,0.0,6,35,6
high-volume-for-hire,23,high-volume-for-hire-2021-01,2021-01,2021-12,12,4553804415,1024,23,4248573664,4255793952,0.001696578377956208,174300437,174596652,0.0016965674691173346,1276.101725,2416.414609,1351.559206,0.0,6,36,6
high-volume-for-hire,24,high-volume-for-hire-2021-02,2021-02,2022-01,12,4619498666,1024,24,4309864585,4325095080,0.003521424319763162,176814936,177439775,0.0035214145193770675,1266.144461,2404.89734,1250.802514,0.012265682894206265,6,36,6
high-volume-for-hire,25,high-volume-for-hire-2021-03,2021-03,2022-02,12,4724019739,1024,25,4413022992,4432475424,0.004388615872447531,181047073,181845116,0.004388586383590308,1111.798322,2229.703769,1277.418098,0.0,6,37,6
high-volume-for-hire,26,high-volume-for-hire-2021-04,2021-04,2022-03,12,4826882540,1024,26,4511001275,4535487720,0.005398855980145835,185066695,186071271,0.0053988775086079785,1370.24374,2360.224119,1298.389556,0.055341005839082635,6,37,6
high-volume-for-hire,27,high-volume-for-hire-2021-05,2021-05,2022-04,12,4914015533,1024,27,4600842200,4624241976,0.005060240385655805,188752476,189712461,0.005060210567823481,1302.599528,2389.657483,1274.45866,0.022080644028108276,6,38,6
high-volume-for-hire,28,high-volume-for-hire-2021-06,2021-06,2022-05,12,4995329804,1024,28,4687041506,4708047000,0.00446161518778381,192288851,193150625,0.004461668192893499,1305.070503,2476.062653,1223.395888,0.06676057668750301,6,39,6
high-volume-for-hire,29,high-volume-for-hire-2021-07,2021-07,2022-06,12,5059408173,1024,29,4753975977,4776740352,0.004765671424964235,195034891,195968808,0.004765641070797348,1283.302982,2514.567242,1116.750347,0.14914043720462788,6,39,6
high-volume-for-hire,30,high-volume-for-hire-2021-08,2021-08,2022-07,12,5107171666,1024,30,4806007925,4836152760,0.006233226387993583,197169524,198406253,0.00623331664854333,1224.178481,2572.906637,1390.455716,0.0,6,40,6
high-volume-for-hire,31,high-volume-for-hire-2021-09,2021-09,2022-08,12,5161380763,1024,31,4864548322,4901624160,0.007563990381506525,199571191,201092244,0.007563956569105669,1180.92306,2295.094202,1313.482031,0.0,6,40,6
high-volume-for-hire,32,high-volume-for-hire-2021-10,2021-10,2022-09,12,5225702794,1024,32,4933744136,4972494048,0.007792852364616847,202409988,203999740,0.007792911892926922,1192.118199,2434.201013,1429.791264,0.0,6,41,6
high-volume-for-hire,33,high-volume-for-hire-2021-11,2021-11,2022-10,12,5290670390,1024,33,5009913878,5039787120,0.005927480921059222,205534914,206760474,0.0059274385296679095,1232.106189,2234.672486,1232.312246,0.0,6,41,6
high-volume-for-hire,34,high-volume-for-hire-2021-12,2021-12,2022-11,12,5343907147,1024,34,5074964546,5089615944,0.0028786843960735596,208203643,208804731,0.002878708720445611,1322.370456,2567.297706,1258.622849,0.0506486967487112,6,42,6
high-volume-for-hire,35,high-volume-for-hire-2022-01,2022-01,2022-12,12,5436647219,1024,35,5173217269,5177642568,0.0008546937997130589,212234538,212416083,0.0008546669227489709,1345.173198,2575.494015,1268.829526,0.06016858091305166,6,43,6
high-volume-for-hire,36,high-volume-for-hire-2022-02,2022-02,2023-01,12,5535844667,1024,36,5272114199,5268498888,0.0006862127290630264,216291842,216143523,0.0006862060816876757,1190.935291,2618.413469,1256.895313,0.0,6,44,6
high-volume-for-hire,37,high-volume-for-hire-2022-03,2022-03,2023-02,12,5587585966,1024,37,5317741414,5315827464,0.0003600474268515499,218163729,218085211,0.0003600335833868166,1562.952361,2434.68857,1387.39454,0.12653777706232017,6,44,6
high-volume-for-hire,38,high-volume-for-hire-2022-04,2022-04,2023-03,12,5638837120,1024,38,5366517466,5363602416,0.0005434873381561994,220164798,220045202,0.0005435065109940457,1348.756548,2440.976034,1257.586553,0.07249600020174518,6,44,6
high-volume-for-hire,39,high-volume-for-hire-2022-05,2022-05,2023-04,12,5675114562,1024,39,5399099009,5397540864,0.0002886768325168904,221501479,221437544,0.00028872701008641967,1306.560964,2253.074332,1402.841028,0.0,6,45,6
high-volume-for-hire,40,high-volume-for-hire-2022-06,2022-06,2023-05,12,5719657238,1024,40,5441475302,5438743032,0.0005023715928338789,223239994,223127885,0.0005024428031485173,1306.77367,2048.566125,1290.709118,0.012446299306301256,6,45,6
high-volume-for-hire,41,high-volume-for-hire-2022-07,2022-07,2023-06,12,5760263957,1024,41,5479102343,5477414904,0.0003080721525710443,224783660,224714429,0.0003080843553664282,1372.281503,2010.475195,1396.100902,0.0,6,46,6
high-volume-for-hire,42,high-volume-for-hire-2022-08,2022-08,2023-07,12,5808844409,1024,42,5524729894,5518060536,0.0012086416878700223,226655555,226381941,0.00120863881099067,1295.892213,1837.16129,1285.221664,0.008302496992456776,6,46,6
high-volume-for-hire,43,high-volume-for-hire-2022-09,2022-09,2023-08,12,5822572037,1024,43,5536663440,5545761888,0.0016406128109624314,227145138,227518404,0.0016405969514448598,1302.833393,1864.864471,1204.349203,0.08177378268252977,6,46,6
high-volume-for-hire,44,high-volume-for-hire-2022-10,2022-10,2023-09,12,5842630063,1024,44,5556863068,5595915072,0.006978662738361159,227973839,229575976,0.00697867881437211,1171.726199,1986.962219,1250.472181,0.0,6,47,6
high-volume-for-hire,45,high-volume-for-hire-2022-11,2022-11,2023-10,12,5833372809,1024,45,5549660189,5617370880,0.01205380460832239,227678348,230456216,0.012053777711945076,1107.39334,2248.690591,1112.152023,0.0,6,47,6
high-volume-for-hire,46,high-volume-for-hire-2022-12,2022-12,2023-11,12,5834000602,1024,46,5556647129,5646215280,0.015863396374075203,227964978,231639570,0.015863403649039758,1105.019469,2337.859343,1081.025205,0.02219584140038644,6,47,6
high-volume-for-hire,47,high-volume-for-hire-2023-01,2023-01,2023-12,12,5820780048,1024,47,5574987711,5666944992,0.016226958463478235,228717418,232490020,0.016226941698400645,977.615105,2428.328497,1033.750386,0.0,6,47,6
high-volume-for-hire,48,high-volume-for-hire-2023-02,2023-02,2024-01,12,5819720959,1024,48,5604224540,5695826856,0.01608235613824986,229916879,233674919,0.016082342153288604,906.351078,2378.523661,941.533128,0.0,6,47,6
high-volume-for-hire,49,high-volume-for-hire-2023-03,2023-03,2024-02,12,5823300804,1024,49,5635859888,5729907456,0.016413453222794947,231214733,235073096,0.016413460602909657,945.892009,2590.931706,912.078917,0.037072550817442096,6,47,6
high-volume-for-hire,50,high-volume-for-hire-2023-04,2023-04,2024-03,12,5808756494,1024,50,5655239204,5751046680,0.016659137254646662,232009783,235940345,0.016659134748658606,936.837815,2411.048462,904.651073,0.035579178492832986,6,47,6
high-volume-for-hire,51,high-volume-for-hire-2023-05,2023-05,2024-04,12,5793045662,1024,51,5669719441,5765382336,0.01659263678016028,232603846,236528480,0.01659264880068565,945.674426,2700.216589,929.765461,0.0171107291756023,6,47,6
high-volume-for-hire,52,high-volume-for-hire-2023-06,2023-06,2024-05,12,5778513211,1024,52,5685838161,5786268240,0.01735662344613322,233265125,237385342,0.017356661389817406,914.556234,2941.186184,911.596581,0.0032466697020225865,6,47,6
high-volume-for-hire,53,high-volume-for-hire-2023-07,2023-07,2024-06,12,5764131088,1024,53,5706864626,5804710584,0.016856302581165862,234127748,238141949,0.01685633722599625,938.030678,3173.915818,962.095529,0.0,6,47,6
high-volume-for-hire,54,high-volume-for-hire-2023-08,2023-08,2024-07,12,5740257753,1024,54,5712846503,5805948864,0.016035683947766853,234373164,238192752,0.016035702043528176,887.148153,3039.843393,903.957897,0.0,6,46,6
high-volume-for-hire,55,high-volume-for-hire-2023-09,2023-09,2024-08,12,5755985687,1024,55,5763710483,5825601072,0.010623897557536016,236459896,238998994,0.010623885722297225,960.639484,3215.939167,920.766276,0.04330437488785699,6,46,6
high-volume-for-hire,56,high-volume-for-hire-2023-10,2023-10,2024-09,12,5744387966,1024,56,5784828470,5809968648,0.004327076361875748,237326273,238357659,0.004327052062547737,970.298678,3328.526242,916.332343,0.058893845024959424,6,46,6
high-volume-for-hire,57,high-volume-for-hire-2023-11,2023-11,2024-10,12,5743664098,1008,57,5809236516,5806116168,0.0005374243142425531,238327623,238199611,0.0005374148155095013,920.988745,3417.243716,931.350903,0.0,6,46,6
high-volume-for-hire,58,high-volume-for-hire-2023-12,2023-12,2024-11,12,5758966142,1008,58,5821584594,5823624144,0.0003502200604929699,238834213,238917894,0.00035025003192100797,935.243211,3338.083553,926.345107,0.009605603713735533,6,46,6
high-volume-for-hire,59,high-volume-for-hire-2024-01,2024-01,2024-12,12,5776046623,1008,59,5840896394,5837092800,0.0006516247266104797,239626499,239470448,0.0006516503447640437,932.970339,3299.993908,1021.617894,0.0,6,46,6
high-volume-for-hire,60,high-volume-for-hire-2024-02,2024-02,2025-01,12,5794365718,1008,60,5857369077,5855172480,0.00037515496042227604,240302294,240212184,0.00037512668383215734,921.105159,3479.892122,928.152647,0.0,6,46,6
high-volume-for-hire,61,high-volume-for-hire-2024-03,2024-03,2025-02,12,5793522544,1008,61,5854753421,5854692696,1.0372021752992789e-05,240194986,240192497,1.036252185679222e-05,914.92726,3232.403336,938.735663,0.0,6,46,6
high-volume-for-hire,62,high-volume-for-hire-2024-04,2024-04,2025-03,12,5787365751,1008,62,5848531558,5836559904,0.002051148998195907,239939730,239448588,0.0020511375911725985,920.427258,2948.792296,938.155966,0.0,6,46,6
high-volume-for-hire,63,high-volume-for-hire-2024-05,2024-05,2025-04,12,5798469694,1008,63,5859692080,5837070456,0.0038755098418842863,240397600,239469533,0.0038755117963169034,945.917418,3127.146515,911.24166,0.03805330629857284,6,46,6
high-volume-for-hire,64,high-volume-for-hire-2024-06,2024-06,2025-05,12,5817280320,1008,64,5878327551,5846494944,0.005444733520665814,241162136,239856188,0.005444712562512667,945.920283,3091.971315,936.477613,0.010083177503571683,6,46,6
high-volume-for-hire,65,high-volume-for-hire-2024-07,2024-07,2025-06,12,5823682079,1008,65,5873184930,5840273928,0.005635181227067951,240951153,239600971,0.005635127413569622,911.765093,3131.717846,908.48282,0.003612916972937308,6,46,6
high-volume-for-hire,66,high-volume-for-hire-2024-08,2024-08,2025-07,12,5842467537,1024,66,5881361195,5851732248,0.005063277973821607,241286589,240071049,0.0050632510878060935,902.745731,3358.307837,944.926318,0.0,6,47,6
high-volume-for-hire,67,high-volume-for-hire-2024-09,2024-09,2025-08,12,5856050498,1024,67,5885459827,5855219472,0.005164683432382191,241454747,240214118,0.0051646797878882374,938.884681,3335.187003,1031.071863,0.0,6,47,6
high-volume-for-hire,68,high-volume-for-hire-2024-10,2024-10,2025-09,12,5870431721,1024,68,5887156761,5860700232,0.0045142266201476655,241524369,240438971,0.004514234924088076,951.893015,3334.112897,920.935732,0.033615030804342805,6,48,6
high-volume-for-hire,69,high-volume-for-hire-2024-11,2024-11,2025-10,12,5903815425,1024,69,5913177419,5891910672,0.003609482251838186,242591876,241719390,0.003609499428241979,925.659507,3235.366802,933.23567,0.0,6,48,6
high-volume-for-hire,70,high-volume-for-hire-2024-12,2024-12,2025-11,12,5931073034,1024,70,5930231362,5912159064,0.003056801720719062,243291529,242550097,0.0030568200514881675,935.704701,3192.039026,965.836945,0.0,6,48,6
high-volume-for-hire,71,high-volume-for-hire-2025-01,2025-01,2025-12,12,5959293712,1024,71,5949414915,5937499104,0.0020068737344267566,244078548,243589684,0.002006915859376048,910.54848,3233.467363,936.676651,0.0,6,48,6
high-volume-for-hire,72,high-volume-for-hire-2025-02,2025-02,2026-01,12,5974085798,1024,72,5962039348,5950532712,0.0019337152750703171,244596464,244124391,0.0019337395909776176,947.81909,3187.468415,916.893911,0.03372819759078971,6,48,6
high-volume-for-hire,73,high-volume-for-hire-2025-03,2025-03,2026-02,12,5989233581,1024,73,5970134139,5963603328,0.0010951115694326744,244928561,244660616,0.0010951701355971408,968.519933,2772.385717,920.794825,0.05183033907689483,6,48,6
high-volume-for-hire,74,high-volume-for-hire-2025-04,2025-04,2026-03,12,6020065435,1024,74,5998048570,6000689256,0.000440063780566477,246073764,246182095,0.0004400441876164877,969.554838,3188.182349,987.345,0.0,6,48,6
high-volume-for-hire,75,high-volume-for-hire-2025-05,2025-05,2026-04,12,6042711416,1024,75,6023262349,6030962328,0.001276741352578384,247108170,247424065,0.0012767351470035868,960.845014,3215.09879,1024.411915,0.0,6,48,6
high-volume-for-hire,76,high-volume-for-hire-2025-06,2025-06,2026-05,12,6062901356,1024,76,6043387305,6056179392,0.0021122371336783547,247933810,248458616,0.002112247135756403,1156.441572,3364.328626,1093.062791,0.05798274492723077,7,48,7
fre-crt-stacr-dnhq,0,fre-crt-stacr-dnhq-2013-07,2013-07,2014-06,2,217873310,128,0,,143866032,,,3941530,,307.494651,320.945896,308.738291,0.0,2,2,1
fre-crt-stacr-dnhq,1,fre-crt-stacr-dnhq-2013-08,2013-08,2014-07,2,217873310,1024,1,143866032,153210028,0.060988148895841206,3941530,4197530,0.060988247850521614,305.791807,300.643944,299.134633,0.02225477516005303,1,2,1
fre-crt-stacr-dnhq,2,fre-crt-stacr-dnhq-2013-09,2013-09,2014-08,2,217873310,1024,2,153210028,198818828,0.22939879718031533,4197530,5447090,0.2293995509528941,319.825066,313.579423,301.949322,0.05920113971973073,1,2,1
fre-crt-stacr-dnhq,3,fre-crt-stacr-dnhq-2013-10,2013-10,2014-09,2,217873310,1024,3,153210028,217506828,0.29560819120584114,4197530,5959090,0.295608893304179,300.930482,310.003459,283.91418,0.05993466758159105,1,2,1
fre-crt-stacr-dnhq,4,fre-crt-stacr-dnhq-2013-11,2013-11,2014-10,2,217873310,1024,4,198818828,254376524,0.21840732441174485,5447090,6969218,0.21840728758951147,276.179711,255.734205,264.837751,0.07994826503556696,1,2,1
fre-crt-stacr-dnhq,5,fre-crt-stacr-dnhq-2013-12,2013-12,2014-11,2,217873310,1024,5,217506828,276221320,0.21256321561275573,5959090,7567705,0.21256312184473364,261.764491,289.23789,264.544401,0.0,1,2,1
fre-crt-stacr-dnhq,6,fre-crt-stacr-dnhq-2014-01,2014-01,2014-12,1,194354170,1024,6,194027249,257666404,0.24698274207296345,5315814,7059352,0.2469827258932548,260.28721,255.477738,271.273507,0.018825405444915955,1,2,1
fre-crt-stacr-dnhq,7,fre-crt-stacr-dnhq-2014-02,2014-02,2015-01,2,671781468,880,7,784333954,357825732,1.191943965617319,21488596,9619352,1.2338922621814858,299.781834,534.955246,316.702647,0.0,1,7,1
fre-crt-stacr-dnhq,8,fre-crt-stacr-dnhq-2014-03,2014-03,2015-02,2,671781468,1024,8,670651473,376513732,0.7812138469361325,18374009,10131352,0.8135791748228667,311.093278,571.746097,293.853488,0.05866797810478941,1,7,1
fre-crt-stacr-dnhq,9,fre-crt-stacr-dnhq-2014-04,2014-04,2015-03,2,671781468,1024,9,472401404,421369108,0.12111067240363525,12942489,10899352,0.18745490557603792,339.392313,553.290324,288.691405,0.17562319875785715,1,7,1
fre-crt-stacr-dnhq,10,fre-crt-stacr-dnhq-2014-05,2014-05,2015-04,2,671781468,1024,10,421369108,496953780,0.15209597963013785,10899352,11923352,0.0858818895894376,299.343984,641.129441,293.420089,0.020189125496448135,1,7,1
fre-crt-stacr-dnhq,11,fre-crt-stacr-dnhq-2014-06,2014-06,2015-05,2,671781468,1024,11,496953780,561849780,0.11550418334238735,11923352,12691352,0.06051364740336569,308.554062,628.405733,293.856259,0.0500169812615765,1,7,1
fre-crt-stacr-dnhq,12,fre-crt-stacr-dnhq-2014-07,2014-07,2015-06,2,671781468,1024,12,496953780,700857780,0.2909349169242296,11923352,14227352,0.16194158969286765,315.161366,641.424636,305.555706,0.031436689976262366,1,7,1
fre-crt-stacr-dnhq,13,fre-crt-stacr-dnhq-2014-08,2014-08,2015-07,2,671781468,1024,13,561849780,784313780,0.28364158028691017,12691352,15251352,0.16785397124136928,309.048874,635.056518,314.504548,0.0,1,7,1
fre-crt-stacr-dnhq,14,fre-crt-stacr-dnhq-2014-09,2014-09,2015-08,2,671781468,976,14,700857780,862038388,0.18697613730863225,14227352,15942064,0.10755897103411453,306.031402,667.114819,311.040913,0.0,1,7,1
fre-crt-stacr-dnhq,15,fre-crt-stacr-dnhq-2014-10,2014-10,2015-09,2,671781468,976,15,700857780,1009453748,0.30570590144562027,14227352,17721144,0.19715386320431683,313.273447,640.343083,315.965296,0.0,1,7,1
fre-crt-stacr-dnhq,16,fre-crt-stacr-dnhq-2014-11,2014-11,2015-10,2,671781468,880,16,784313780,1037101748,0.24374461665645558,15251352,17721144,0.13936978335032998,322.86297,691.474921,312.267212,0.03393170205778784,1,7,1
fre-crt-stacr-dnhq,17,fre-crt-stacr-dnhq-2014-12,2014-12,2015-11,2,671781468,800,17,862038388,1133314248,0.2393650838491885,15942064,18666858,0.14596961095434485,347.792399,634.833911,370.490114,0.0,1,7,1
fre-crt-stacr-dnhq,18,fre-crt-stacr-dnhq-2015-01,2015-01,2015-12,1,477427298,688,18,717407071,1097176072,0.34613314188280986,12594212,17205414,0.2680087790970912,337.108415,487.934947,341.493741,0.0,1,5,1
fre-crt-stacr-dnhq,19,fre-crt-stacr-dnhq-2015-02,2015-02,2016-01,2,1305942088,656,19,2016124122,1412696332,0.42714614339354,34449875,21557414,0.598052298851801,375.109671,1079.370583,335.685812,0.11744273243219472,3,13,2
fre-crt-stacr-dnhq,20,fre-crt-stacr-dnhq-2015-03,2015-03,2016-02,2,1305942088,688,20,1962376455,1551704332,0.26465874621274177,34449875,23093414,0.4917618936723691,358.314021,985.229298,320.716559,0.11722956281780261,3,13,2
fre-crt-stacr-dnhq,21,fre-crt-stacr-dnhq-2015-04,2015-04,2016-03,2,1305942088,864,21,1551704332,1625688328,0.045509335784564973,29648604,23605414,0.2560086427630543,332.675166,978.222838,378.60471,0.0,2,13,2
fre-crt-stacr-dnhq,22,fre-crt-stacr-dnhq-2015-05,2015-05,2016-04,2,1305942088,816,22,1625688328,1811032328,0.10234162976244784,23605414,25653414,0.07983342879820986,316.340943,970.590729,383.423673,0.0,2,13,2
fre-crt-stacr-dnhq,23,fre-crt-stacr-dnhq-2015-06,2015-06,2016-05,2,1305942088,800,23,1675801233,1863964392,0.10094782915788662,25653414,26165414,0.01956781574333202,302.839784,897.911227,384.293217,0.0,2,13,2
fre-crt-stacr-dnhq,24,fre-crt-stacr-dnhq-2015-07,2015-07,2016-06,2,1305942088,736,24,1811032328,1983743832,0.08706341071562308,25653414,27445414,0.06529323988335538,324.706161,953.8768,402.921592,0.0,2,13,2
fre-crt-stacr-dnhq,25,fre-crt-stacr-dnhq-2015-08,2015-08,2016-07,2,1305942088,720,25,1863964392,2002303836,0.06909013582891622,26165414,27701414,0.05544843306554676,348.499868,988.773423,391.63005,0.0,3,13,2
fre-crt-stacr-dnhq,26,fre-crt-stacr-dnhq-2015-09,2015-09,2016-08,2,1305942088,672,26,1983743832,2132669308,0.06983055246369213,27445414,29416126,0.06699427382110071,376.206467,1027.79228,403.081836,0.0,3,13,2
fre-crt-stacr-dnhq,27,fre-crt-stacr-dnhq-2015-10,2015-10,2016-09,2,1305942088,672,27,1983743832,2180447540,0.09021253866075586,27445414,30075133,0.0874383165653831,372.266607,992.852948,421.934969,0.0,3,13,2
fre-crt-stacr-dnhq,28,fre-crt-stacr-dnhq-2015-11,2015-11,2016-10,2,1305942088,672,28,2002303836,2291807544,0.12632112533093223,27701414,31611133,0.12368171049104756,385.140738,1117.48269,392.924084,0.0,3,13,2
fre-crt-stacr-dnhq,29,fre-crt-stacr-dnhq-2015-12,2015-12,2016-11,2,1305942088,624,29,2132669308,2257756188,0.055403183330794616,29416126,31141458,0.055403057878664515,403.996385,1054.057241,421.5877,0.0,3,13,2
fre-crt-stacr-dnhq,30,fre-crt-stacr-dnhq-2016-01,2016-01,2016-12,1,828514790,608,30,1383317876,2028970612,0.31821689884584686,19080243,27985797,0.3182169155304028,394.970323,737.116114,382.857414,0.03163817274281655,2,9,1
fre-crt-stacr-dnhq,31,fre-crt-stacr-dnhq-2016-02,2016-02,2017-01,2,2047827760,592,31,3540352853,2567210616,0.3790659912883439,48832443,35409797,0.37906588394166735,446.916417,1383.147577,441.569368,0.012109193679394892,4,20,3
fre-crt-stacr-dnhq,32,fre-crt-stacr-dnhq-2016-03,2016-03,2017-02,2,2047827760,608,32,3419126348,2604330616,0.31286186438626884,47160355,35921797,0.312861798088776,438.999064,1476.060258,422.232646,0.039708957037869475,4,20,3
fre-crt-stacr-dnhq,33,fre-crt-stacr-dnhq-2016-04,2016-04,2017-03,2,2047827760,672,33,3139781937,2672055176,0.17504382589141565,43438162,36855927,0.17859366283203243,492.572979,1262.709757,451.335709,0.0913671778627203,4,20,3
fre-crt-stacr-dnhq,34,fre-crt-stacr-dnhq-2016-05,2016-05,2017-04,2,2047827760,784,34,2672055176,2801975172,0.04636729022379789,36855927,38647927,0.04636729933794379,437.244923,1502.730866,463.732184,0.0,3,20,3
fre-crt-stacr-dnhq,35,fre-crt-stacr-dnhq-2016-06,2016-06,2017-05,2,2047827760,752,35,2801975172,2931895432,0.0443127195404014,38647927,40439927,0.044312641810654106,461.098218,1325.548526,455.057237,0.013275211355445293,3,20,3
fre-crt-stacr-dnhq,36,fre-crt-stacr-dnhq-2016-07,2016-07,2017-06,2,2047827760,752,36,2801975172,2969015172,0.05626107996190462,38647927,40951927,0.05626108876390603,426.656585,1360.291744,491.123474,0.0,3,20,3
fre-crt-stacr-dnhq,37,fre-crt-stacr-dnhq-2016-08,2016-08,2017-07,2,2047827760,720,37,2931895432,3080375436,0.048201917943095814,40439927,42487927,0.04820192804417123,435.381025,1331.769923,472.430497,0.0,4,20,3
fre-crt-stacr-dnhq,38,fre-crt-stacr-dnhq-2016-09,2016-09,2017-08,2,2047827760,704,38,2969015172,3130452040,0.05156982631811858,40951927,43178639,0.05156975883376037,429.031353,1522.580289,506.921289,0.0,4,20,3
fre-crt-stacr-dnhq,39,fre-crt-stacr-dnhq-2016-10,2016-10,2017-09,2,2047827760,704,39,2969015172,3235090700,0.0822466980601193,40951927,44621927,0.08224656008244556,493.513435,1422.072164,432.396087,0.1413457471922035,4,20,3
fre-crt-stacr-dnhq,40,fre-crt-stacr-dnhq-2016-11,2016-11,2017-10,2,2047827760,688,40,3080375436,3300599756,0.06672251599112097,42487927,45525503,0.06672251375234668,484.257554,1384.128966,486.038783,0.0,4,20,3
fre-crt-stacr-dnhq,41,fre-crt-stacr-dnhq-2016-12,2016-12,2017-11,2,2047827760,672,41,3130452040,3296181748,0.05027929910131885,43178639,45464572,0.05027943516107443,500.216398,1371.149253,472.3514,0.05899209359811364,4,20,3
fre-crt-stacr-dnhq,42,fre-crt-stacr-dnhq-2017-01,2017-01,2017-12,1,1219312970,656,42,1926230383,2932704012,0.3431896382593417,26568687,40451079,0.34318965879748226,366.65697,882.959128,442.148471,0.0,3,12,2
fre-crt-stacr-dnhq,43,fre-crt-stacr-dnhq-2017-02,2017-02,2018-01,2,2946452529,640,43,4742607380,3627629768,0.30735705772276595,65415269,50036262,0.3073572322408896,568.820666,1867.764121,535.341231,0.06253849519018262,6,28,4
fre-crt-stacr-dnhq,44,fre-crt-stacr-dnhq-2017-03,2017-03,2018-02,2,2946452529,656,44,4654708448,3720429508,0.25112125844369043,64202855,51316262,0.2511210383951972,585.107719,1882.800666,531.535762,0.10078711693532294,5,28,4
fre-crt-stacr-dnhq,45,fre-crt-stacr-dnhq-2017-04,2017-04,2018-03,2,2946452529,688,45,4432101259,3813229764,0.16229588388369665,61132417,52596262,0.1622958490852449,589.20467,1770.83114,563.213797,0.04614743661899312,5,28,4
fre-crt-stacr-dnhq,46,fre-crt-stacr-dnhq-2017-05,2017-05,2018-04,2,2946452529,784,46,3813229764,3943149768,0.03294828034540939,52596262,54388262,0.03294828579004786,513.474,1944.629819,596.842194,0.0,5,28,4
fre-crt-stacr-dnhq,47,fre-crt-stacr-dnhq-2017-06,2017-06,2018-05,2,2946452529,768,47,3943149768,3998829508,0.013924009485427654,54388262,55156262,0.01392407629073921,602.475196,1792.782756,559.596735,0.07662385842905262,5,28,4
fre-crt-stacr-dnhq,48,fre-crt-stacr-dnhq-2017-07,2017-07,2018-06,2,2946452529,768,48,3943149768,4128749508,0.04495301534771627,54388262,56948262,0.04495308390623053,534.611852,2018.434564,591.124328,0.0,5,28,4
fre-crt-stacr-dnhq,49,fre-crt-stacr-dnhq-2017-08,2017-08,2018-07,2,2946452529,752,49,3998829508,4221549764,0.05275793688357904,55156262,58228262,0.052757885852749646,590.115179,1998.594809,613.860721,0.0,5,28,4
fre-crt-stacr-dnhq,50,fre-crt-stacr-dnhq-2017-09,2017-09,2018-08,2,2946452529,736,50,4128749508,4294010128,0.038486313509691845,56948262,59227719,0.03848632090660118,568.729723,1833.761164,646.805258,0.0,5,28,4
fre-crt-stacr-dnhq,51,fre-crt-stacr-dnhq-2017-10,2017-10,2018-09,2,2946452529,736,51,4128749508,4450848724,0.07236804393354619,56948262,61391007,0.07236800986177014,626.681351,1882.073383,625.993316,0.0010991091796257457,5,28,4
fre-crt-stacr-dnhq,52,fre-crt-stacr-dnhq-2017-11,2017-11,2018-10,2,2946452529,720,52,4221549764,4513938320,0.0647746015280067,58228262,62261207,0.06477460355049011,644.46095,1845.494528,622.558005,0.0351821755147137,5,28,4
fre-crt-stacr-dnhq,53,fre-crt-stacr-dnhq-2017-12,2017-12,2018-11,2,2946452529,704,53,4294010128,4476799272,0.040830319363043356,59227719,61748946,0.040830283969543385,607.416943,1906.482764,652.433224,0.0,5,28,4
fre-crt-stacr-dnhq,54,fre-crt-stacr-dnhq-2018-01,2018-01,2018-12,1,1727139559,672,54,2608980402,3982630000,0.3449101719215694,35985931,54932819,0.3449101710946238,588.575775,1153.833173,470.782983,0.2502061379733431,3,17,2
fre-crt-stacr-dnhq,55,fre-crt-stacr-dnhq-2018-02,2018-02,2019-01,2,4008773626,672,55,6090875273,4882293076,0.2475439671864549,84012060,67341967,0.24754389784901887,719.426416,2660.992834,739.507843,0.0,7,39,5
fre-crt-stacr-dnhq,56,fre-crt-stacr-dnhq-2018-03,2018-03,2019-02,2,4008773626,672,56,6055568451,5030773076,0.20370534697518525,83525069,69389967,0.2037052705328423,733.106515,2635.943912,729.382395,0.005105853973895291,7,39,5
fre-crt-stacr-dnhq,57,fre-crt-stacr-dnhq-2018-04,2018-04,2019-03,2,4008773626,720,57,5743597492,5067893076,0.1333304404546202,79222020,69901967,0.1333303396169095,677.607805,2561.614307,747.382405,0.0,7,39,5
fre-crt-stacr-dnhq,58,fre-crt-stacr-dnhq-2018-05,2018-05,2019-04,2,4008773626,816,58,5067893076,5253493588,0.035328968978652155,69901967,72461967,0.03532887811339706,653.783079,2544.917814,753.381394,0.0,6,39,5
fre-crt-stacr-dnhq,59,fre-crt-stacr-dnhq-2018-06,2018-06,2019-05,2,4008773626,784,59,5253493588,5381329352,0.023755424661471267,72461967,74225222,0.023755469535678857,632.126634,2435.844237,785.931006,0.0,6,39,5
fre-crt-stacr-dnhq,60,fre-crt-stacr-dnhq-2018-07,2018-07,2019-06,2,4008773626,784,60,5253493588,5437009352,0.03375307124172848,72461967,74993222,0.033753117048364714,651.860042,2544.782488,763.079752,0.0,6,39,5
fre-crt-stacr-dnhq,61,fre-crt-stacr-dnhq-2018-08,2018-08,2019-07,2,4008773626,768,61,5381329352,5585058240,0.03647748675938606,74225222,77035277,0.036477508869086045,672.416829,2459.259542,722.139572,0.0,6,39,5
fre-crt-stacr-dnhq,62,fre-crt-stacr-dnhq-2018-09,2018-09,2019-08,2,4008773626,752,62,5437009352,5705895296,0.04712423380577925,74993222,78701989,0.04712418386274837,658.064557,2667.183156,692.817556,0.0,6,39,5
fre-crt-stacr-dnhq,63,fre-crt-stacr-dnhq-2018-10,2018-10,2019-09,2,4008773626,752,63,5437009352,5736293440,0.05217377582413218,74993222,79121277,0.05217376610339593,683.828436,2569.209914,743.644935,0.0,6,39,5
fre-crt-stacr-dnhq,64,fre-crt-stacr-dnhq-2018-11,2018-11,2019-10,2,4008773626,736,64,5585058240,5834602900,0.04276977615734569,77035277,80477271,0.042769765391274264,702.170569,2641.598832,757.836319,0.0,6,39,5
fre-crt-stacr-dnhq,65,fre-crt-stacr-dnhq-2018-12,2018-12,2019-11,2,4008773626,720,65,5705895296,5881451676,0.029849157941121883,78701989,81123447,0.0298490521488812,751.471835,2583.387156,682.995956,0.10025810313875438,7,39,5
fre-crt-stacr-dnhq,66,fre-crt-stacr-dnhq-2019-01,2019-01,2019-12,1,2281634067,720,66,3264869447,5152467492,0.36634836569678253,45032675,71068505,0.3663483564203299,572.675554,1611.82637,588.781055,0.0,4,23,3
fre-crt-stacr-dnhq,67,fre-crt-stacr-dnhq-2019-02,2019-02,2020-01,2,5431430924,704,67,7905221291,6349091084,0.24509495712252724,109037521,87573653,0.2450950401715,861.817991,3585.127958,693.988512,0.24183322360241033,9,58,6
fre-crt-stacr-dnhq,68,fre-crt-stacr-dnhq-2019-03,2019-03,2020-02,2,5431430924,720,68,7772023189,6497571084,0.1961428491545534,107200304,89621653,0.19614290086794092,794.620267,3341.838212,791.163443,0.004369291870832903,9,58,6
fre-crt-stacr-dnhq,69,fre-crt-stacr-dnhq-2019-04,2019-04,2020-03,2,5431430924,736,69,7567116746,6683171080,0.1322644079313319,104374012,92181653,0.1322644865133846,742.668294,3439.326456,785.1545,0.0,8,58,6
fre-crt-stacr-dnhq,70,fre-crt-stacr-dnhq-2019-05,2019-05,2020-04,2,5431430924,832,70,6683171080,6865291276,0.02652767212320097,92181653,94693653,0.026527649112871376,770.491836,3421.270056,859.175365,0.0,8,58,6
fre-crt-stacr-dnhq,71,fre-crt-stacr-dnhq-2019-06,2019-06,2020-05,2,5431430924,816,71,6865291276,6954611212,0.012843268052983433,94693653,95925653,0.012843279784605689,830.747452,3633.817736,833.720035,0.0,8,58,6
fre-crt-stacr-dnhq,72,fre-crt-stacr-dnhq-2019-07,2019-07,2020-06,2,5431430924,816,72,6865291276,7177331212,0.04347576094555743,94693653,98997653,0.043475778158094315,801.34904,3712.070537,917.963607,0.0,8,58,6
fre-crt-stacr-dnhq,73,fre-crt-stacr-dnhq-2019-08,2019-08,2020-07,2,5431430924,800,73,6954611212,7322331148,0.05021897105820432,95925653,100997653,0.05021898875214457,816.586649,3748.495216,901.446338,0.0,8,58,6
fre-crt-stacr-dnhq,74,fre-crt-stacr-dnhq-2019-09,2019-09,2020-08,2,5431430924,768,74,7177331212,7471412268,0.03936083908253154,98997653,103053945,0.03936086095491056,847.442829,3883.317551,949.677184,0.0,8,58,6
fre-crt-stacr-dnhq,75,fre-crt-stacr-dnhq-2019-10,2019-10,2020-09,2,5431430924,768,75,7177331212,7700365260,0.06792327770695906,98997653,106211917,0.06792330092300283,931.454089,3688.96585,944.044674,0.0,8,58,6
fre-crt-stacr-dnhq,76,fre-crt-stacr-dnhq-2019-11,2019-11,2020-10,2,5431430924,752,76,7322331148,7880926476,0.07087939846934312,100997653,108702421,0.07087945170972779,855.073215,3717.445385,990.493806,0.0,8,58,6
fre-crt-stacr-dnhq,77,fre-crt-stacr-dnhq-2019-12,2019-12,2020-11,2,5431430924,752,77,7471412268,7841623740,0.047211073149500536,103053945,108160315,0.04721112359926097,819.11838,3432.750483,940.333371,0.0,8,58,6
fre-crt-stacr-dnhq,78,fre-crt-stacr-dnhq-2020-01,2020-01,2020-12,1,3149796857,720,78,4465597857,7005900504,0.3625947364724379,61594443,96633094,0.3625947338496685,878.98727,2251.491166,669.312181,0.3132694950908117,5,34,4
fre-crt-stacr-dnhq,79,fre-crt-stacr-dnhq-2020-02,2020-02,2021-01,2,7168566630,704,79,10349611926,8442578772,0.22588277888797648,142753252,116449341,0.2258828669541376,1093.282303,4992.093245,1114.410545,0.0,11,78,8
fre-crt-stacr-dnhq,80,fre-crt-stacr-dnhq-2020-03,2020-03,2021-02,2,7168566630,720,80,10163174717,8628178772,0.17790497688589155,140181697,119009341,0.17790499318872793,1053.650016,5094.049668,1008.818738,0.044439378761816695,11,78,8
fre-crt-stacr-dnhq,81,fre-crt-stacr-dnhq-2020-04,2020-04,2021-03,2,7168566630,752,81,9664233874,8795218772,0.09880539922060282,133299754,121313341,0.09880539849281704,1067.71485,5059.830094,1016.191485,0.050702417566508284,11,78,8
fre-crt-stacr-dnhq,82,fre-crt-stacr-dnhq-2020-05,2020-05,2021-04,2,7168566630,832,82,8795218772,8962258516,0.01863813052276833,121313341,123617341,0.01863816177699535,1144.769563,4935.737216,1089.171442,0.05104625301036858,10,78,8
fre-crt-stacr-dnhq,83,fre-crt-stacr-dnhq-2020-06,2020-06,2021-05,2,7168566630,816,83,8962258516,9144378708,0.019916081542059424,123617341,126129341,0.019916063780908835,1044.96465,4963.001392,1036.875632,0.0078013387048139204,10,78,8
fre-crt-stacr-dnhq,84,fre-crt-stacr-dnhq-2020-07,2020-07,2021-06,2,7168566630,816,84,8962258516,9314898776,0.03785765884097247,123617341,128481341,0.03785763724243819,1066.694298,4837.648996,1109.072233,0.0,10,78,8
fre-crt-stacr-dnhq,85,fre-crt-stacr-dnhq-2020-08,2020-08,2021-07,2,7168566630,800,85,9144378708,9537619032,0.04123044993521188,126129341,131553341,0.04123042378680447,1072.940341,4769.633794,1046.403221,0.02536031949007156,10,78,8
fre-crt-stacr-dnhq,86,fre-crt-stacr-dnhq-2020-09,2020-09,2021-08,2,7168566630,784,86,9314898776,9649579640,0.0346834656519815,128481341,133097633,0.034683501847098966,1066.24084,4931.185006,1138.193742,0.0,10,78,8
fre-crt-stacr-dnhq,87,fre-crt-stacr-dnhq-2020-10,2020-10,2021-09,2,7168566630,784,87,9314898776,9895587672,0.0586815978239559,128481341,136490845,0.05868162073434303,1064.998911,4914.150307,1081.380573,0.0,10,78,8
fre-crt-stacr-dnhq,88,fre-crt-stacr-dnhq-2020-11,2020-11,2021-10,2,7168566630,768,88,9537619032,10122832620,0.05781124809312514,131553341,139625247,0.05781122091766112,1175.625099,4626.898745,1168.440599,0.006148793534004993,11,78,8
fre-crt-stacr-dnhq,89,fre-crt-stacr-dnhq-2020-12,2020-12,2021-11,2,7168566630,768,89,9649579640,10097457548,0.0443555128477575,133097633,139275251,0.04435546125851175,1141.062792,4484.320537,1259.001842,0.0,11,78,8
fre-crt-stacr-dnhq,90,fre-crt-stacr-dnhq-2021-01,2021-01,2021-12,1,4018769773,736,90,5547564900,9061931624,0.3878165130591367,76518126,124992143,0.38781651259471567,924.949055,2885.893031,782.094636,0.18265618049834065,6,43,5
fre-crt-stacr-dnhq,91,fre-crt-stacr-dnhq-2021-02,2021-02,2022-01,2,8761581347,720,91,12341336877,10755680704,0.14742499490620803,170225305,148354185,0.1474250288254423,1281.532466,6079.523136,1193.672988,0.07360431113315946,14,95,10
fre-crt-stacr-dnhq,92,fre-crt-stacr-dnhq-2021-03,2021-03,2022-02,2,8761581347,736,92,12094607031,10996959932,0.09981368539917673,166822142,151682185,0.09981367950362793,1246.642334,6130.958124,1234.413558,0.009906547056897974,13,95,10
fre-crt-stacr-dnhq,93,fre-crt-stacr-dnhq-2021-04,2021-04,2022-03,2,8761581347,768,93,11657089809,11173895740,0.04324311594122678,160787415,154122681,0.04324304480532622,1217.884105,6004.665977,1368.121021,0.0,13,95,10
fre-crt-stacr-dnhq,94,fre-crt-stacr-dnhq-2021-05,2021-05,2022-04,2,8761581347,800,94,11173895740,11360626848,0.016436690553996443,154122681,156698277,0.016436658075059753,1207.610302,5981.467496,1296.912031,0.0,12,95,10
fre-crt-stacr-dnhq,95,fre-crt-stacr-dnhq-2021-06,2021-06,2022-05,2,8761581347,784,95,11360626848,11560277516,0.017270404427893148,156698277,159452074,0.017270374294410244,1317.682841,5992.418912,1369.699992,0.0,13,95,10
fre-crt-stacr-dnhq,96,fre-crt-stacr-dnhq-2021-07,2021-07,2022-06,2,8761581347,784,96,11360626848,11730797328,0.03155544074710486,156698277,161804074,0.031555429191480064,1358.660008,5683.81068,1384.882206,0.0,13,95,10
fre-crt-stacr-dnhq,97,fre-crt-stacr-dnhq-2021-08,2021-08,2022-07,2,8761581347,784,97,11560277516,11910960960,0.029442078198197705,159452074,164289088,0.029442089300538328,1349.081495,5938.955863,1422.344341,0.0,13,95,10
fre-crt-stacr-dnhq,98,fre-crt-stacr-dnhq-2021-09,2021-09,2022-08,2,8761581347,768,98,11730797328,12025045152,0.0244695816340499,161804074,165862668,0.02446960517962969,1351.318177,5993.16302,1339.263512,0.009000965748703349,13,95,10
fre-crt-stacr-dnhq,99,fre-crt-stacr-dnhq-2021-10,2021-10,2022-09,2,8761581347,768,99,11730797328,12188081320,0.03751894822441175,161804074,168111436,0.03751893476182072,1525.855614,5724.776937,1363.767861,0.11885289104932206,13,95,10
fre-crt-stacr-dnhq,100,fre-crt-stacr-dnhq-2021-11,2021-11,2022-10,2,8761581347,752,100,11910960960,12224726412,0.025666460043801263,164289088,168616890,0.025666479793335056,1271.96321,5697.792533,1454.49565,0.0,13,95,10
fre-crt-stacr-dnhq,101,fre-crt-stacr-dnhq-2021-12,2021-12,2022-11,2,8761581347,752,101,12025045152,12196770948,0.01407961145881478,165862668,168231297,0.014079597805157502,1323.69616,5773.441346,1329.837018,0.0,13,95,10
fre-crt-stacr-dnhq,102,fre-crt-stacr-dnhq-2022-01,2022-01,2022-12,1,4742811574,736,102,6597641551,10798055428,0.3889972509409497,91001936,148938673,0.3889972686946123,1034.621811,3271.586302,940.874993,0.09963791013414669,8,52,6
fre-crt-stacr-dnhq,103,fre-crt-stacr-dnhq-2022-02,2022-02,2023-01,2,9683503801,736,103,13480155369,12767237448,0.05583963828538955,185933148,176099801,0.05583962584943523,1406.591157,6398.896325,1468.095051,0.0,15,105,11
fre-crt-stacr-dnhq,104,fre-crt-stacr-dnhq-2022-03,2022-03,2023-02,2,9683503801,736,104,13470551390,12841477448,0.04898766084723182,185800675,177123801,0.04898762306935814,1404.719298,6377.541493,1442.195373,0.0,15,105,11
fre-crt-stacr-dnhq,105,fre-crt-stacr-dnhq-2022-04,2022-04,2023-03,2,9683503801,752,105,13164271512,12900658072,0.020434107975635368,181576127,177940083,0.020434091851019312,1443.844915,6535.101697,1444.243621,0.0,15,105,11
fre-crt-stacr-dnhq,106,fre-crt-stacr-dnhq-2022-05,2022-05,2023-04,2,9683503801,768,106,12900658072,12965002264,0.004962914058153688,177940083,178827587,0.004962903178915007,1289.215815,6543.028557,1465.686252,0.0,14,105,11
fre-crt-stacr-dnhq,107,fre-crt-stacr-dnhq-2022-06,2022-06,2023-05,2,9683503801,768,107,12965002264,13049457652,0.006471946210504473,178827587,179992486,0.006471931278286806,1310.964539,6390.230141,1456.660034,0.0,14,105,11
fre-crt-stacr-dnhq,108,fre-crt-stacr-dnhq-2022-07,2022-07,2023-06,2,9683503801,768,108,12965002264,13120414920,0.011845102227910334,178827587,180971209,0.011845099625764228,1303.470212,6343.170748,1390.958327,0.0,14,105,11
fre-crt-stacr-dnhq,109,fre-crt-stacr-dnhq-2022-08,2022-08,2023-07,2,9683503801,752,109,13049457652,13148193068,0.007509428519140148,179992486,181354357,0.007509447374346788,1415.999115,6447.501481,1531.627811,0.0,15,105,11
fre-crt-stacr-dnhq,110,fre-crt-stacr-dnhq-2022-09,2022-09,2023-08,2,9683503801,752,110,13120414920,13233838308,0.008570709824332244,180971209,182535668,0.008570703014602056,1510.338156,6318.503603,1536.355351,0.0,15,105,11
fre-crt-stacr-dnhq,111,fre-crt-stacr-dnhq-2022-10,2022-10,2023-09,2,9683503801,752,111,13120414920,13200632400,0.006076790684664471,180971209,182077657,0.006076791728487587,1406.120251,6069.496748,1476.14156,0.0,15,105,11
fre-crt-stacr-dnhq,112,fre-crt-stacr-dnhq-2022-11,2022-11,2023-10,2,9683503801,752,112,13148193068,13168918012,0.0015737772823184617,181354357,181640223,0.0015738033970592515,1451.130712,5967.553036,1444.939925,0.004284459784720918,15,105,11
fre-crt-stacr-dnhq,113,fre-crt-stacr-dnhq-2022-12,2022-12,2023-11,2,9683503801,752,113,13168918012,12880695860,0.022376287363095927,181640223,177664750,0.02237626203284557,1428.633478,6145.895533,1363.177238,0.04801740975079283,15,105,11
fre-crt-stacr-dnhq,114,fre-crt-stacr-dnhq-2023-01,2023-01,2023-12,1,4940692227,752,114,6708437011,11285157932,0.40555222608115465,92530150,155657326,0.4055522320870397,1017.29409,3402.803687,918.343514,0.1077489789948034,8,54,6
fre-crt-stacr-dnhq,115,fre-crt-stacr-dnhq-2023-02,2023-02,2024-01,2,9710514169,752,115,13205650307,13356521268,0.011295677817057178,182146875,184227854,0.011295680619500675,1433.833454,6156.446647,1464.347673,0.0,15,106,11
fre-crt-stacr-dnhq,116,fre-crt-stacr-dnhq-2023-03,2023-03,2024-02,2,9710514169,752,116,13237453157,13358190656,0.009038462027472952,182585529,184250880,0.009038496858196824,1375.369444,6330.317896,1511.758389,0.0,15,106,11
fre-crt-stacr-dnhq,117,fre-crt-stacr-dnhq-2023-04,2023-04,2024-03,2,9710514169,752,117,13356521268,13299227104,0.004308082233047037,184227854,183437588,0.0043080919707688264,1400.660532,6319.997251,1478.756928,0.0,15,106,11
fre-crt-stacr-dnhq,118,fre-crt-stacr-dnhq-2023-05,2023-05,2024-04,2,9710514169,752,118,13299227104,13262050976,0.002803195981321193,183437588,182924812,0.0028032063796791,1392.084538,6654.603341,1462.657277,0.0,15,106,11
fre-crt-stacr-dnhq,119,fre-crt-stacr-dnhq-2023-06,2023-06,2024-05,2,9710514169,752,119,13299227104,13277130912,0.0016642294292684308,183437588,183132812,0.0016642348068133198,1384.542527,6448.326879,1465.693043,0.0,15,106,11
fre-crt-stacr-dnhq,120,fre-crt-stacr-dnhq-2023-07,2023-07,2024-06,2,9710514169,752,120,13277130912,13263783276,0.0010063219311002862,183132812,182948701,0.0010063531415836617,1451.76869,6655.826689,1503.831841,0.0,15,106,11
fre-crt-stacr-dnhq,121,fre-crt-stacr-dnhq-2023-08,2023-08,2024-07,2,9710514169,752,121,13270751687,13219811444,0.0038533259884822304,183044818,182342198,0.0038533044336780454,1470.02556,6593.723,1366.329667,0.07589375793009112,15,106,11
fre-crt-stacr-dnhq,122,fre-crt-stacr-dnhq-2023-09,2023-09,2024-08,2,9710514169,752,122,13263783276,13123794356,0.010666802313615893,182948701,181017822,0.01066678948330292,1414.128038,6317.712219,1515.036729,0.0,15,106,11
fre-crt-stacr-dnhq,123,fre-crt-stacr-dnhq-2023-10,2023-10,2024-09,2,9710514169,752,123,13262050976,13057202588,0.015688535627705006,182924812,180099315,0.015688549398424973,1385.814137,6689.865496,1379.044996,0.004908571525682026,15,106,11
fre-crt-stacr-dnhq,124,fre-crt-stacr-dnhq-2023-11,2023-11,2024-10,2,9710514169,752,124,13219811444,13016193804,0.01564340874652822,182342198,179533681,0.01564339896757311,1417.985675,6292.753104,1408.609682,0.00665620371619724,15,106,11
fre-crt-stacr-dnhq,125,fre-crt-stacr-dnhq-2023-12,2023-12,2024-11,2,9710514169,752,125,13123794356,12671745596,0.03567375596166443,181017822,174782663,0.03567378418991133,1432.421932,6126.383531,1391.36734,0.02950665206788594,15,106,11
fre-crt-stacr-dnhq,126,fre-crt-stacr-dnhq-2024-01,2024-01,2024-12,1,4769821942,768,126,6413721284,11044596304,0.41928875375217156,88465106,152339243,0.4192887908731436,1092.012576,3096.774282,1019.565437,0.07105688008919842,7,53,6
fre-crt-stacr-dnhq,127,fre-crt-stacr-dnhq-2024-02,2024-02,2025-01,2,7487003062,752,127,10118711205,10955251872,0.07635978403546101,139568406,151106892,0.0763597599505918,1258.870297,4565.877055,1261.546348,0.0,12,81,9
fre-crt-stacr-dnhq,128,fre-crt-stacr-dnhq-2024-03,2024-03,2025-02,2,7487003062,752,128,10226645497,10108263752,0.011711382677027718,141057153,139424306,0.011711351104017689,1161.215624,4658.420664,1150.371475,0.009426649769805895,12,81,9
fre-crt-stacr-dnhq,129,fre-crt-stacr-dnhq-2024-04,2024-04,2025-03,2,7487003062,752,129,10118711205,9365864008,0.08038203377253222,139568406,129184306,0.08038205507718561,1143.0889,4573.915935,1086.048785,0.052520766827247156,12,81,9
fre-crt-stacr-dnhq,130,fre-crt-stacr-dnhq-2024-05,2024-05,2025-04,2,7487003062,752,130,10108263752,8370387616,0.207621942462742,139424306,115453598,0.20762200932014263,1056.839475,4517.595233,1014.520544,0.04171323217679457,12,81,9
fre-crt-stacr-dnhq,131,fre-crt-stacr-dnhq-2024-06,2024-06,2025-05,2,7487003062,768,131,10035749001,7516627356,0.3351398873045317,138424104,103677598,0.3351399595503746,997.890004,4486.657391,939.39738,0.06226611362275669,11,81,9
fre-crt-stacr-dnhq,132,fre-crt-stacr-dnhq-2024-07,2024-07,2025-06,2,7487003062,816,132,9365864008,8723654648,0.0736170086865181,129184306,120326257,0.0736169246916739,1082.507695,5069.029054,940.850929,0.15056239159009221,11,81,9
fre-crt-stacr-dnhq,133,fre-crt-stacr-dnhq-2024-08,2024-08,2025-07,2,7487003062,880,133,8723654648,8562297256,0.018845105136583454,120326257,118100631,0.018845166034718308,1002.539074,4710.242481,997.008639,0.005547028163714884,10,81,9
fre-crt-stacr-dnhq,134,fre-crt-stacr-dnhq-2024-09,2024-09,2025-08,2,7487003062,880,134,8723654648,8467951176,0.030196616239913945,120326257,116799307,0.030196668889482366,1005.448412,4971.656199,958.475652,0.04900777594296146,10,81,9
fre-crt-stacr-dnhq,135,fre-crt-stacr-dnhq-2024-10,2024-10,2025-09,2,7487003062,896,135,8562297256,8492205056,0.008253710259913912,118100631,117133841,0.008253720630573363,995.84665,4750.342257,957.769177,0.0397564193068618,10,81,9
fre-crt-stacr-dnhq,136,fre-crt-stacr-dnhq-2024-11,2024-11,2025-10,2,7487003062,896,136,8492205056,8342901288,0.017895904895189264,117133841,115074478,0.01789591433123859,1129.844133,4831.892723,1135.939037,0.0,10,81,9
fre-crt-stacr-dnhq,137,fre-crt-stacr-dnhq-2024-12,2024-12,2025-11,2,7487003062,896,137,8492205056,7993248460,0.062422255294188614,117133841,110251675,0.062422326010013,1080.319584,4520.87026,1016.61228,0.06266627430469374,10,81,9
fre-crt-stacr-dnhq,138,fre-crt-stacr-dnhq-2025-01,2025-01,2025-12,1,2717181120,912,138,3073186543,6322445892,0.5139244217354861,42388773,87206141,0.5139244494261017,623.308775,1974.854465,628.561124,0.0,4,28,4
fre-crt-stacr-dnhq,139,fre-crt-stacr-dnhq-2025-02,2025-02,2026-01,2,3131775590,896,139,3552246510,7213631508,0.5075647396099291,48996494,99498350,0.507564758611575,731.978758,2457.805558,647.694857,0.13012902617505273,5,36,4
